-- point of location 1 2 3 of tour 2 
INSERT INTO POINT (id, longitude, latitude) VALUES 
("dinhdoclap_point" , 106.69532597137638, 10.77702321487456),
("chobenthanh_point" , 106.69798404050957, 10.772579421442781),
("baotangmythuat_point" ,  106.69918684361534, 10.769971148964832),
("hoiquantuethanh_point", 106.66115901196024, 10.753282384860036),
("chobinhtay_point", 106.65110697269914, 10.749369777108885),
("nhathoducba_point", 106.69900314560947, 10.77979838838446),
("baotanglichsu_point", 106.70423373542376, 10.787016499168526),
("nhahatlon_point", 106.70323031876632, 10.776734871783667),
("thaocamvien_point", 106.707318583769, 10.787492984812967),
("phodiboNH_point", 106.70362070226372, 10.774102280886174),
("phodiboBV_point", 106.69307866425368, 10.767160797402203),
("duongsachNVB_point", 106.7001365299423, 10.781022384043924),
("bennharong_point", 106.70689899773394, 10.768081255184208),
("benbachdang_point", 106.70696538955154, 10.775697976374769),
("baotangchiendichhcm_point", 106.70426576165795, 10.78695996758415);

INSERT INTO LOCATION (id, name, description, type, icon, point_id) 
VALUES 
("DinhDocLap", "Dinh Độc Lập", "Dinh Độc Lập là một tòa dinh thự tại Thành phố Hồ Chí Minh, từng là nơi ở và làm việc của Tổng thống Việt Nam Cộng hòa trước Sự kiện 30 tháng 4 năm 1975.", "point", "https://cdn-icons-png.flaticon.com/512/984/984038.png", "dinhdoclap_point"),
("ChoBenThanh", "Chợ Bến Thành", "Chợ Bến Thành là một ngôi chợ nằm tại quận 1, Thành phố Hồ Chí Minh. Chợ được khởi công xây dựng từ năm 1912, hình ảnh đồng hồ ở cửa nam của ngôi chợ này được xem là biểu tượng không chính thức của Thành phố Hồ Chí Minh.", "point" , "https://cdn-icons-png.flaticon.com/512/1198/1198352.png", "chobenthanh_point"),
("BaoTangMyThuat", "Bảo tàng mỹ thuật", "Bảo tàng Mỹ thuật Thành phố Hồ Chí Minh tọa lạc tại số 97 Phó Đức Chính, Quận 1, Thành phố Hồ Chí Minh, Việt Nam, được thành lập năm 1987 và đi vào hoạt động năm 1991. Tòa nhà bao gồm 3 tầng, trưng bày các tác phẩm hội họa, điêu khắc, cổ vật có giá trị mỹ thuật cao.", "point", "https://cdn-icons-png.flaticon.com/512/5389/5389807.png", "baotangmythuat_point"),
("HoiQuanTueThanh", "Hội quán Tuệ Thành", "Hội quán Tuệ Thành (chữ Hán: 穗城會館), thường được gọi là Miếu Thiên Hậu hay Chùa Bà Chợ Lớn, là một cơ sở tín ngưỡng thờ Thiên Hậu Thánh mẫu", "point", "https://cdn-icons-png.flaticon.com/512/3546/3546629.png", "hoiquantuethanh_point"),
("ChoBinhTay", "Chợ Bình Tây", "Chợ Bình Tây là một ngôi chợ nằm ở quận 6, thành phố Hồ Chí Minh, Việt Nam. Chợ được xây dựng vào năm 1928, là nơi mua bán các loại hàng hóa của người Hoa ở Sài Gòn.", "point", "https://cdn-icons-png.flaticon.com/512/862/862819.png", "chobinhtay_point"),
("NhathoDucBa", "Nhà thờ Đức Bà Sài Gòn", "Nhà thờ chính tòa Đức Bà Sài Gòn, thường được gọi tắt là Nhà thờ Đức Bà, là nhà thờ chính tòa của Tổng giáo phận Sài Gòn. Nhà thờ không chỉ là biểu tượng của Công giáo ở Việt Nam, mà còn là một trong những công trình kiến trúc độc đáo của Thành phố Hồ Chí Minh và điểm đến nổi tiếng với du khách.", "point", "https://cdn-icons-png.flaticon.com/512/3891/3891873.png", "nhathoducba_point"),
("BaoTangLichSu", "Bảo tàng Lịch sử Việt Nam", "Bảo Tàng Lịch Sử Việt Nam, tọa lạc tại số 16 Lê Duẩn, Phường Bến Nghé, Quận 1, Hồ Chí Minh, là một trong những địa điểm văn hóa, lịch sử nổi bật của thành phố. Nơi đây lưu giữ và trưng bày hơn 30.000 hiện vật có giá trị, phản ánh lịch sử phát triển của dân tộc Việt Nam từ thời kỳ tiền sử đến hiện đại. Bảo tàng được xây dựng trong một tòa nhà cổ kính, mang đậm dấu ấn kiến trúc Pháp, tạo không gian vừa trang nghiêm, vừa gần gũi với du khách. Với các phòng trưng bày rộng rãi, bảo tàng không chỉ là điểm đến lý tưởng cho những người yêu thích lịch sử, mà còn là nơi học hỏi và khám phá các giai đoạn quan trọng trong quá trình dựng nước và giữ nước của Việt Nam.", "point", "https://cdn-icons-png.flaticon.com/512/5389/5389807.png", "baotanglichsu_point"),
("NhaHatLon", "Nhà hát lớn Thành phố Hồ Chí Minh", "Nhà Hát Lớn TP. Hồ Chí Minh, nằm tại số 7 Công trường Lam Sơn, Quận 1, là một công trình kiến trúc nổi bật, mang đậm dấu ấn văn hóa và lịch sử của thành phố. Được xây dựng từ năm 1897 theo phong cách kiến trúc tân cổ điển, nhà hát này từng được gọi là Nhà Hát Opera thành phố Sài Gòn dưới thời Pháp thuộc. Với mặt tiền ấn tượng, các cột trụ lớn và chi tiết trang trí tinh xảo, Nhà Hát Lớn không chỉ là một công trình kiến trúc đẹp mà còn là biểu tượng của sự giao thoa giữa văn hóa phương Đông và phương Tây.", "point", "https://cdn-icons-png.flaticon.com/512/5626/5626901.png", "nhahatlon_point"),
("ThaoCamVien", "Thảo Cầm Viên Sài Gòn", "Thảo Cầm Viên Sài Gòn, là một trong những sở thú lâu đời nhất thế giới, được thành lập từ năm 1864. Nơi đây không chỉ là ngôi nhà của hàng trăm loài động thực vật quý hiếm mà còn là điểm đến thư giãn và học tập hấp dẫn cho mọi lứa tuổi.", "point", "https://cdn-icons-png.flaticon.com/512/7843/7843758.png", "thaocamvien_point"),
("PhoDiBoNguyenHue", "Phố đi bộ Nguyễn Huệ", "Phố đi bộ Nguyễn Huệ, TP. Hồ Chí Minh, là một địa điểm sôi động và hiện đại, thu hút du khách và người dân địa phương. Với không gian rộng rãi, các hoạt động nghệ thuật đường phố, cùng hàng loạt quán cà phê và nhà hàng xung quanh, nơi đây trở thành điểm đến lý tưởng để vui chơi và thư giãn.", "point", "https://cdn-icons-png.flaticon.com/512/1901/1901442.png", "phodiboNH_point"),
("PhoTayBuiVien", "Khu Phố Tây Bùi Viện", "Phố Bùi Viện, TP. Hồ Chí Minh, là khu phố Tây nổi tiếng với không khí sôi động và náo nhiệt, đặc biệt vào buổi tối. Đây là điểm đến lý tưởng cho những ai yêu thích trải nghiệm văn hóa đường phố, ẩm thực đa dạng, và các hoạt động giải trí về đêm.", "point", "https://cdn-icons-png.flaticon.com/512/3775/3775607.png", "phodiboBV_point"),
("DuongSachNguyenVanBinh", "Đường Sách Nguyễn Văn Bình", "Khác xa sự xô bồ, tấp nập của những con đường kế cận, đường sách mang đến cho du khách cảm giác yên bình và thư thái. Bạn có thể ghé thăm những quán cà phê sách có thiết kế độc đáo và sáng tạo như Bản Coffee hay Phương Nam Coffee Book. Không chỉ sở hữu khoảng view ấn tượng, đây còn là nơi để bạn gặp gỡ những người bạn có cùng đam mê đọc sách.", "point", "https://cdn-icons-png.flaticon.com/512/8832/8832880.png", "duongsachNVB_point"),
("BenNhaRong", "Bến Nhà Rồng", "Số 1 Đ. Nguyễn Tất Thành, Phường 13, Quận 4, Hồ Chí Minh, Vietnam", "point", "https://cdn-icons-png.flaticon.com/512/4545/4545018.png", "bennharong_point"),
("BenBachDang", "Bến Bạch Đằng", "Số 1 Tôn Đức Thắng, Bến Nghé, Quận 1, Hồ Chí Minh, Vietnam", "point", "https://cdn-icons-png.flaticon.com/512/4686/4686217.png", "benbachdang_point"),
("BaoTangChienDichHCM", "Bảo tàng chiến dịch Hồ Chí Minh", "Số 2 Lê Duẩn, Bến Nghé, Quận 1, Hồ Chí Minh, Vietnam", "point", "https://cdn-icons-png.flaticon.com/512/8832/8832880.png", "baotangchiendichhcm_point");

INSERT INTO USER (username, email, password, role) VALUES 
("admin", "admin@gmail.com", "123456", "admin"),
("customer", "customer@gmail.com", "123456", "customer");



-- center point for tour 1 
INSERT INTO POINT (id, longitude, latitude) VALUES 
("tour1-center", 106.67658661811639, 10.76322607130376);

-- tour1 - route1
INSERT INTO POINT (id, longitude, latitude) VALUES 
("tour1-r1-p001", 106.69507659020289, 10.776678902128303),
("tour1-r1-p002", 106.69507104696854, 10.776673895810278),
("tour1-r1-p003", 106.69506684484382, 10.776668889493422),
("tour1-r1-p004", 106.69505987109935, 10.776662653553172),
("tour1-r1-p005", 106.69505486430884, 10.776657383744702),
("tour1-r1-p006", 106.69504780115878, 10.776651147804223),
("tour1-r1-p007", 106.69503984393734, 10.776644560543366),
("tour1-r1-p008", 106.69503519477438, 10.776639290734563),
("tour1-r1-p009", 106.69502947272882, 10.776633933091844),
("tour1-r1-p010", 106.6950205320304, 10.776626379698621),
("tour1-r1-p011", 106.69502341482094, 10.776624005406868),
("tour1-r1-p012", 106.69502976271856, 10.776618120785969),
("tour1-r1-p013", 106.69503584239163, 10.776612587482727),
("tour1-r1-p014", 106.69504219028921, 10.776606878521765),
("tour1-r1-p015", 106.69504746529651, 10.776602135695276),
("tour1-r1-p016", 106.69505309793647, 10.776596778054401),
("tour1-r1-p017", 106.69505881998202, 10.776591508244772),
("tour1-r1-p018", 106.69506785008603, 10.776583515696323),
("tour1-r1-p019", 106.69507428739689, 10.776577631079649),
("tour1-r1-p020", 106.69508474800588, 10.776567881925375),
("tour1-r1-p021", 106.69509145352843, 10.776561909474554),
("tour1-r1-p022", 106.69509780142344, 10.77655620051261),
("tour1-r1-p023", 106.69510665271115, 10.776547944476718),
("tour1-r1-p024", 106.69511174891235, 10.776543465135804),
("tour1-r1-p025", 106.69511952731237, 10.776536350889513),
("tour1-r1-p026", 106.695127663345, 10.776528621836164),
("tour1-r1-p027", 106.69514214728034, 10.776515798629344),
("tour1-r1-p028", 106.69514894221105, 10.77650956268342),
("tour1-r1-p029", 106.69515841935075, 10.776500779663102),
("tour1-r1-p030", 106.69516485665136, 10.776495158533882),
("tour1-r1-p031", 106.69517361853346, 10.776487165985381),
("tour1-r1-p032", 106.69518238041556, 10.776479173434145),
("tour1-r1-p033", 106.69519051645332, 10.776471971362513),
("tour1-r1-p034", 106.69520696733493, 10.776456601069059),
("tour1-r1-p035", 106.69521501396196, 10.776449398992476),
("tour1-r1-p036", 106.69522359703029, 10.776441582104255),
("tour1-r1-p037", 106.69523074959108, 10.776435433988166),
("tour1-r1-p038", 106.69524112079961, 10.77642550917532),
("tour1-r1-p039", 106.69525202844686, 10.776415760022383),
("tour1-r1-p040", 106.6952657077139, 10.776403815112088),
("tour1-r1-p041", 106.69527446959857, 10.77639608605281),
("tour1-r1-p042", 106.69528242681488, 10.776388532653607),
("tour1-r1-p043", 106.69529655312022, 10.776375533775516),
("tour1-r1-p044", 106.69530549381352, 10.776367980375806),
("tour1-r1-p045", 106.69531318282328, 10.776360339147011),
("tour1-r1-p046", 106.69532856081217, 10.776346374138578),
("tour1-r1-p047", 106.69533669684483, 10.776339259887633),
("tour1-r1-p048", 106.69534420703313, 10.776332321299332),
("tour1-r1-p049", 106.69535395239221, 10.776323626102743),
("tour1-r1-p050", 106.69536182020293, 10.776316336190945),
("tour1-r1-p051", 106.69537210200588, 10.776307201849368),
("tour1-r1-p052", 106.69538148973741, 10.776298506654571),
("tour1-r1-p053", 106.69539025162463, 10.776290426269417),
("tour1-r1-p054", 106.69539722536396, 10.776284014663519),
("tour1-r1-p055", 106.69540554021806, 10.776276724743223),
("tour1-r1-p056", 106.69540616605728, 10.776276109940833),
("tour1-r1-p057", 106.69540393088653, 10.776272596729012),
("tour1-r1-p058", 106.6953984770629, 10.776263813701785),
("tour1-r1-p059", 106.69539516900954, 10.776258016907782),
("tour1-r1-p060", 106.6953923079791, 10.776253098412935),
("tour1-r1-p061", 106.69538873170383, 10.776247652934416),
("tour1-r1-p062", 106.69538372491334, 10.776239221227188),
("tour1-r1-p063", 106.69537523124279, 10.776225519703665),
("tour1-r1-p064", 106.69537013504669, 10.776216473188272),
("tour1-r1-p065", 106.6953653070674, 10.776208919784567),
("tour1-r1-p066", 106.6953611049478, 10.77620259600587),
("tour1-r1-p067", 106.69535690281283, 10.776194076468428),
("tour1-r1-p068", 106.6953493926346, 10.776182570701579),
("tour1-r1-p069", 106.69534501168333, 10.776175632109677),
("tour1-r1-p070", 106.69534116718613, 10.776169220498806),
("tour1-r1-p071", 106.6953371438726, 10.776162633224894),
("tour1-r1-p072", 106.69533070657201, 10.776151566611631),
("tour1-r1-p073", 106.69532489511572, 10.77614225659208),
("tour1-r1-p074", 106.69531890485337, 10.776132858758354),
("tour1-r1-p075", 106.69531389805505, 10.776121352980983),
("tour1-r1-p076", 106.69530996415224, 10.776112657779558),
("tour1-r1-p077", 106.69530334803532, 10.776099658894584),
("tour1-r1-p078", 106.69529852005857, 10.776089821899612),
("tour1-r1-p079", 106.6952943179313, 10.77608024839627),
("tour1-r1-p080", 106.69528832766382, 10.776067688662286),
("tour1-r1-p081", 106.69527849289636, 10.776045818910609),
("tour1-r1-p082", 106.6952727708508, 10.776033083514704),
("tour1-r1-p083", 106.69526803228223, 10.776023861330533),
("tour1-r1-p084", 106.69526248905045, 10.77601033546023),
("tour1-r1-p085", 106.69525631996919, 10.775998302702327),
("tour1-r1-p086", 106.69524693223501, 10.775977926066547),
("tour1-r1-p087", 106.69524094196751, 10.775965015004752),
("tour1-r1-p088", 106.6952350411082, 10.775952894416037),
("tour1-r1-p089", 106.69522985550394, 10.77594165213201),
("tour1-r1-p090", 106.69522386523646, 10.775928301916045),
("tour1-r1-p091", 106.69522529575154, 10.775931375972373),
("tour1-r1-p092", 106.69521966311159, 10.775919343211937),
("tour1-r1-p093", 106.69521474572667, 10.77590748611472),
("tour1-r1-p094", 106.69521210639749, 10.775902545749044),
("tour1-r1-p095", 106.6952096029997, 10.775897451586566),
("tour1-r1-p096", 106.69520718901006, 10.775893323563373),
("tour1-r1-p097", 106.69519587906073, 10.775899175267579),
("tour1-r1-p098", 106.69518497140837, 10.775904884241964),
("tour1-r1-p099", 106.69517272265405, 10.775910768874288),
("tour1-r1-p100", 106.69515984805025, 10.775917795301316),
("tour1-r1-p101", 106.69514634759639, 10.775924558241142),
("tour1-r1-p102", 106.69513070136715, 10.775932726465125),
("tour1-r1-p103", 106.69511451870746, 10.775941597328522),
("tour1-r1-p104", 106.69510039240734, 10.775949238572965),
("tour1-r1-p105", 106.69508385210973, 10.775957933770306),
("tour1-r1-p106", 106.69506614952667, 10.77596706813253),
("tour1-r1-p107", 106.69504791050613, 10.77597655380796),
("tour1-r1-p108", 106.6950315490298, 10.77598489768978),
("tour1-r1-p109", 106.6949960544622, 10.776003693385004),
("tour1-r1-p110", 106.6949737027187, 10.776015638308671),
("tour1-r1-p111", 106.69495000987199, 10.776028198043571),
("tour1-r1-p112", 106.6949110284317, 10.776049892137628),
("tour1-r1-p113", 106.69489261059613, 10.776058236016166),
("tour1-r1-p114", 106.69487794785216, 10.776066140745838),
("tour1-r1-p115", 106.69483503250852, 10.776089240118237),
("tour1-r1-p116", 106.6948218896841, 10.776095915222722),
("tour1-r1-p117", 106.69479837565109, 10.776111900335282),
("tour1-r1-p118", 106.69478272943013, 10.776122000821424),
("tour1-r1-p119", 106.69476770906118, 10.77613280394891),
("tour1-r1-p120", 106.69473525432717, 10.776154673694585),
("tour1-r1-p121", 106.69471621064214, 10.776168375222584),
("tour1-r1-p122", 106.69469671992502, 10.77618163760145),
("tour1-r1-p123", 106.69468330887484, 10.776190684120406),
("tour1-r1-p124", 106.6946744575846, 10.77619718356101),
("tour1-r1-p125", 106.69467222241127, 10.776198676673017),
("tour1-r1-p126", 106.69466506985303, 10.776205878758732),
("tour1-r1-p127", 106.69465443042257, 10.776216594053027),
("tour1-r1-p128", 106.69463708546684, 10.77623442359926),
("tour1-r1-p129", 106.69462966468924, 10.776241537850181),
("tour1-r1-p130", 106.69462881532067, 10.776241779384748),
("tour1-r1-p131", 106.69462327208633, 10.776235455604219),
("tour1-r1-p132", 106.69461737122957, 10.776229043994633),
("tour1-r1-p133", 106.69461388435988, 10.776225442953333),
("tour1-r1-p134", 106.69460753646233, 10.776218240870593),
("tour1-r1-p135", 106.69459564533551, 10.776205681142372),
("tour1-r1-p136", 106.6945743664744, 10.776183108756332),
("tour1-r1-p137", 106.69456167068695, 10.776168704593678),
("tour1-r1-p138", 106.69455049481516, 10.776157462312693),
("tour1-r1-p139", 106.69454182233868, 10.776147537488168),
("tour1-r1-p140", 106.69453708376753, 10.776142004178782),
("tour1-r1-p141", 106.69453028883683, 10.776134977756982),
("tour1-r1-p142", 106.69452286805924, 10.776127248688303),
("tour1-r1-p143", 106.69452152695474, 10.77612619472575),
("tour1-r1-p144", 106.69452689137286, 10.776121364050178),
("tour1-r1-p145", 106.69453753080332, 10.776112405358106),
("tour1-r1-p146", 106.69454548802219, 10.77610502761473),
("tour1-r1-p147", 106.6945522829529, 10.776099055154734),
("tour1-r1-p148", 106.69456247534765, 10.776090096459482),
("tour1-r1-p149", 106.6945706113803, 10.776082894368486),
("tour1-r1-p150", 106.69458071437714, 10.776073584361884),
("tour1-r1-p151", 106.6945880457389, 10.776067172751368),
("tour1-r1-p152", 106.69459770169516, 10.776058038394703),
("tour1-r1-p153", 106.69461155977335, 10.776046005643733),
("tour1-r1-p154", 106.69461987462232, 10.776038803556707),
("tour1-r1-p155", 106.69463185515733, 10.776027385612899),
("tour1-r1-p156", 106.694643299251, 10.776017372952571),
("tour1-r1-p157", 106.69465215053869, 10.776009292564899),
("tour1-r1-p158", 106.69466198530337, 10.77599998254597),
("tour1-r1-p159", 106.6946751281343, 10.775988828090215),
("tour1-r1-p160", 106.69468505230715, 10.775979693733676),
("tour1-r1-p161", 106.6946931883398, 10.77597266730306),
("tour1-r1-p162", 106.69470177141068, 10.77596511389826),
("tour1-r1-p163", 106.69471518245577, 10.77595360812266),
("tour1-r1-p164", 106.69473440496094, 10.77593533940592),
("tour1-r1-p165", 106.69474298802928, 10.775927873824173),
("tour1-r1-p166", 106.6947513922864, 10.7759201447552),
("tour1-r1-p167", 106.69476069061234, 10.775911976530875),
("tour1-r1-p168", 106.69476829020115, 10.775905564911874),
("tour1-r1-p169", 106.69477615801699, 10.775898011495345),
("tour1-r1-p170", 106.69478429405476, 10.775891160730923),
("tour1-r1-p171", 106.69479582755295, 10.775879742779011),
("tour1-r1-p172", 106.69481451361044, 10.775863845483169),
("tour1-r1-p173", 106.69482390134213, 10.775855325926083),
("tour1-r1-p174", 106.69484705774629, 10.775834685782824),
("tour1-r1-p175", 106.69486395566615, 10.775819139808315),
("tour1-r1-p176", 106.69488174765226, 10.77580289118302),
("tour1-r1-p177", 106.69490499346475, 10.775782690197786),
("tour1-r1-p178", 106.6949157223008, 10.77577355583499),
("tour1-r1-p179", 106.6949256464762, 10.775764245813809),
("tour1-r1-p180", 106.6949382528606, 10.775752652196413),
("tour1-r1-p181", 106.69494790881178, 10.775744044820943),
("tour1-r1-p182", 106.69496239274197, 10.775730870254367),
("tour1-r1-p183", 106.69497455208815, 10.775720067117478),
("tour1-r1-p184", 106.69498948305404, 10.775706629062595),
("tour1-r1-p185", 106.69500745385406, 10.775690380437517),
("tour1-r1-p186", 106.69502310007503, 10.775676766723143),
("tour1-r1-p187", 106.69504822343069, 10.7756541064633),
("tour1-r1-p188", 106.69505546726181, 10.775648604995249),
("tour1-r1-p189", 106.69506306685317, 10.775640788087486),
("tour1-r1-p190", 106.69507513679372, 10.77562989711323),
("tour1-r1-p191", 106.69508720673427, 10.77561883047535),
("tour1-r1-p192", 106.69509874023612, 10.775608378650865),
("tour1-r1-p193", 106.69510955847777, 10.775599068624583),
("tour1-r1-p194", 106.69512770808639, 10.775582468668423),
("tour1-r1-p195", 106.69514013565448, 10.775571226365544),
("tour1-r1-p196", 106.69515202678384, 10.77556051105204),
("tour1-r1-p197", 106.69516069926054, 10.775552869797737),
("tour1-r1-p198", 106.69517214335164, 10.775542593634244),
("tour1-r1-p199", 106.69518483914166, 10.775531175676644),
("tour1-r1-p200", 106.69519735611536, 10.775520723844094),
("tour1-r1-p201", 106.69521747269327, 10.775502103780779),
("tour1-r1-p202", 106.69523365535296, 10.775487436093087),
("tour1-r1-p203", 106.69524679818122, 10.775475666801736),
("tour1-r1-p204", 106.69525636472397, 10.775466971590452),
("tour1-r1-p205", 106.69527022280475, 10.77545485097666),
("tour1-r1-p206", 106.6952818457173, 10.77544422348566),
("tour1-r1-p207", 106.69529185929319, 10.775435616092583),
("tour1-r1-p208", 106.69530509153218, 10.775423495487567),
("tour1-r1-p209", 106.69532181063587, 10.775408652127677),
("tour1-r1-p210", 106.69533236066584, 10.775399166436866),
("tour1-r1-p211", 106.6953446094125, 10.775387748468809),
("tour1-r1-p212", 106.69536410013578, 10.775370533689218),
("tour1-r1-p213", 106.69537161031896, 10.775363682907775),
("tour1-r1-p214", 106.69538323322404, 10.775353758053924),
("tour1-r1-p215", 106.69539986292197, 10.775338739032227),
("tour1-r1-p216", 106.69541899601772, 10.775321260752204),
("tour1-r1-p217", 106.6954353574886, 10.77530685654833),
("tour1-r1-p218", 106.69545565286752, 10.775287972979774),
("tour1-r1-p219", 106.69546825925194, 10.775276730665889),
("tour1-r1-p220", 106.69547728935595, 10.775268386765699),
("tour1-r1-p221", 106.69549561779104, 10.775252313779157),
("tour1-r1-p222", 106.69551028053502, 10.775239490517961),
("tour1-r1-p223", 106.69552673142688, 10.775224734983249),
("tour1-r1-p224", 106.69554550687975, 10.775207432355083),
("tour1-r1-p225", 106.69555552046076, 10.775198473638316),
("tour1-r1-p226", 106.69556884210022, 10.775186440847971),
("tour1-r1-p227", 106.69559244554522, 10.77516606415661),
("tour1-r1-p228", 106.69560925405946, 10.775151045120522),
("tour1-r1-p229", 106.6956333045402, 10.775128911809139),
("tour1-r1-p230", 106.69564841431219, 10.775115034576599),
("tour1-r1-p231", 106.69566683214777, 10.775099137240376),
("tour1-r1-p232", 106.6956856970166, 10.77508244942614),
("tour1-r1-p233", 106.69570474070674, 10.775065058963024),
("tour1-r1-p234", 106.69572646659566, 10.775045121417348),
("tour1-r1-p235", 106.69576473278717, 10.775010779635991),
("tour1-r1-p236", 106.69577975314843, 10.77499804419379),
("tour1-r1-p237", 106.69580022734874, 10.77497942410568),
("tour1-r1-p238", 106.69581569475083, 10.774964405067813),
("tour1-r1-p239", 106.6958291057959, 10.774953514064068),
("tour1-r1-p240", 106.69584859651663, 10.774936035762519),
("tour1-r1-p241", 106.69586853427302, 10.774918030478249),
("tour1-r1-p242", 106.6958882932131, 10.774900200856548),
("tour1-r1-p243", 106.69593773526869, 10.774856461190105),
("tour1-r1-p244", 106.69594348023624, 10.774850847658033),
("tour1-r1-p245", 106.69595635484, 10.774839078349329),
("tour1-r1-p246", 106.69596940826268, 10.774827660360014),
("tour1-r1-p247", 106.69598308752455, 10.774815364066834),
("tour1-r1-p248", 106.69600382995195, 10.774796480466827),
("tour1-r1-p249", 106.69602037024426, 10.774781549251683),
("tour1-r1-p250", 106.69603521179437, 10.774768374642996),
("tour1-r1-p251", 106.6960441524928, 10.774760382056188),
("tour1-r1-p252", 106.69605058979852, 10.774754760886932),
("tour1-r1-p253", 106.69605532836708, 10.774750193695011),
("tour1-r1-p254", 106.69605649065528, 10.774749051888222),
("tour1-r1-p255", 106.69605076860965, 10.774744923853056),
("tour1-r1-p256", 106.69604307961525, 10.774739654011011),
("tour1-r1-p257", 106.69603548002134, 10.774734735491345),
("tour1-r1-p258", 106.69603190374094, 10.77473113443217),
("tour1-r1-p259", 106.69602689695557, 10.774727357709205),
("tour1-r1-p260", 106.69602019143304, 10.774723141829295),
("tour1-r1-p261", 106.69600937319639, 10.77471593970811),
("tour1-r1-p262", 106.69600159478105, 10.774709703729934),
("tour1-r1-p263", 106.69599426340905, 10.77470381907162),
("tour1-r1-p264", 106.6959871108534, 10.774700042348298),
("tour1-r1-p265", 106.69597834897131, 10.774693718537897),
("tour1-r1-p266", 106.69596949768359, 10.774686340759764),
("tour1-r1-p267", 106.69595617603886, 10.774677030704947),
("tour1-r1-p268", 106.69594669889658, 10.774670443400897),
("tour1-r1-p269", 106.695939278119, 10.774665173557553),
("tour1-r1-p270", 106.69593132089756, 10.774659201068985),
("tour1-r1-p271", 106.69592229079353, 10.774653052916497),
("tour1-r1-p272", 106.69591031026859, 10.77464426983949),
("tour1-r1-p273", 106.69590280007516, 10.774638736505015),
("tour1-r1-p274", 106.69589645218015, 10.774634432799495),
("tour1-r1-p275", 106.69589162420596, 10.774630919571031),
("tour1-r1-p276", 106.69588769029805, 10.774627757662607),
("tour1-r1-p277", 106.6958801801123, 10.774622575647903),
("tour1-r1-p278", 106.69587418984737, 10.77461827193714),
("tour1-r1-p279", 106.69585943769764, 10.774608259239372),
("tour1-r1-p280", 106.69584781479021, 10.774599037011551),
("tour1-r1-p281", 106.69583377789567, 10.774589639124647),
("tour1-r1-p282", 106.6958203668506, 10.774579714250924),
("tour1-r1-p283", 106.69580472062692, 10.774568471907779),
("tour1-r1-p284", 106.69579318713019, 10.774559864493735),
("tour1-r1-p285", 106.69578648160767, 10.774555033801828),
("tour1-r1-p286", 106.6957783455699, 10.774550817924538),
("tour1-r1-p287", 106.69577494810584, 10.774547129033737),
("tour1-r1-p288", 106.6957643980861, 10.774539399926802),
("tour1-r1-p289", 106.69575402687757, 10.774531846478492),
("tour1-r1-p290", 106.69574079464371, 10.774522887741623),
("tour1-r1-p291", 106.69573864887599, 10.774520779800257),
("tour1-r1-p292", 106.69572300265759, 10.774509976619946),
("tour1-r1-p293", 106.6957095916097, 10.77450031523317),
("tour1-r1-p294", 106.69569519708766, 10.774489775540417),
("tour1-r1-p295", 106.69568178604257, 10.774480114156757),
("tour1-r1-p296", 106.69566506693383, 10.774467993510765),
("tour1-r1-p297", 106.6956495995292, 10.774458068630528),
("tour1-r1-p298", 106.69564021179765, 10.774449549043736),
("tour1-r1-p299", 106.6956107074985, 10.774428908806613),
("tour1-r1-p300", 106.69558433244403, 10.774409937352907),
("tour1-r1-p301", 106.6955611760347, 10.774392986008303),
("tour1-r1-p302", 106.69554713914019, 10.774382621973247),
("tour1-r1-p303", 106.69552845308255, 10.774369183858695),
("tour1-r1-p304", 106.69551218101213, 10.774357765854075),
("tour1-r1-p305", 106.69549814412271, 10.774347401812784),
("tour1-r1-p306", 106.69548518011077, 10.774338794392126),
("tour1-r1-p307", 106.69547051736673, 10.774327903369514),
("tour1-r1-p308", 106.69544959613334, 10.774312972128644),
("tour1-r1-p309", 106.69543296643798, 10.774300939302893),
("tour1-r1-p310", 106.69541347571854, 10.774286798541194),
("tour1-r1-p311", 106.69539934941184, 10.77427696148199),
("tour1-r1-p312", 106.69538477607347, 10.774266070459657),
("tour1-r1-p313", 106.69537100740088, 10.774256233404778),
("tour1-r1-p314", 106.69535661287883, 10.774246220685548),
("tour1-r1-p315", 106.69534275479808, 10.774236383630031),
("tour1-r1-p316", 106.69532532043303, 10.774223384664042),
("tour1-r1-p317", 106.69531012125033, 10.774212932791123),
("tour1-r1-p318", 106.69529912419235, 10.774204413197385),
("tour1-r1-p319", 106.69528490848214, 10.774194224817391),
("tour1-r1-p320", 106.69526649064584, 10.774181138012521),
("tour1-r1-p321", 106.6952436024636, 10.774164713639761),
("tour1-r1-p322", 106.69522134012827, 10.774149167576516),
("tour1-r1-p323", 106.69520479983711, 10.774136871245563),
("tour1-r1-p324", 106.69517368621152, 10.774114298706907),
("tour1-r1-p325", 106.69515008277169, 10.7740976986714),
("tour1-r1-p326", 106.69512245601835, 10.774077234066757),
("tour1-r1-p327", 106.69510403818278, 10.774064235096404),
("tour1-r1-p328", 106.69508471504695, 10.774050781246707),
("tour1-r1-p329", 106.69505923406132, 10.774032248920788),
("tour1-r1-p330", 106.69503893867738, 10.774017317667756),
("tour1-r1-p331", 106.6950122059902, 10.773997731367245),
("tour1-r1-p332", 106.69499173179761, 10.773983590588793),
("tour1-r1-p333", 106.69497018471479, 10.773968307999922),
("tour1-r1-p334", 106.69495194569265, 10.773954869871886),
("tour1-r1-p335", 106.69492118969097, 10.773932912140582),
("tour1-r1-p336", 106.69489615574102, 10.773914906798833),
("tour1-r1-p337", 106.69487559213678, 10.773900766011462),
("tour1-r1-p338", 106.69485377683034, 10.773884692945622),
("tour1-r1-p339", 106.69482829584598, 10.77386668759848),
("tour1-r1-p340", 106.69479637755215, 10.773843939377814),
("tour1-r1-p341", 106.6947693766444, 10.773823913921644),
("tour1-r1-p342", 106.69473942530819, 10.773803185812003),
("tour1-r1-p343", 106.69470893752693, 10.773780525421198),
("tour1-r1-p344", 106.69468309891374, 10.773762432238177),
("tour1-r1-p345", 106.69464885604081, 10.773737312571285),
("tour1-r1-p346", 106.69462113988183, 10.773717199270829),
("tour1-r1-p347", 106.69459118854188, 10.773695505014958),
("tour1-r1-p348", 106.69456043254381, 10.773674337738054),
("tour1-r1-p349", 106.69453852783602, 10.773658440325764),
("tour1-r1-p350", 106.69452440153447, 10.773648339762005),
("tour1-r1-p351", 106.69450571548096, 10.773634462459963),
("tour1-r1-p352", 106.69449203621397, 10.773625328037028),
("tour1-r1-p353", 106.694487387051, 10.773621551300183),
("tour1-r1-p354", 106.69446065436892, 10.77360240413873),
("tour1-r1-p355", 106.69443606744444, 10.773585101424855),
("tour1-r1-p356", 106.69440557967089, 10.77356323149252),
("tour1-r1-p357", 106.69436650882642, 10.773535476879951),
("tour1-r1-p358", 106.69432171593637, 10.773504209023208),
("tour1-r1-p359", 106.69427084336554, 10.773468110447576),
("tour1-r1-p360", 106.69421916613412, 10.773431572716396),
("tour1-r1-p361", 106.69416713128278, 10.773394683656745),
("tour1-r1-p362", 106.69413049307101, 10.773368220102045),
("tour1-r1-p363", 106.6941031345319, 10.773349248582768),
("tour1-r1-p364", 106.69404054965055, 10.773304806036462),
("tour1-r1-p365", 106.69400067413257, 10.773276612243603),
("tour1-r1-p366", 106.69394652447714, 10.773237992140489),
("tour1-r1-p367", 106.69389529428395, 10.773201981362744),
("tour1-r1-p368", 106.69385506114858, 10.773173524070803),
("tour1-r1-p369", 106.69379292330298, 10.773128993668735),
("tour1-r1-p370", 106.69374070962753, 10.773092280234861),
("tour1-r1-p371", 106.69369064172763, 10.773056269449114),
("tour1-r1-p372", 106.69363762339148, 10.773019116845102),
("tour1-r1-p373", 106.69359023769292, 10.772985740983875),
("tour1-r1-p374", 106.69353257018882, 10.772944460308796),
("tour1-r1-p375", 106.69348017770224, 10.77290748335958),
("tour1-r1-p376", 106.69342671233817, 10.772871033384611),
("tour1-r1-p377", 106.69337414104042, 10.772834583415941),
("tour1-r1-p378", 106.69332004981412, 10.772796903798724),
("tour1-r1-p379", 106.69326300816587, 10.772757994543817),
("tour1-r1-p380", 106.69322447376527, 10.772731293831487),
("tour1-r1-p381", 106.69317082957984, 10.772694316858596),
("tour1-r1-p382", 106.69312246040944, 10.77266085313265),
("tour1-r1-p383", 106.69308839635282, 10.772637226501038),
("tour1-r1-p384", 106.6930478949906, 10.772608944815687),
("tour1-r1-p385", 106.69300238684285, 10.772578028185217),
("tour1-r1-p386", 106.69296152785557, 10.772549482996777),
("tour1-r1-p387", 106.69292719557968, 10.772526207691524),
("tour1-r1-p388", 106.69288776710762, 10.772498716473423),
("tour1-r1-p389", 106.69282312586931, 10.772454185970302),
("tour1-r1-p390", 106.69278414443038, 10.77242669474813),
("tour1-r1-p391", 106.69273264601006, 10.772391386532588),
("tour1-r1-p392", 106.69267685605433, 10.772352565057858),
("tour1-r1-p393", 106.69263671232473, 10.772325161653969),
("tour1-r1-p394", 106.69257242870762, 10.772280806791624),
("tour1-r1-p395", 106.69253273201237, 10.772253491218816),
("tour1-r1-p396", 106.69247479628889, 10.772213264420873),
("tour1-r1-p397", 106.69242553304194, 10.772179624978747),
("tour1-r1-p398", 106.69238610456735, 10.772151870234898),
("tour1-r1-p399", 106.69233102987438, 10.772114190537291),
("tour1-r1-p400", 106.692314489582, 10.772102245456313),
("tour1-r1-p401", 106.69228730986434, 10.772118055123142),
("tour1-r1-p402", 106.69223759959452, 10.772145370715759),
("tour1-r1-p403", 106.6921864588018, 10.772173301121683),
("tour1-r1-p404", 106.69214962313318, 10.772193678013052),
("tour1-r1-p405", 106.69209982344881, 10.772220905766202),
("tour1-r1-p406", 106.6920277614291, 10.772260078594568),
("tour1-r1-p407", 106.69197957107238, 10.772286515855942),
("tour1-r1-p408", 106.69192851968268, 10.772314270576091),
("tour1-r1-p409", 106.69186146445472, 10.772350808445344),
("tour1-r1-p410", 106.69180817790699, 10.772380056300552),
("tour1-r1-p411", 106.69175667949055, 10.772409128490338),
("tour1-r1-p412", 106.69167862720084, 10.7724512875504),
("tour1-r1-p413", 106.69163661769312, 10.772475648488301),
("tour1-r1-p414", 106.69155677726692, 10.77252246259485),
("tour1-r1-p415", 106.69150527884156, 10.77255056862581),
("tour1-r1-p416", 106.69144770075326, 10.77258245139905),
("tour1-r1-p417", 106.69139915276907, 10.77260888863213),
("tour1-r1-p418", 106.69134023357115, 10.772640771401706),
("tour1-r1-p419", 106.69128033089889, 10.772673444645108),
("tour1-r1-p420", 106.69123374986606, 10.772698915724336),
("tour1-r1-p421", 106.69119852351872, 10.7727179751158),
("tour1-r1-p422", 106.69117706584655, 10.772729656674946),
("tour1-r1-p423", 106.69113316702405, 10.772753810273937),
("tour1-r1-p424", 106.69107397960296, 10.772786395685204),
("tour1-r1-p425", 106.69100790784691, 10.772822230840237),
("tour1-r1-p426", 106.69093414709636, 10.772862106235918),
("tour1-r1-p427", 106.6908865825814, 10.772886435494145),
("tour1-r1-p428", 106.6908247129603, 10.77292112883108),
("tour1-r1-p429", 106.69076650901742, 10.772951869760252),
("tour1-r1-p430", 106.69071518941605, 10.772979800091395),
("tour1-r1-p431", 106.69063990874973, 10.773020641613575),
("tour1-r1-p432", 106.69058259887319, 10.773051294701489),
("tour1-r1-p433", 106.69054299159247, 10.773072813351622),
("tour1-r1-p434", 106.69048639698123, 10.773103378609422),
("tour1-r1-p435", 106.69042551082684, 10.773136139634989),
("tour1-r1-p436", 106.69037285012095, 10.77316512392446),
("tour1-r1-p437", 106.69032474916979, 10.773191034122467),
("tour1-r1-p438", 106.69025170367692, 10.773230294649425),
("tour1-r1-p439", 106.69019510905927, 10.773260420732228),
("tour1-r1-p440", 106.69014030258434, 10.77328966850161),
("tour1-r1-p441", 106.69007887999761, 10.77332234167962),
("tour1-r1-p442", 106.69002157013124, 10.773353346060919),
("tour1-r1-p443", 106.68996130983271, 10.773385580073207),
("tour1-r1-p444", 106.68989693680874, 10.773420185530409),
("tour1-r1-p445", 106.68983381548485, 10.773454088328187),
("tour1-r1-p446", 106.68980946326282, 10.773467284949314),
("tour1-r1-p447", 106.68978013776973, 10.773483709360127),
("tour1-r1-p448", 106.6897285499413, 10.773511903136104),
("tour1-r1-p449", 106.68966784260584, 10.773545893753258),
("tour1-r1-p450", 106.68961509249438, 10.773575492816216),
("tour1-r1-p451", 106.68956341525778, 10.773603950072689),
("tour1-r1-p452", 106.68951594015358, 10.773630826367016),
("tour1-r1-p453", 106.68950425018684, 10.773636447552216),
("tour1-r1-p454", 106.68948574294568, 10.773646196795148),
("tour1-r1-p455", 106.68945757974588, 10.773660249759759),
("tour1-r1-p456", 106.68942664493407, 10.773675005366137),
("tour1-r1-p457", 106.68942038644722, 10.773678782102294),
("tour1-r1-p458", 106.68942029704168, 10.773678606440438),
("tour1-r1-p459", 106.68939866055325, 10.773654452913124),
("tour1-r1-p460", 106.68938328255413, 10.773637589355685),
("tour1-r1-p461", 106.68936093081065, 10.773613874978547),
("tour1-r1-p462", 106.68935461439759, 10.773606959703802),
("tour1-r1-p463", 106.68932689823606, 10.77357621884273),
("tour1-r1-p464", 106.68927709855542, 10.773522202736455),
("tour1-r1-p465", 106.6892104009549, 10.773449654266246),
("tour1-r1-p466", 106.6891359069791, 10.773370193906292),
("tour1-r1-p467", 106.68905230593859, 10.773282702289302),
("tour1-r1-p468", 106.68896407293595, 10.773189327871455),
("tour1-r1-p469", 106.68888389361405, 10.773106010468512),
("tour1-r1-p470", 106.68878336469898, 10.772999725497378),
("tour1-r1-p471", 106.68870525505969, 10.772915075657817),
("tour1-r1-p472", 106.68861796145453, 10.77282027346068),
("tour1-r1-p473", 106.68851664716735, 10.772711313838116),
("tour1-r1-p474", 106.68843039900985, 10.772618522365269),
("tour1-r1-p475", 106.68835110648372, 10.77253507330035),
("tour1-r1-p476", 106.68826528583644, 10.77244508497305),
("tour1-r1-p477", 106.68819545612622, 10.772369428630958),
("tour1-r1-p478", 106.6880688713086, 10.772235982248413),
("tour1-r1-p479", 106.68798547230632, 10.7721495327436),
("tour1-r1-p480", 106.6879012582774, 10.772063235918871),
("tour1-r1-p481", 106.68777802752717, 10.771934902382577),
("tour1-r1-p482", 106.68769552127846, 10.771847466102152),
("tour1-r1-p483", 106.68761332226879, 10.771759563633296),
("tour1-r1-p484", 106.68751340466963, 10.771652950248251),
("tour1-r1-p485", 106.68742867383801, 10.771563855758073),
("tour1-r1-p486", 106.68736649780038, 10.771498723539905),
("tour1-r1-p487", 106.68726318606181, 10.771390765604897),
("tour1-r1-p488", 106.68713675723008, 10.771258003315568),
("tour1-r1-p489", 106.68703209987387, 10.771145787533852),
("tour1-r1-p490", 106.68694947150297, 10.771058287123635),
("tour1-r1-p491", 106.68685023152814, 10.770951371038992),
("tour1-r1-p492", 106.68677619373481, 10.77087268040627),
("tour1-r1-p493", 106.68667454910538, 10.770763275486868),
("tour1-r1-p494", 106.68658279745563, 10.770664170944569),
("tour1-r1-p495", 106.68650013142911, 10.770574271826623),
("tour1-r1-p496", 106.68639798016427, 10.770468384932366),
("tour1-r1-p497", 106.68631818939475, 10.770382972338963),
("tour1-r1-p498", 106.68623490721377, 10.77029202753321),
("tour1-r1-p499", 106.6861942270415, 10.770246881875307),
("tour1-r1-p500", 106.68611067971526, 10.770160221728007),
("tour1-r1-p501", 106.6860267012623, 10.770075142025032),
("tour1-r1-p502", 106.68591840083931, 10.769964436827038),
("tour1-r1-p503", 106.68579449828755, 10.769836387725917),
("tour1-r1-p504", 106.68571047152415, 10.76974927969171),
("tour1-r1-p505", 106.6856275460495, 10.769662678496946),
("tour1-r1-p506", 106.68552243400764, 10.769549741157242),
("tour1-r1-p507", 106.68542916146224, 10.769449402122161),
("tour1-r1-p508", 106.6853555679485, 10.769372562131453),
("tour1-r1-p509", 106.68527539561997, 10.769290100542177),
("tour1-r1-p510", 106.68517745330497, 10.76918809490452),
("tour1-r1-p511", 106.68510359912966, 10.769111356737872),
("tour1-r1-p512", 106.68502067179728, 10.769024641445084),
("tour1-r1-p513", 106.68494556526986, 10.76894726493868),
("tour1-r1-p514", 106.68489511392727, 10.76889378920956),
("tour1-r1-p515", 106.68481761290786, 10.768814350812125),
("tour1-r1-p516", 106.68476978017874, 10.768765164644206),
("tour1-r1-p517", 106.68469882791287, 10.768690492927062),
("tour1-r1-p518", 106.68463705490025, 10.768626528898933),
("tour1-r1-p519", 106.68457593156468, 10.768564346334722),
("tour1-r1-p520", 106.6844591882685, 10.768442322855703),
("tour1-r1-p521", 106.68438331830431, 10.768363307085195),
("tour1-r1-p522", 106.68432719551559, 10.768305191847936),
("tour1-r1-p523", 106.68424785962515, 10.76822252273361),
("tour1-r1-p524", 106.6841838369948, 10.768155281842143),
("tour1-r1-p525", 106.68411709331262, 10.768083621140951),
("tour1-r1-p526", 106.68403601456708, 10.767996469716115),
("tour1-r1-p527", 106.68397144896018, 10.767929054739351),
("tour1-r1-p528", 106.68390374169239, 10.767856060148983),
("tour1-r1-p529", 106.68383225490552, 10.767780776187047),
("tour1-r1-p530", 106.68376798859278, 10.767712131198087),
("tour1-r1-p531", 106.68365683309189, 10.76759467258038),
("tour1-r1-p532", 106.68365415088287, 10.767591159267276),
("tour1-r1-p533", 106.68353121630378, 10.767461781534385),
("tour1-r1-p534", 106.6834272251011, 10.76735137674001),
("tour1-r1-p535", 106.68327306327424, 10.767188988943191),
("tour1-r1-p536", 106.6831633374966, 10.7670722720739),
("tour1-r1-p537", 106.68305169205665, 10.76695401975928),
("tour1-r1-p538", 106.6829364918615, 10.766830646290163),
("tour1-r1-p539", 106.68284187565921, 10.766731608882417),
("tour1-r1-p540", 106.68272635352477, 10.766610007460942),
("tour1-r1-p541", 106.68261865503052, 10.766494996364079),
("tour1-r1-p542", 106.6825118176279, 10.766383710983982),
("tour1-r1-p543", 106.6824321589149, 10.7662993903415),
("tour1-r1-p544", 106.68235724227247, 10.76621217562285),
("tour1-r1-p545", 106.68229480130411, 10.76614077217496),
("tour1-r1-p546", 106.6822069490096, 10.766052830618461),
("tour1-r1-p547", 106.68218021632502, 10.76602630497558),
("tour1-r1-p548", 106.68217399005724, 10.766006210000588),
("tour1-r1-p549", 106.68216710572082, 10.76598223151935),
("tour1-r1-p550", 106.68216093663958, 10.765961502865046),
("tour1-r1-p551", 106.68215727095358, 10.76594832787557),
("tour1-r1-p552", 106.68214055185256, 10.76593216655972),
("tour1-r1-p553", 106.68211355094864, 10.765906782741503),
("tour1-r1-p554", 106.68208646063783, 10.765881662424519),
("tour1-r1-p555", 106.68200384860222, 10.765805335282975),
("tour1-r1-p556", 106.68192893085147, 10.765735266172438),
("tour1-r1-p557", 106.68184486585224, 10.765657129817413),
("tour1-r1-p558", 106.68182001071605, 10.765634732309833),
("tour1-r1-p559", 106.68181769738464, 10.765631701934378),
("tour1-r1-p560", 106.68176557311494, 10.765664815109687),
("tour1-r1-p561", 106.681753056136, 10.76567026077543),
("tour1-r1-p562", 106.68170289882667, 10.765685368113777),
("tour1-r1-p563", 106.68165238388848, 10.765690198949214),
("tour1-r1-p564", 106.68160034903713, 10.765684928946222),
("tour1-r1-p565", 106.6815511752009, 10.765670612111),
("tour1-r1-p566", 106.68150575645632, 10.765647160607687),
("tour1-r1-p567", 106.68145801313787, 10.765605615428978),
("tour1-r1-p568", 106.68143262155786, 10.76557759658207),
("tour1-r1-p569", 106.68140803463567, 10.765531956156153),
("tour1-r1-p570", 106.68139936215661, 10.765510261308252),
("tour1-r1-p571", 106.68139426595786, 10.765487336792367),
("tour1-r1-p572", 106.68139006383058, 10.765461601603377),
("tour1-r1-p573", 106.68138961679995, 10.7654330557431),
("tour1-r1-p574", 106.68139033205499, 10.765412941890652),
("tour1-r1-p575", 106.68135644681222, 10.765391334867536),
("tour1-r1-p576", 106.68133579380078, 10.765377808514716),
("tour1-r1-p577", 106.68124620801552, 10.765321068116554),
("tour1-r1-p578", 106.68114568495862, 10.765257061196623),
("tour1-r1-p579", 106.6810187396241, 10.76517642123723),
("tour1-r1-p580", 106.68089615350759, 10.7650981598503),
("tour1-r1-p581", 106.68079204333196, 10.765031834580526),
("tour1-r1-p582", 106.68071779429228, 10.764985510508895),
("tour1-r1-p583", 106.68065544720622, 10.764945147122553),
("tour1-r1-p584", 106.68058776224089, 10.764902347991725),
("tour1-r1-p585", 106.68050890528148, 10.764852370689976),
("tour1-r1-p586", 106.68040832243823, 10.764788603498857),
("tour1-r1-p587", 106.68030281771595, 10.76472176818171),
("tour1-r1-p588", 106.68020632617636, 10.764660544368697),
("tour1-r1-p589", 106.68011872513108, 10.764604155712506),
("tour1-r1-p590", 106.68004063188651, 10.764555314433784),
("tour1-r1-p591", 106.67996624528143, 10.764507269416214),
("tour1-r1-p592", 106.67989167285947, 10.764459733401193),
("tour1-r1-p593", 106.67980643528536, 10.764406273619974),
("tour1-r1-p594", 106.67975261227329, 10.764372545468705),
("tour1-r1-p595", 106.67968633641856, 10.764329580589225),
("tour1-r1-p596", 106.67962258924133, 10.764290318904788),
("tour1-r1-p597", 106.6795585428845, 10.764248982319728),
("tour1-r1-p598", 106.67949354402371, 10.764207436945098),
("tour1-r1-p599", 106.67942970744602, 10.764167384742699),
("tour1-r1-p600", 106.67932241961084, 10.764099203231074),
("tour1-r1-p601", 106.67927601739184, 10.764070569405497),
("tour1-r1-p602", 106.6792484800444, 10.764053002644186),
("tour1-r1-p603", 106.67917865319889, 10.76400873439266),
("tour1-r1-p604", 106.67913350267878, 10.763979924892224),
("tour1-r1-p605", 106.67908289833751, 10.763947689869742),
("tour1-r1-p606", 106.67901816769746, 10.763906934960083),
("tour1-r1-p607", 106.67893922133759, 10.76385704532077),
("tour1-r1-p608", 106.67887770934401, 10.763818310576305),
("tour1-r1-p609", 106.67880672021326, 10.763772900454072),
("tour1-r1-p610", 106.67874538703084, 10.763734253535155),
("tour1-r1-p611", 106.67868146104237, 10.763693674261793),
("tour1-r1-p612", 106.67864087028215, 10.763668114590798),
("tour1-r1-p613", 106.67860278290698, 10.763641149572518),
("tour1-r1-p614", 106.67855655950171, 10.763609529348317),
("tour1-r1-p615", 106.6784888784217, 10.76356280167932),
("tour1-r1-p616", 106.67844095628696, 10.763528722103134),
("tour1-r1-p617", 106.67838480870627, 10.763490338652067),
("tour1-r1-p618", 106.67831212083841, 10.763439394936832),
("tour1-r1-p619", 106.67824256220625, 10.763391174062207),
("tour1-r1-p620", 106.67817649045905, 10.763345500382979),
("tour1-r1-p621", 106.67809316316331, 10.763287266416759),
("tour1-r1-p622", 106.67803299226898, 10.763245545242883),
("tour1-r1-p623", 106.67796942391196, 10.76320189170936),
("tour1-r1-p624", 106.67792284288552, 10.763170447108646),
("tour1-r1-p625", 106.6778623143535, 10.7631303069319),
("tour1-r1-p626", 106.67780330575259, 10.763091572095302),
("tour1-r1-p627", 106.67773759162979, 10.76304932389017),
("tour1-r1-p628", 106.6776782253981, 10.763010237704515),
("tour1-r1-p629", 106.67764881050573, 10.762991529030057),
("tour1-r1-p630", 106.67758676206768, 10.762951915835066),
("tour1-r1-p631", 106.6775282899049, 10.762914147147765),
("tour1-r1-p632", 106.67742913757182, 10.762850028200148),
("tour1-r1-p633", 106.67732060023472, 10.762780779663444),
("tour1-r1-p634", 106.67722590834613, 10.762719694805636),
("tour1-r1-p635", 106.67711445247136, 10.762647607074342),
("tour1-r1-p636", 106.67700893079788, 10.762579667507145),
("tour1-r1-p637", 106.67689190578781, 10.762503816788646),
("tour1-r1-p638", 106.6767772906737, 10.762427683675542),
("tour1-r1-p639", 106.67666019692842, 10.762351191657554),
("tour1-r1-p640", 106.676552185228, 10.762279398362434),
("tour1-r1-p641", 106.67647627732721, 10.76222909552015),
("tour1-r1-p642", 106.67642388483559, 10.76219598196642),
("tour1-r1-p643", 106.67638552924744, 10.762171915351514),
("tour1-r1-p644", 106.6763354081523, 10.762142337811905),
("tour1-r1-p645", 106.6762613791824, 10.762094643739372),
("tour1-r1-p646", 106.67618777940483, 10.762048179613172),
("tour1-r1-p647", 106.67605597268275, 10.761965912906163),
("tour1-r1-p648", 106.67591600267929, 10.761878049248002),
("tour1-r1-p649", 106.6757938977835, 10.76179755479293),
("tour1-r1-p650", 106.67571628538548, 10.76174587502415),
("tour1-r1-p651", 106.67569368158867, 10.761730678063204),
("tour1-r1-p652", 106.67564593826768, 10.761699145476783),
("tour1-r1-p653", 106.67554043803945, 10.761627736016052),
("tour1-r1-p654", 106.67543078649904, 10.761554548644504),
("tour1-r1-p655", 106.6753247434425, 10.761483267930604),
("tour1-r1-p656", 106.67522230037504, 10.761414297722956),
("tour1-r1-p657", 106.67510443583434, 10.761335300502283),
("tour1-r1-p658", 106.67503446206904, 10.761288394549254),
("tour1-r1-p659", 106.6748744051051, 10.761184429395573),
("tour1-r1-p660", 106.67478284188604, 10.761125033171558),
("tour1-r1-p661", 106.67469323866224, 10.761069273472216),
("tour1-r1-p662", 106.67463550704908, 10.761032851656518),
("tour1-r1-p663", 106.67461029428027, 10.761016953577176),
("tour1-r1-p664", 106.67452590234637, 10.760961944891132),
("tour1-r1-p665", 106.6744221783174, 10.760895083091183),
("tour1-r1-p666", 106.67434633611636, 10.760846193332934),
("tour1-r1-p667", 106.67424104372029, 10.760777875509543),
("tour1-r1-p668", 106.67414290591951, 10.760714685116175),
("tour1-r1-p669", 106.67410034820027, 10.760687456328288),
("tour1-r1-p670", 106.67405635996829, 10.76065794383265),
("tour1-r1-p671", 106.67399332805645, 10.760617100644724),
("tour1-r1-p672", 106.67391065278557, 10.760563123315276),
("tour1-r1-p673", 106.67379376084962, 10.760488032616347),
("tour1-r1-p674", 106.67370910280434, 10.760434203165275),
("tour1-r1-p675", 106.6735957352765, 10.76036116694175),
("tour1-r1-p676", 106.67349578007433, 10.760296020192902),
("tour1-r1-p677", 106.67338244385452, 10.760221913824237),
("tour1-r1-p678", 106.67328070049525, 10.760157003005004),
("tour1-r1-p679", 106.67327640895981, 10.76015401661568),
("tour1-r1-p680", 106.67321650629012, 10.76011475438107),
("tour1-r1-p681", 106.67311967853982, 10.760050371342125),
("tour1-r1-p682", 106.67301264710419, 10.75997970369528),
("tour1-r1-p683", 106.67290176908996, 10.75990689230612),
("tour1-r1-p684", 106.67280057969458, 10.75983996475711),
("tour1-r1-p685", 106.67270285805188, 10.75977617789253),
("tour1-r1-p686", 106.6725802424221, 10.759693950768096),
("tour1-r1-p687", 106.67257308985619, 10.759689646841577),
("tour1-r1-p688", 106.67245548538092, 10.759612416527016),
("tour1-r1-p689", 106.6723381921656, 10.759536173288376),
("tour1-r1-p690", 106.67223590481811, 10.7594690110735),
("tour1-r1-p691", 106.67211139956947, 10.759388081799848),
("tour1-r1-p692", 106.67199440166937, 10.759311437860923),
("tour1-r1-p693", 106.67188140471363, 10.759237227970127),
("tour1-r1-p694", 106.67178240395572, 10.759172752413198),
("tour1-r1-p695", 106.67171254581832, 10.75912749734368),
("tour1-r1-p696", 106.67157650820623, 10.759038005146346),
("tour1-r1-p697", 106.67146924979177, 10.75896757118993),
("tour1-r1-p698", 106.671373329157, 10.758905099746444),
("tour1-r1-p699", 106.6712927734758, 10.758853101235884),
("tour1-r1-p700", 106.67117101910759, 10.758774297682022),
("tour1-r1-p701", 106.67108593001501, 10.758718872362092),
("tour1-r1-p702", 106.67093710966968, 10.75862241896858),
("tour1-r1-p703", 106.67078634937411, 10.758525018013733),
("tour1-r1-p704", 106.67060132664523, 10.758404846497598),
("tour1-r1-p705", 106.6705214418108, 10.758353819263986),
("tour1-r1-p706", 106.67043180279241, 10.758295569871006),
("tour1-r1-p707", 106.67033558614519, 10.758233151850574),
("tour1-r1-p708", 106.67031442245582, 10.758219169080105),
("tour1-r1-p709", 106.67024709901101, 10.758176041831451),
("tour1-r1-p710", 106.67017816622962, 10.758130982195262),
("tour1-r1-p711", 106.67007409651414, 10.75806422716857),
("tour1-r1-p712", 106.66998416818515, 10.758005216304605),
("tour1-r1-p713", 106.6698735529746, 10.757933559506348),
("tour1-r1-p714", 106.66976607334539, 10.757864182600409),
("tour1-r1-p715", 106.66969370834332, 10.757817104157821),
("tour1-r1-p716", 106.66961613656521, 10.75776713473381),
("tour1-r1-p717", 106.66955533982608, 10.757727169510078),
("tour1-r1-p718", 106.66949293374884, 10.757687379957249),
("tour1-r1-p719", 106.66946226715767, 10.757667353422324),
("tour1-r1-p720", 106.66945270061224, 10.75766120492817),
("tour1-r1-p721", 106.66942748784854, 10.757645218832943),
("tour1-r1-p722", 106.66940236448787, 10.757629320574983),
("tour1-r1-p723", 106.66938323140229, 10.757618253277201),
("tour1-r1-p724", 106.66935980676855, 10.757606131950418),
("tour1-r1-p725", 106.6693421935962, 10.757596909202219),
("tour1-r1-p726", 106.66930052994829, 10.757574423263922),
("tour1-r1-p727", 106.66926369427459, 10.757554484558385),
("tour1-r1-p728", 106.66922319292, 10.757533316145134),
("tour1-r1-p729", 106.669185820805, 10.757513201765603),
("tour1-r1-p730", 106.66911331174711, 10.7574745540409),
("tour1-r1-p731", 106.66900996492708, 10.75742002414707),
("tour1-r1-p732", 106.6688811604605, 10.757351181373867),
("tour1-r1-p733", 106.6687847053776, 10.757299253994656),
("tour1-r1-p734", 106.66867946289422, 10.757243678456186),
("tour1-r1-p735", 106.668572555349, 10.75719054314359),
("tour1-r1-p736", 106.66847298840125, 10.757143075231383),
("tour1-r1-p737", 106.66838558485021, 10.75710190347198),
("tour1-r1-p738", 106.66829652968, 10.757059875358383),
("tour1-r1-p739", 106.66820629663964, 10.757016956911947),
("tour1-r1-p740", 106.66811169343208, 10.756972701850906),
("tour1-r1-p741", 106.66801976587483, 10.7569291525765),
("tour1-r1-p742", 106.66794644860146, 10.756894598422063),
("tour1-r1-p743", 106.66785305473327, 10.756855171991026),
("tour1-r1-p744", 106.66775621002684, 10.756813158541426),
("tour1-r1-p745", 106.66766744227387, 10.75677551569511),
("tour1-r1-p746", 106.66758240854443, 10.75673933909635),
("tour1-r1-p747", 106.66749684640862, 10.756703037014185),
("tour1-r1-p748", 106.66739133184574, 10.756657684958943),
("tour1-r1-p749", 106.66725574928307, 10.756599447329538),
("tour1-r1-p750", 106.66722257929025, 10.75658627193089),
("tour1-r1-p751", 106.66715312430821, 10.756558570053546),
("tour1-r1-p752", 106.66706925366334, 10.756526427983626),
("tour1-r1-p753", 106.66698002607086, 10.756490729145067),
("tour1-r1-p754", 106.6669008508882, 10.756459522399897),
("tour1-r1-p755", 106.66681487964641, 10.756425638446256),
("tour1-r1-p756", 106.66673239337362, 10.75639326734069),
("tour1-r1-p757", 106.66664824502229, 10.756360590988459),
("tour1-r1-p758", 106.66655230740174, 10.756321876007886),
("tour1-r1-p759", 106.66646917252787, 10.756289029631892),
("tour1-r1-p760", 106.66637448860304, 10.756251141826992),
("tour1-r1-p761", 106.66632102323652, 10.756229973329798),
("tour1-r1-p762", 106.66626035330839, 10.756205582101046),
("tour1-r1-p763", 106.66623558757526, 10.75619600796593),
("tour1-r1-p764", 106.66622977612151, 10.756193724226819),
("tour1-r1-p765", 106.66619937775866, 10.756187575697577),
("tour1-r1-p766", 106.6661513662081, 10.756177650212743),
("tour1-r1-p767", 106.66614428647203, 10.756176701425343),
("tour1-r1-p768", 106.66605934984855, 10.756158343676011),
("tour1-r1-p769", 106.6660445082946, 10.756155269408533),
("tour1-r1-p770", 106.66598281748026, 10.756142884518598),
("tour1-r1-p771", 106.66589081229063, 10.756123392248146),
("tour1-r1-p772", 106.66576323846215, 10.756096383646941),
("tour1-r1-p773", 106.66565084635235, 10.756072894166165),
("tour1-r1-p774", 106.66554895603261, 10.756050712212026),
("tour1-r1-p775", 106.66539472880704, 10.756018366717926),
("tour1-r1-p776", 106.66532239856397, 10.7560032589027),
("tour1-r1-p777", 106.66527242006809, 10.755992806400336),
("tour1-r1-p778", 106.66511542143165, 10.755960219183304),
("tour1-r1-p779", 106.66497922516949, 10.755932239779321),
("tour1-r1-p780", 106.6649794039807, 10.755932503286356),
("tour1-r1-p781", 106.66482794653952, 10.755901725504337),
("tour1-r1-p782", 106.66469314048398, 10.755873763630477),
("tour1-r1-p783", 106.66455187029997, 10.755844921532905),
("tour1-r1-p784", 106.66443134219523, 10.755820270183072),
("tour1-r1-p785", 106.66430866426087, 10.755793755277566),
("tour1-r1-p786", 106.66420894972268, 10.755774474892398),
("tour1-r1-p787", 106.66406662472413, 10.755745545148166),
("tour1-r1-p788", 106.66391710115215, 10.755715021219194),
("tour1-r1-p789", 106.66376817424936, 10.755684724686114),
("tour1-r1-p790", 106.6636135246726, 10.755654203633457),
("tour1-r1-p791", 106.66345497787991, 10.75562200155899),
("tour1-r1-p792", 106.66333020960684, 10.755596460356825),
("tour1-r1-p793", 106.6631945950005, 10.755570044042903),
("tour1-r1-p794", 106.66304006859801, 10.755538910075833),
("tour1-r1-p795", 106.66288726827061, 10.755508407886753),
("tour1-r1-p796", 106.66274184033242, 10.75547941125837),
("tour1-r1-p797", 106.66249164127422, 10.75542920948078),
("tour1-r1-p798", 106.66235936787707, 10.755403281594361),
("tour1-r1-p799", 106.66224021853571, 10.755379558401527),
("tour1-r1-p800", 106.66212841289067, 10.755357006624376),
("tour1-r1-p801", 106.66200914174186, 10.755333005960702),
("tour1-r1-p802", 106.66184924516932, 10.75530187226417),
("tour1-r1-p803", 106.66170119801001, 10.755273091581952),
("tour1-r1-p804", 106.66153463347644, 10.755239142941196),
("tour1-r1-p805", 106.66149136049951, 10.755230798486178),
("tour1-r1-p806", 106.66137558625411, 10.755207960634593),
("tour1-r1-p807", 106.66127446863788, 10.755188161465615),
("tour1-r1-p808", 106.66112605410352, 10.755158061649118),
("tour1-r1-p809", 106.66099219944304, 10.755131128490824),
("tour1-r1-p810", 106.66088599268846, 10.755110397882856),
("tour1-r1-p811", 106.66078232316295, 10.755089511423117),
("tour1-r1-p812", 106.66054136944331, 10.755042322142893),
("tour1-r1-p813", 106.66034438535937, 10.755003514264844),
("tour1-r1-p814", 106.6603443710186, 10.755001615048014),
("tour1-r1-p815", 106.66034714263324, 10.754976669495132),
("tour1-r1-p816", 106.66035322230633, 10.754928271595555),
("tour1-r1-p817", 106.66035987624242, 10.754844267524685),
("tour1-r1-p818", 106.66036157497446, 10.754825909696793),
("tour1-r1-p819", 106.66036100501107, 10.754820826159923),
("tour1-r1-p820", 106.66034857744295, 10.754757232521268),
("tour1-r1-p821", 106.66033883207864, 10.7547083075778),
("tour1-r1-p822", 106.66032617847384, 10.754644056765366),
("tour1-r1-p823", 106.66030407452443, 10.754533160279541),
("tour1-r1-p824", 106.66028598836284, 10.754439749689665),
("tour1-r1-p825", 106.66026225408294, 10.754321897177421),
("tour1-r1-p826", 106.66024365027617, 10.75425227272792),
("tour1-r1-p827", 106.66023620815119, 10.754225172197858),
("tour1-r1-p828", 106.660226283986, 10.754169747238718),
("tour1-r1-p829", 106.66020975932113, 10.754077581975219),
("tour1-r1-p830", 106.66019104528115, 10.753978970748935),
("tour1-r1-p831", 106.66017287083642, 10.753888277592665),
("tour1-r1-p832", 106.66016167542375, 10.75382903422528),
("tour1-r1-p833", 106.66013472369305, 10.753691102352127),
("tour1-r1-p834", 106.66012422591167, 10.753635975703686),
("tour1-r1-p835", 106.66009808968097, 10.753499247385411),
("tour1-r1-p836", 106.66007894957231, 10.75340009155363),
("tour1-r1-p837", 106.66006086518816, 10.753306322014966),
("tour1-r1-p838", 106.66004524649027, 10.753225263365662),
("tour1-r1-p839", 106.66002524638242, 10.753122037384403),
("tour1-r1-p840", 106.66000763648279, 10.753027989563309),
("tour1-r1-p841", 106.66000736826086, 10.753027550377332),
("tour1-r1-p842", 106.6600750493434, 10.753028428746793),
("tour1-r1-p843", 106.66021705278087, 10.753030544785204),
("tour1-r1-p844", 106.66038628864712, 10.753032226082258),
("tour1-r1-p845", 106.66056113105708, 10.753034182983678),
("tour1-r1-p846", 106.66061745745151, 10.753033831630868),
("tour1-r1-p847", 106.66072348004464, 10.753033128927767),
("tour1-r1-p848", 106.66083498785977, 10.753034164244179),
("tour1-r1-p849", 106.66091598350515, 10.753035531177932),
("tour1-r1-p850", 106.66115676673606, 10.753040097369887),
("tour1-r1-p851", 106.66115647885755, 10.753108082779246),
("tour1-r1-p852", 106.66115647885755, 10.753197325172456),
("tour1-r1-p853", 106.66115665767896, 10.75322929783901);

-- tour1 - route2
INSERT INTO POINT (id, longitude, latitude) VALUES 
("tour1-r2-p001", 106.66115658084294, 10.75304044685048),
("tour1-r2-p002", 106.66104602740485, 10.753037875390405),
("tour1-r2-p003", 106.6611609187708, 10.753040113990968),
("tour1-r2-p004", 106.6611610131095, 10.753040014896614),
("tour1-r2-p005", 106.66129007490552, 10.753042039428966),
("tour1-r2-p006", 106.6614209860424, 10.753043840852937),
("tour1-r2-p007", 106.66143690048017, 10.753044631386661),
("tour1-r2-p008", 106.66144113984036, 10.753114733055506),
("tour1-r2-p009", 106.66144654392912, 10.753211927040514),
("tour1-r2-p010", 106.66145145682965, 10.753293056489895),
("tour1-r2-p011", 106.6614557632685, 10.75337457723111),
("tour1-r2-p012", 106.66146094998996, 10.753459670089482),
("tour1-r2-p013", 106.66146578452505, 10.753549798089276),
("tour1-r2-p014", 106.6614728752188, 10.75366312068177),
("tour1-r2-p015", 106.66147953849892, 10.753793999789785),
("tour1-r2-p016", 106.661486539719, 10.753911234558057),
("tour1-r2-p017", 106.66149198663169, 10.754000380512093),
("tour1-r2-p018", 106.66149833453181, 10.754116457495295),
("tour1-r2-p019", 106.66150598372228, 10.75425314005966),
("tour1-r2-p020", 106.66151206340056, 10.75435696299746),
("tour1-r2-p021", 106.66151869407463, 10.75444175476393),
("tour1-r2-p022", 106.66152841164362, 10.754566450234009),
("tour1-r2-p023", 106.66153669987666, 10.754674863165112),
("tour1-r2-p024", 106.66154322656772, 10.754763314567338),
("tour1-r2-p025", 106.66155178800432, 10.754876432094154),
("tour1-r2-p026", 106.66156016337415, 10.754978284946079),
("tour1-r2-p027", 106.66156555071967, 10.75505413796655),
("tour1-r2-p028", 106.66156564012527, 10.75505879329711),
("tour1-r2-p029", 106.66155419604439, 10.755115974814618),
("tour1-r2-p030", 106.66153742846068, 10.755205594617651),
("tour1-r2-p031", 106.66153153154416, 10.755236329696753),
("tour1-r2-p032", 106.66153081629423, 10.755238613443115),
("tour1-r2-p033", 106.66141610055796, 10.75521606576585),
("tour1-r2-p034", 106.66130038409472, 10.755193236364072),
("tour1-r2-p035", 106.6611633232518, 10.755165777519169),
("tour1-r2-p036", 106.66102417470364, 10.755137720652586),
("tour1-r2-p037", 106.66085235570893, 10.755103966803466),
("tour1-r2-p038", 106.66068884887277, 10.755070879401858),
("tour1-r2-p039", 106.6605251471162, 10.75503936238083),
("tour1-r2-p040", 106.66039365232812, 10.755013480146019),
("tour1-r2-p041", 106.66034419729012, 10.755003704550841),
("tour1-r2-p042", 106.66016845817121, 10.754968918923664),
("tour1-r2-p043", 106.65988204279039, 10.754913179971284),
("tour1-r2-p044", 106.65973825771691, 10.75488574100055),
("tour1-r2-p045", 106.65958908574247, 10.754856405474255),
("tour1-r2-p046", 106.65939725760055, 10.75481933044233),
("tour1-r2-p047", 106.65920894027323, 10.754782993676587),
("tour1-r2-p048", 106.65901964584427, 10.754745954678832),
("tour1-r2-p049", 106.65883969405483, 10.754710946506334),
("tour1-r2-p050", 106.65859699832558, 10.754663757020456),
("tour1-r2-p051", 106.6584743708407, 10.754639744712327),
("tour1-r2-p052", 106.65821228986692, 10.754589741684802),
("tour1-r2-p053", 106.65795923938619, 10.754540228940785),
("tour1-r2-p054", 106.65773508078834, 10.754496897716429),
("tour1-r2-p055", 106.65754555570679, 10.754460290231792),
("tour1-r2-p056", 106.65737991787333, 10.754428597154519),
("tour1-r2-p057", 106.65719708249411, 10.754393285847145),
("tour1-r2-p058", 106.65702798771423, 10.754361941996214),
("tour1-r2-p059", 106.65687769038932, 10.754334219060276),
("tour1-r2-p060", 106.65673447870793, 10.754308096337658),
("tour1-r2-p061", 106.65654873068024, 10.754273498493811),
("tour1-r2-p062", 106.65639724671286, 10.754245334556146),
("tour1-r2-p063", 106.65625606722666, 10.75421868079963),
("tour1-r2-p064", 106.65612556987793, 10.754194756645166),
("tour1-r2-p065", 106.6560065692017, 10.754172885312027),
("tour1-r2-p066", 106.65586072864102, 10.754145648320879),
("tour1-r2-p067", 106.6557124348415, 10.754118283118007),
("tour1-r2-p068", 106.65553522287651, 10.754085961035793),
("tour1-r2-p069", 106.65539489470162, 10.75405925490011),
("tour1-r2-p070", 106.65521474005016, 10.754025431041333),
("tour1-r2-p071", 106.65507065820427, 10.753998964634398),
("tour1-r2-p072", 106.6548462289828, 10.753956840244596),
("tour1-r2-p073", 106.65467759982933, 10.753925975977838),
("tour1-r2-p074", 106.65453049440782, 10.753899105401892),
("tour1-r2-p075", 106.65436086568133, 10.753867921742383),
("tour1-r2-p076", 106.65415719795416, 10.753830928426478),
("tour1-r2-p077", 106.6539538208084, 10.753793680148886),
("tour1-r2-p078", 106.65381177276564, 10.75376761464685),
("tour1-r2-p079", 106.65370374733482, 10.753749616376735),
("tour1-r2-p080", 106.65358719841852, 10.753730760871523),
("tour1-r2-p081", 106.65345301866519, 10.753707227321234),
("tour1-r2-p082", 106.6533988360806, 10.753698447283908),
("tour1-r2-p083", 106.65325473666054, 10.753673440016623),
("tour1-r2-p084", 106.65314207812993, 10.753653367042496),
("tour1-r2-p085", 106.6530268064771, 10.753633938822983),
("tour1-r2-p086", 106.65291531671444, 10.75362068662637),
("tour1-r2-p087", 106.65276695500053, 10.753604010973964),
("tour1-r2-p088", 106.6526287305645, 10.753588992902362),
("tour1-r2-p089", 106.65243535605039, 10.753566506367825),
("tour1-r2-p090", 106.65225693303304, 10.753545804937147),
("tour1-r2-p091", 106.65213492610508, 10.75353104127641),
("tour1-r2-p092", 106.65194259195255, 10.753508879440998),
("tour1-r2-p093", 106.65182912832039, 10.753495654091575),
("tour1-r2-p094", 106.65167820783691, 10.753494321224437),
("tour1-r2-p095", 106.65150755434506, 10.753494471845736),
("tour1-r2-p096", 106.6513193311124, 10.75349496315332),
("tour1-r2-p097", 106.6511971026386, 10.753494872577471),
("tour1-r2-p098", 106.65107745697145, 10.753495669863183),
("tour1-r2-p099", 106.65089383576276, 10.753496481415882),
("tour1-r2-p100", 106.65071285164862, 10.753496449540592),
("tour1-r2-p101", 106.6506895737942, 10.753496627681702),
("tour1-r2-p102", 106.65068957379926, 10.75344779036683),
("tour1-r2-p103", 106.65068995686335, 10.753407713851075),
("tour1-r2-p104", 106.65069587798703, 10.753326680096738),
("tour1-r2-p105", 106.65069552035953, 10.753322903105524),
("tour1-r2-p106", 106.65068576385218, 10.753248029586269),
("tour1-r2-p107", 106.65067479009613, 10.753160669191447),
("tour1-r2-p108", 106.65065965797777, 10.753045283177833),
("tour1-r2-p109", 106.65064632189205, 10.752945156638358),
("tour1-r2-p110", 106.65063000607833, 10.752818349761696),
("tour1-r2-p111", 106.6506167641181, 10.752718313290059),
("tour1-r2-p112", 106.65060874099376, 10.752622015619531),
("tour1-r2-p113", 106.65061330075115, 10.752491901355503),
("tour1-r2-p114", 106.65061732405955, 10.75238431110605),
("tour1-r2-p115", 106.65061830753653, 10.752356378866436),
("tour1-r2-p116", 106.65061231726915, 10.752305081923287),
("tour1-r2-p117", 106.65060175027894, 10.75221547938755),
("tour1-r2-p118", 106.65058551321421, 10.752073700454368),
("tour1-r2-p119", 106.65056586122773, 10.751902839893472),
("tour1-r2-p120", 106.65055129257124, 10.751783150824354),
("tour1-r2-p121", 106.650529911831, 10.751619147614537),
("tour1-r2-p122", 106.65051259731484, 10.751480824889075),
("tour1-r2-p123", 106.65050736438263, 10.751429165694057),
("tour1-r2-p124", 106.6504955451442, 10.751306429636646),
("tour1-r2-p125", 106.65048372794695, 10.751188858231698),
("tour1-r2-p126", 106.65047148799191, 10.751059780023512),
("tour1-r2-p127", 106.65046862696656, 10.7510253476717),
("tour1-r2-p128", 106.650437155716, 10.751027104427274),
("tour1-r2-p129", 106.65041444634493, 10.751028861177812),
("tour1-r2-p130", 106.65031171860218, 10.751042720614207),
("tour1-r2-p131", 106.65021977832033, 10.751052997613028),
("tour1-r2-p132", 106.65011746890629, 10.751064106928023),
("tour1-r2-p133", 106.65009958750944, 10.751065600174606),
("tour1-r2-p134", 106.65000782635948, 10.751020564509124),
("tour1-r2-p135", 106.6499024228482, 10.750967824360055),
("tour1-r2-p136", 106.64980586006038, 10.750921314736123),
("tour1-r2-p137", 106.64976482225933, 10.750899970184783),
("tour1-r2-p138", 106.64965256431124, 10.750842763321154),
("tour1-r2-p139", 106.64956048189693, 10.750796270186923),
("tour1-r2-p140", 106.64955502807331, 10.750730567595978),
("tour1-r2-p141", 106.64955011070889, 10.750670398762193),
("tour1-r2-p142", 106.64954246357348, 10.750571176382875),
("tour1-r2-p143", 106.64953543634161, 10.750486490086525),
("tour1-r2-p144", 106.64952632930931, 10.750384556298629),
("tour1-r2-p145", 106.6495179616341, 10.750294955636646),
("tour1-r2-p146", 106.64950860691262, 10.75019249087138),
("tour1-r2-p147", 106.64949757293624, 10.75007350956822),
("tour1-r2-p148", 106.649484379854, 10.749930864946561),
("tour1-r2-p149", 106.64947099996274, 10.749786639137488),
("tour1-r2-p150", 106.64946504334786, 10.749722280426925),
("tour1-r2-p151", 106.64952807525984, 10.749731152059239),
("tour1-r2-p152", 106.64962669059203, 10.749745573583485),
("tour1-r2-p153", 106.64969819674613, 10.749755969842026),
("tour1-r2-p154", 106.64977061730245, 10.74977200053111),
("tour1-r2-p155", 106.64986781165253, 10.749792010781746),
("tour1-r2-p156", 106.64993679911424, 10.749807472314131),
("tour1-r2-p157", 106.65004360587804, 10.749828507126646),
("tour1-r2-p158", 106.65017254461254, 10.749854614622118),
("tour1-r2-p159", 106.65018810142277, 10.749857337602318),
("tour1-r2-p160", 106.65020837926737, 10.749785850553152),
("tour1-r2-p161", 106.65023691143153, 10.749680104482264),
("tour1-r2-p162", 106.65062744108036, 10.749761618181427),
("tour1-r2-p163", 106.65100080460786, 10.749843131818364),
("tour1-r2-p164", 106.65108091325587, 10.74946367156932);

-- tour
INSERT INTO TOUR 
(id, name, price, date_start, total_time, description, thumbnail_img, center_point_id, zoom_val, admin_id)
VALUES
("tour1", "Tour Dinh Độc Lập - Hội quán Tuệ Thanh - Chợ Bình Tây", 3500000, "2024-12-12", "3 ngày 2 đêm", "Tour tham quan 3 điểm đến nổi tiếng tại Thành phố Hồ Chí Minh", "https://static.hotdeal.vn/images/1598/1598345/500x500/356818-tour-sai-gon-city-tour-1-ngay-dinh-doc-lap-nha-tho-duc-ba-buu-dien-thanh-pho-cho-ben-thanh-khoi-hanh-hang-ngay-ko-phu-thu-cuoi-tuan.jpg", "tour1-center", 13, 1);

-- route 
INSERT INTO ROUTE (id, name, description, tour_id) VALUES 
("tour1-route1", "Từ Dinh Độc Lập đến Hội quán Tuệ Thành", "Từ Dinh Độc Lập đến Hội quán Tuệ Thành", "tour1"),
("tour1-route2", "Từ hội quán Tuệ Thành đến chợ Bình Tây", "Từ hội quán Tuệ Thành đến chợ Bình Tây", "tour1");

-- route point
INSERT INTO ROUTE_POINT (route_id, point_id) VALUES 
("tour1-route1", "tour1-r1-p001"),
("tour1-route1", "tour1-r1-p002"),
("tour1-route1", "tour1-r1-p003"),
("tour1-route1", "tour1-r1-p004"),
("tour1-route1", "tour1-r1-p005"),
("tour1-route1", "tour1-r1-p006"),
("tour1-route1", "tour1-r1-p007"),
("tour1-route1", "tour1-r1-p008"),
("tour1-route1", "tour1-r1-p009"),
("tour1-route1", "tour1-r1-p010"),
("tour1-route1", "tour1-r1-p011"),
("tour1-route1", "tour1-r1-p012"),
("tour1-route1", "tour1-r1-p013"),
("tour1-route1", "tour1-r1-p014"),
("tour1-route1", "tour1-r1-p015"),
("tour1-route1", "tour1-r1-p016"),
("tour1-route1", "tour1-r1-p017"),
("tour1-route1", "tour1-r1-p018"),
("tour1-route1", "tour1-r1-p019"),
("tour1-route1", "tour1-r1-p020"),
("tour1-route1", "tour1-r1-p021"),
("tour1-route1", "tour1-r1-p022"),
("tour1-route1", "tour1-r1-p023"),
("tour1-route1", "tour1-r1-p024"),
("tour1-route1", "tour1-r1-p025"),
("tour1-route1", "tour1-r1-p026"),
("tour1-route1", "tour1-r1-p027"),
("tour1-route1", "tour1-r1-p028"),
("tour1-route1", "tour1-r1-p029"),
("tour1-route1", "tour1-r1-p030"),
("tour1-route1", "tour1-r1-p031"),
("tour1-route1", "tour1-r1-p032"),
("tour1-route1", "tour1-r1-p033"),
("tour1-route1", "tour1-r1-p034"),
("tour1-route1", "tour1-r1-p035"),
("tour1-route1", "tour1-r1-p036"),
("tour1-route1", "tour1-r1-p037"),
("tour1-route1", "tour1-r1-p038"),
("tour1-route1", "tour1-r1-p039"),
("tour1-route1", "tour1-r1-p040"),
("tour1-route1", "tour1-r1-p041"),
("tour1-route1", "tour1-r1-p042"),
("tour1-route1", "tour1-r1-p043"),
("tour1-route1", "tour1-r1-p044"),
("tour1-route1", "tour1-r1-p045"),
("tour1-route1", "tour1-r1-p046"),
("tour1-route1", "tour1-r1-p047"),
("tour1-route1", "tour1-r1-p048"),
("tour1-route1", "tour1-r1-p049"),
("tour1-route1", "tour1-r1-p050"),
("tour1-route1", "tour1-r1-p051"),
("tour1-route1", "tour1-r1-p052"),
("tour1-route1", "tour1-r1-p053"),
("tour1-route1", "tour1-r1-p054"),
("tour1-route1", "tour1-r1-p055"),
("tour1-route1", "tour1-r1-p056"),
("tour1-route1", "tour1-r1-p057"),
("tour1-route1", "tour1-r1-p058"),
("tour1-route1", "tour1-r1-p059"),
("tour1-route1", "tour1-r1-p060"),
("tour1-route1", "tour1-r1-p061"),
("tour1-route1", "tour1-r1-p062"),
("tour1-route1", "tour1-r1-p063"),
("tour1-route1", "tour1-r1-p064"),
("tour1-route1", "tour1-r1-p065"),
("tour1-route1", "tour1-r1-p066"),
("tour1-route1", "tour1-r1-p067"),
("tour1-route1", "tour1-r1-p068"),
("tour1-route1", "tour1-r1-p069"),
("tour1-route1", "tour1-r1-p070"),
("tour1-route1", "tour1-r1-p071"),
("tour1-route1", "tour1-r1-p072"),
("tour1-route1", "tour1-r1-p073"),
("tour1-route1", "tour1-r1-p074"),
("tour1-route1", "tour1-r1-p075"),
("tour1-route1", "tour1-r1-p076"),
("tour1-route1", "tour1-r1-p077"),
("tour1-route1", "tour1-r1-p078"),
("tour1-route1", "tour1-r1-p079"),
("tour1-route1", "tour1-r1-p080"),
("tour1-route1", "tour1-r1-p081"),
("tour1-route1", "tour1-r1-p082"),
("tour1-route1", "tour1-r1-p083"),
("tour1-route1", "tour1-r1-p084"),
("tour1-route1", "tour1-r1-p085"),
("tour1-route1", "tour1-r1-p086"),
("tour1-route1", "tour1-r1-p087"),
("tour1-route1", "tour1-r1-p088"),
("tour1-route1", "tour1-r1-p089"),
("tour1-route1", "tour1-r1-p090"),
("tour1-route1", "tour1-r1-p091"),
("tour1-route1", "tour1-r1-p092"),
("tour1-route1", "tour1-r1-p093"),
("tour1-route1", "tour1-r1-p094"),
("tour1-route1", "tour1-r1-p095"),
("tour1-route1", "tour1-r1-p096"),
("tour1-route1", "tour1-r1-p097"),
("tour1-route1", "tour1-r1-p098"),
("tour1-route1", "tour1-r1-p099"),
("tour1-route1", "tour1-r1-p100"),
("tour1-route1", "tour1-r1-p101"),
("tour1-route1", "tour1-r1-p102"),
("tour1-route1", "tour1-r1-p103"),
("tour1-route1", "tour1-r1-p104"),
("tour1-route1", "tour1-r1-p105"),
("tour1-route1", "tour1-r1-p106"),
("tour1-route1", "tour1-r1-p107"),
("tour1-route1", "tour1-r1-p108"),
("tour1-route1", "tour1-r1-p109"),
("tour1-route1", "tour1-r1-p110"),
("tour1-route1", "tour1-r1-p111"),
("tour1-route1", "tour1-r1-p112"),
("tour1-route1", "tour1-r1-p113"),
("tour1-route1", "tour1-r1-p114"),
("tour1-route1", "tour1-r1-p115"),
("tour1-route1", "tour1-r1-p116"),
("tour1-route1", "tour1-r1-p117"),
("tour1-route1", "tour1-r1-p118"),
("tour1-route1", "tour1-r1-p119"),
("tour1-route1", "tour1-r1-p120"),
("tour1-route1", "tour1-r1-p121"),
("tour1-route1", "tour1-r1-p122"),
("tour1-route1", "tour1-r1-p123"),
("tour1-route1", "tour1-r1-p124"),
("tour1-route1", "tour1-r1-p125"),
("tour1-route1", "tour1-r1-p126"),
("tour1-route1", "tour1-r1-p127"),
("tour1-route1", "tour1-r1-p128"),
("tour1-route1", "tour1-r1-p129"),
("tour1-route1", "tour1-r1-p130"),
("tour1-route1", "tour1-r1-p131"),
("tour1-route1", "tour1-r1-p132"),
("tour1-route1", "tour1-r1-p133"),
("tour1-route1", "tour1-r1-p134"),
("tour1-route1", "tour1-r1-p135"),
("tour1-route1", "tour1-r1-p136"),
("tour1-route1", "tour1-r1-p137"),
("tour1-route1", "tour1-r1-p138"),
("tour1-route1", "tour1-r1-p139"),
("tour1-route1", "tour1-r1-p140"),
("tour1-route1", "tour1-r1-p141"),
("tour1-route1", "tour1-r1-p142"),
("tour1-route1", "tour1-r1-p143"),
("tour1-route1", "tour1-r1-p144"),
("tour1-route1", "tour1-r1-p145"),
("tour1-route1", "tour1-r1-p146"),
("tour1-route1", "tour1-r1-p147"),
("tour1-route1", "tour1-r1-p148"),
("tour1-route1", "tour1-r1-p149"),
("tour1-route1", "tour1-r1-p150"),
("tour1-route1", "tour1-r1-p151"),
("tour1-route1", "tour1-r1-p152"),
("tour1-route1", "tour1-r1-p153"),
("tour1-route1", "tour1-r1-p154"),
("tour1-route1", "tour1-r1-p155"),
("tour1-route1", "tour1-r1-p156"),
("tour1-route1", "tour1-r1-p157"),
("tour1-route1", "tour1-r1-p158"),
("tour1-route1", "tour1-r1-p159"),
("tour1-route1", "tour1-r1-p160"),
("tour1-route1", "tour1-r1-p161"),
("tour1-route1", "tour1-r1-p162"),
("tour1-route1", "tour1-r1-p163"),
("tour1-route1", "tour1-r1-p164"),
("tour1-route1", "tour1-r1-p165"),
("tour1-route1", "tour1-r1-p166"),
("tour1-route1", "tour1-r1-p167"),
("tour1-route1", "tour1-r1-p168"),
("tour1-route1", "tour1-r1-p169"),
("tour1-route1", "tour1-r1-p170"),
("tour1-route1", "tour1-r1-p171"),
("tour1-route1", "tour1-r1-p172"),
("tour1-route1", "tour1-r1-p173"),
("tour1-route1", "tour1-r1-p174"),
("tour1-route1", "tour1-r1-p175"),
("tour1-route1", "tour1-r1-p176"),
("tour1-route1", "tour1-r1-p177"),
("tour1-route1", "tour1-r1-p178"),
("tour1-route1", "tour1-r1-p179"),
("tour1-route1", "tour1-r1-p180"),
("tour1-route1", "tour1-r1-p181"),
("tour1-route1", "tour1-r1-p182"),
("tour1-route1", "tour1-r1-p183"),
("tour1-route1", "tour1-r1-p184"),
("tour1-route1", "tour1-r1-p185"),
("tour1-route1", "tour1-r1-p186"),
("tour1-route1", "tour1-r1-p187"),
("tour1-route1", "tour1-r1-p188"),
("tour1-route1", "tour1-r1-p189"),
("tour1-route1", "tour1-r1-p190"),
("tour1-route1", "tour1-r1-p191"),
("tour1-route1", "tour1-r1-p192"),
("tour1-route1", "tour1-r1-p193"),
("tour1-route1", "tour1-r1-p194"),
("tour1-route1", "tour1-r1-p195"),
("tour1-route1", "tour1-r1-p196"),
("tour1-route1", "tour1-r1-p197"),
("tour1-route1", "tour1-r1-p198"),
("tour1-route1", "tour1-r1-p199"),
("tour1-route1", "tour1-r1-p200"),
("tour1-route1", "tour1-r1-p201"),
("tour1-route1", "tour1-r1-p202"),
("tour1-route1", "tour1-r1-p203"),
("tour1-route1", "tour1-r1-p204"),
("tour1-route1", "tour1-r1-p205"),
("tour1-route1", "tour1-r1-p206"),
("tour1-route1", "tour1-r1-p207"),
("tour1-route1", "tour1-r1-p208"),
("tour1-route1", "tour1-r1-p209"),
("tour1-route1", "tour1-r1-p210"),
("tour1-route1", "tour1-r1-p211"),
("tour1-route1", "tour1-r1-p212"),
("tour1-route1", "tour1-r1-p213"),
("tour1-route1", "tour1-r1-p214"),
("tour1-route1", "tour1-r1-p215"),
("tour1-route1", "tour1-r1-p216"),
("tour1-route1", "tour1-r1-p217"),
("tour1-route1", "tour1-r1-p218"),
("tour1-route1", "tour1-r1-p219"),
("tour1-route1", "tour1-r1-p220"),
("tour1-route1", "tour1-r1-p221"),
("tour1-route1", "tour1-r1-p222"),
("tour1-route1", "tour1-r1-p223"),
("tour1-route1", "tour1-r1-p224"),
("tour1-route1", "tour1-r1-p225"),
("tour1-route1", "tour1-r1-p226"),
("tour1-route1", "tour1-r1-p227"),
("tour1-route1", "tour1-r1-p228"),
("tour1-route1", "tour1-r1-p229"),
("tour1-route1", "tour1-r1-p230"),
("tour1-route1", "tour1-r1-p231"),
("tour1-route1", "tour1-r1-p232"),
("tour1-route1", "tour1-r1-p233"),
("tour1-route1", "tour1-r1-p234"),
("tour1-route1", "tour1-r1-p235"),
("tour1-route1", "tour1-r1-p236"),
("tour1-route1", "tour1-r1-p237"),
("tour1-route1", "tour1-r1-p238"),
("tour1-route1", "tour1-r1-p239"),
("tour1-route1", "tour1-r1-p240"),
("tour1-route1", "tour1-r1-p241"),
("tour1-route1", "tour1-r1-p242"),
("tour1-route1", "tour1-r1-p243"),
("tour1-route1", "tour1-r1-p244"),
("tour1-route1", "tour1-r1-p245"),
("tour1-route1", "tour1-r1-p246"),
("tour1-route1", "tour1-r1-p247"),
("tour1-route1", "tour1-r1-p248"),
("tour1-route1", "tour1-r1-p249"),
("tour1-route1", "tour1-r1-p250"),
("tour1-route1", "tour1-r1-p251"),
("tour1-route1", "tour1-r1-p252"),
("tour1-route1", "tour1-r1-p253"),
("tour1-route1", "tour1-r1-p254"),
("tour1-route1", "tour1-r1-p255"),
("tour1-route1", "tour1-r1-p256"),
("tour1-route1", "tour1-r1-p257"),
("tour1-route1", "tour1-r1-p258"),
("tour1-route1", "tour1-r1-p259"),
("tour1-route1", "tour1-r1-p260"),
("tour1-route1", "tour1-r1-p261"),
("tour1-route1", "tour1-r1-p262"),
("tour1-route1", "tour1-r1-p263"),
("tour1-route1", "tour1-r1-p264"),
("tour1-route1", "tour1-r1-p265"),
("tour1-route1", "tour1-r1-p266"),
("tour1-route1", "tour1-r1-p267"),
("tour1-route1", "tour1-r1-p268"),
("tour1-route1", "tour1-r1-p269"),
("tour1-route1", "tour1-r1-p270"),
("tour1-route1", "tour1-r1-p271"),
("tour1-route1", "tour1-r1-p272"),
("tour1-route1", "tour1-r1-p273"),
("tour1-route1", "tour1-r1-p274"),
("tour1-route1", "tour1-r1-p275"),
("tour1-route1", "tour1-r1-p276"),
("tour1-route1", "tour1-r1-p277"),
("tour1-route1", "tour1-r1-p278"),
("tour1-route1", "tour1-r1-p279"),
("tour1-route1", "tour1-r1-p280"),
("tour1-route1", "tour1-r1-p281"),
("tour1-route1", "tour1-r1-p282"),
("tour1-route1", "tour1-r1-p283"),
("tour1-route1", "tour1-r1-p284"),
("tour1-route1", "tour1-r1-p285"),
("tour1-route1", "tour1-r1-p286"),
("tour1-route1", "tour1-r1-p287"),
("tour1-route1", "tour1-r1-p288"),
("tour1-route1", "tour1-r1-p289"),
("tour1-route1", "tour1-r1-p290"),
("tour1-route1", "tour1-r1-p291"),
("tour1-route1", "tour1-r1-p292"),
("tour1-route1", "tour1-r1-p293"),
("tour1-route1", "tour1-r1-p294"),
("tour1-route1", "tour1-r1-p295"),
("tour1-route1", "tour1-r1-p296"),
("tour1-route1", "tour1-r1-p297"),
("tour1-route1", "tour1-r1-p298"),
("tour1-route1", "tour1-r1-p299"),
("tour1-route1", "tour1-r1-p300"),
("tour1-route1", "tour1-r1-p301"),
("tour1-route1", "tour1-r1-p302"),
("tour1-route1", "tour1-r1-p303"),
("tour1-route1", "tour1-r1-p304"),
("tour1-route1", "tour1-r1-p305"),
("tour1-route1", "tour1-r1-p306"),
("tour1-route1", "tour1-r1-p307"),
("tour1-route1", "tour1-r1-p308"),
("tour1-route1", "tour1-r1-p309"),
("tour1-route1", "tour1-r1-p310"),
("tour1-route1", "tour1-r1-p311"),
("tour1-route1", "tour1-r1-p312"),
("tour1-route1", "tour1-r1-p313"),
("tour1-route1", "tour1-r1-p314"),
("tour1-route1", "tour1-r1-p315"),
("tour1-route1", "tour1-r1-p316"),
("tour1-route1", "tour1-r1-p317"),
("tour1-route1", "tour1-r1-p318"),
("tour1-route1", "tour1-r1-p319"),
("tour1-route1", "tour1-r1-p320"),
("tour1-route1", "tour1-r1-p321"),
("tour1-route1", "tour1-r1-p322"),
("tour1-route1", "tour1-r1-p323"),
("tour1-route1", "tour1-r1-p324"),
("tour1-route1", "tour1-r1-p325"),
("tour1-route1", "tour1-r1-p326"),
("tour1-route1", "tour1-r1-p327"),
("tour1-route1", "tour1-r1-p328"),
("tour1-route1", "tour1-r1-p329"),
("tour1-route1", "tour1-r1-p330"),
("tour1-route1", "tour1-r1-p331"),
("tour1-route1", "tour1-r1-p332"),
("tour1-route1", "tour1-r1-p333"),
("tour1-route1", "tour1-r1-p334"),
("tour1-route1", "tour1-r1-p335"),
("tour1-route1", "tour1-r1-p336"),
("tour1-route1", "tour1-r1-p337"),
("tour1-route1", "tour1-r1-p338"),
("tour1-route1", "tour1-r1-p339"),
("tour1-route1", "tour1-r1-p340"),
("tour1-route1", "tour1-r1-p341"),
("tour1-route1", "tour1-r1-p342"),
("tour1-route1", "tour1-r1-p343"),
("tour1-route1", "tour1-r1-p344"),
("tour1-route1", "tour1-r1-p345"),
("tour1-route1", "tour1-r1-p346"),
("tour1-route1", "tour1-r1-p347"),
("tour1-route1", "tour1-r1-p348"),
("tour1-route1", "tour1-r1-p349"),
("tour1-route1", "tour1-r1-p350"),
("tour1-route1", "tour1-r1-p351"),
("tour1-route1", "tour1-r1-p352"),
("tour1-route1", "tour1-r1-p353"),
("tour1-route1", "tour1-r1-p354"),
("tour1-route1", "tour1-r1-p355"),
("tour1-route1", "tour1-r1-p356"),
("tour1-route1", "tour1-r1-p357"),
("tour1-route1", "tour1-r1-p358"),
("tour1-route1", "tour1-r1-p359"),
("tour1-route1", "tour1-r1-p360"),
("tour1-route1", "tour1-r1-p361"),
("tour1-route1", "tour1-r1-p362"),
("tour1-route1", "tour1-r1-p363"),
("tour1-route1", "tour1-r1-p364"),
("tour1-route1", "tour1-r1-p365"),
("tour1-route1", "tour1-r1-p366"),
("tour1-route1", "tour1-r1-p367"),
("tour1-route1", "tour1-r1-p368"),
("tour1-route1", "tour1-r1-p369"),
("tour1-route1", "tour1-r1-p370"),
("tour1-route1", "tour1-r1-p371"),
("tour1-route1", "tour1-r1-p372"),
("tour1-route1", "tour1-r1-p373"),
("tour1-route1", "tour1-r1-p374"),
("tour1-route1", "tour1-r1-p375"),
("tour1-route1", "tour1-r1-p376"),
("tour1-route1", "tour1-r1-p377"),
("tour1-route1", "tour1-r1-p378"),
("tour1-route1", "tour1-r1-p379"),
("tour1-route1", "tour1-r1-p380"),
("tour1-route1", "tour1-r1-p381"),
("tour1-route1", "tour1-r1-p382"),
("tour1-route1", "tour1-r1-p383"),
("tour1-route1", "tour1-r1-p384"),
("tour1-route1", "tour1-r1-p385"),
("tour1-route1", "tour1-r1-p386"),
("tour1-route1", "tour1-r1-p387"),
("tour1-route1", "tour1-r1-p388"),
("tour1-route1", "tour1-r1-p389"),
("tour1-route1", "tour1-r1-p390"),
("tour1-route1", "tour1-r1-p391"),
("tour1-route1", "tour1-r1-p392"),
("tour1-route1", "tour1-r1-p393"),
("tour1-route1", "tour1-r1-p394"),
("tour1-route1", "tour1-r1-p395"),
("tour1-route1", "tour1-r1-p396"),
("tour1-route1", "tour1-r1-p397"),
("tour1-route1", "tour1-r1-p398"),
("tour1-route1", "tour1-r1-p399"),
("tour1-route1", "tour1-r1-p400"),
("tour1-route1", "tour1-r1-p401"),
("tour1-route1", "tour1-r1-p402"),
("tour1-route1", "tour1-r1-p403"),
("tour1-route1", "tour1-r1-p404"),
("tour1-route1", "tour1-r1-p405"),
("tour1-route1", "tour1-r1-p406"),
("tour1-route1", "tour1-r1-p407"),
("tour1-route1", "tour1-r1-p408"),
("tour1-route1", "tour1-r1-p409"),
("tour1-route1", "tour1-r1-p410"),
("tour1-route1", "tour1-r1-p411"),
("tour1-route1", "tour1-r1-p412"),
("tour1-route1", "tour1-r1-p413"),
("tour1-route1", "tour1-r1-p414"),
("tour1-route1", "tour1-r1-p415"),
("tour1-route1", "tour1-r1-p416"),
("tour1-route1", "tour1-r1-p417"),
("tour1-route1", "tour1-r1-p418"),
("tour1-route1", "tour1-r1-p419"),
("tour1-route1", "tour1-r1-p420"),
("tour1-route1", "tour1-r1-p421"),
("tour1-route1", "tour1-r1-p422"),
("tour1-route1", "tour1-r1-p423"),
("tour1-route1", "tour1-r1-p424"),
("tour1-route1", "tour1-r1-p425"),
("tour1-route1", "tour1-r1-p426"),
("tour1-route1", "tour1-r1-p427"),
("tour1-route1", "tour1-r1-p428"),
("tour1-route1", "tour1-r1-p429"),
("tour1-route1", "tour1-r1-p430"),
("tour1-route1", "tour1-r1-p431"),
("tour1-route1", "tour1-r1-p432"),
("tour1-route1", "tour1-r1-p433"),
("tour1-route1", "tour1-r1-p434"),
("tour1-route1", "tour1-r1-p435"),
("tour1-route1", "tour1-r1-p436"),
("tour1-route1", "tour1-r1-p437"),
("tour1-route1", "tour1-r1-p438"),
("tour1-route1", "tour1-r1-p439"),
("tour1-route1", "tour1-r1-p440"),
("tour1-route1", "tour1-r1-p441"),
("tour1-route1", "tour1-r1-p442"),
("tour1-route1", "tour1-r1-p443"),
("tour1-route1", "tour1-r1-p444"),
("tour1-route1", "tour1-r1-p445"),
("tour1-route1", "tour1-r1-p446"),
("tour1-route1", "tour1-r1-p447"),
("tour1-route1", "tour1-r1-p448"),
("tour1-route1", "tour1-r1-p449"),
("tour1-route1", "tour1-r1-p450"),
("tour1-route1", "tour1-r1-p451"),
("tour1-route1", "tour1-r1-p452"),
("tour1-route1", "tour1-r1-p453"),
("tour1-route1", "tour1-r1-p454"),
("tour1-route1", "tour1-r1-p455"),
("tour1-route1", "tour1-r1-p456"),
("tour1-route1", "tour1-r1-p457"),
("tour1-route1", "tour1-r1-p458"),
("tour1-route1", "tour1-r1-p459"),
("tour1-route1", "tour1-r1-p460"),
("tour1-route1", "tour1-r1-p461"),
("tour1-route1", "tour1-r1-p462"),
("tour1-route1", "tour1-r1-p463"),
("tour1-route1", "tour1-r1-p464"),
("tour1-route1", "tour1-r1-p465"),
("tour1-route1", "tour1-r1-p466"),
("tour1-route1", "tour1-r1-p467"),
("tour1-route1", "tour1-r1-p468"),
("tour1-route1", "tour1-r1-p469"),
("tour1-route1", "tour1-r1-p470"),
("tour1-route1", "tour1-r1-p471"),
("tour1-route1", "tour1-r1-p472"),
("tour1-route1", "tour1-r1-p473"),
("tour1-route1", "tour1-r1-p474"),
("tour1-route1", "tour1-r1-p475"),
("tour1-route1", "tour1-r1-p476"),
("tour1-route1", "tour1-r1-p477"),
("tour1-route1", "tour1-r1-p478"),
("tour1-route1", "tour1-r1-p479"),
("tour1-route1", "tour1-r1-p480"),
("tour1-route1", "tour1-r1-p481"),
("tour1-route1", "tour1-r1-p482"),
("tour1-route1", "tour1-r1-p483"),
("tour1-route1", "tour1-r1-p484"),
("tour1-route1", "tour1-r1-p485"),
("tour1-route1", "tour1-r1-p486"),
("tour1-route1", "tour1-r1-p487"),
("tour1-route1", "tour1-r1-p488"),
("tour1-route1", "tour1-r1-p489"),
("tour1-route1", "tour1-r1-p490"),
("tour1-route1", "tour1-r1-p491"),
("tour1-route1", "tour1-r1-p492"),
("tour1-route1", "tour1-r1-p493"),
("tour1-route1", "tour1-r1-p494"),
("tour1-route1", "tour1-r1-p495"),
("tour1-route1", "tour1-r1-p496"),
("tour1-route1", "tour1-r1-p497"),
("tour1-route1", "tour1-r1-p498"),
("tour1-route1", "tour1-r1-p499"),
("tour1-route1", "tour1-r1-p500"),
("tour1-route1", "tour1-r1-p501"),
("tour1-route1", "tour1-r1-p502"),
("tour1-route1", "tour1-r1-p503"),
("tour1-route1", "tour1-r1-p504"),
("tour1-route1", "tour1-r1-p505"),
("tour1-route1", "tour1-r1-p506"),
("tour1-route1", "tour1-r1-p507"),
("tour1-route1", "tour1-r1-p508"),
("tour1-route1", "tour1-r1-p509"),
("tour1-route1", "tour1-r1-p510"),
("tour1-route1", "tour1-r1-p511"),
("tour1-route1", "tour1-r1-p512"),
("tour1-route1", "tour1-r1-p513"),
("tour1-route1", "tour1-r1-p514"),
("tour1-route1", "tour1-r1-p515"),
("tour1-route1", "tour1-r1-p516"),
("tour1-route1", "tour1-r1-p517"),
("tour1-route1", "tour1-r1-p518"),
("tour1-route1", "tour1-r1-p519"),
("tour1-route1", "tour1-r1-p520"),
("tour1-route1", "tour1-r1-p521"),
("tour1-route1", "tour1-r1-p522"),
("tour1-route1", "tour1-r1-p523"),
("tour1-route1", "tour1-r1-p524"),
("tour1-route1", "tour1-r1-p525"),
("tour1-route1", "tour1-r1-p526"),
("tour1-route1", "tour1-r1-p527"),
("tour1-route1", "tour1-r1-p528"),
("tour1-route1", "tour1-r1-p529"),
("tour1-route1", "tour1-r1-p530"),
("tour1-route1", "tour1-r1-p531"),
("tour1-route1", "tour1-r1-p532"),
("tour1-route1", "tour1-r1-p533"),
("tour1-route1", "tour1-r1-p534"),
("tour1-route1", "tour1-r1-p535"),
("tour1-route1", "tour1-r1-p536"),
("tour1-route1", "tour1-r1-p537"),
("tour1-route1", "tour1-r1-p538"),
("tour1-route1", "tour1-r1-p539"),
("tour1-route1", "tour1-r1-p540"),
("tour1-route1", "tour1-r1-p541"),
("tour1-route1", "tour1-r1-p542"),
("tour1-route1", "tour1-r1-p543"),
("tour1-route1", "tour1-r1-p544"),
("tour1-route1", "tour1-r1-p545"),
("tour1-route1", "tour1-r1-p546"),
("tour1-route1", "tour1-r1-p547"),
("tour1-route1", "tour1-r1-p548"),
("tour1-route1", "tour1-r1-p549"),
("tour1-route1", "tour1-r1-p550"),
("tour1-route1", "tour1-r1-p551"),
("tour1-route1", "tour1-r1-p552"),
("tour1-route1", "tour1-r1-p553"),
("tour1-route1", "tour1-r1-p554"),
("tour1-route1", "tour1-r1-p555"),
("tour1-route1", "tour1-r1-p556"),
("tour1-route1", "tour1-r1-p557"),
("tour1-route1", "tour1-r1-p558"),
("tour1-route1", "tour1-r1-p559"),
("tour1-route1", "tour1-r1-p560"),
("tour1-route1", "tour1-r1-p561"),
("tour1-route1", "tour1-r1-p562"),
("tour1-route1", "tour1-r1-p563"),
("tour1-route1", "tour1-r1-p564"),
("tour1-route1", "tour1-r1-p565"),
("tour1-route1", "tour1-r1-p566"),
("tour1-route1", "tour1-r1-p567"),
("tour1-route1", "tour1-r1-p568"),
("tour1-route1", "tour1-r1-p569"),
("tour1-route1", "tour1-r1-p570"),
("tour1-route1", "tour1-r1-p571"),
("tour1-route1", "tour1-r1-p572"),
("tour1-route1", "tour1-r1-p573"),
("tour1-route1", "tour1-r1-p574"),
("tour1-route1", "tour1-r1-p575"),
("tour1-route1", "tour1-r1-p576"),
("tour1-route1", "tour1-r1-p577"),
("tour1-route1", "tour1-r1-p578"),
("tour1-route1", "tour1-r1-p579"),
("tour1-route1", "tour1-r1-p580"),
("tour1-route1", "tour1-r1-p581"),
("tour1-route1", "tour1-r1-p582"),
("tour1-route1", "tour1-r1-p583"),
("tour1-route1", "tour1-r1-p584"),
("tour1-route1", "tour1-r1-p585"),
("tour1-route1", "tour1-r1-p586"),
("tour1-route1", "tour1-r1-p587"),
("tour1-route1", "tour1-r1-p588"),
("tour1-route1", "tour1-r1-p589"),
("tour1-route1", "tour1-r1-p590"),
("tour1-route1", "tour1-r1-p591"),
("tour1-route1", "tour1-r1-p592"),
("tour1-route1", "tour1-r1-p593"),
("tour1-route1", "tour1-r1-p594"),
("tour1-route1", "tour1-r1-p595"),
("tour1-route1", "tour1-r1-p596"),
("tour1-route1", "tour1-r1-p597"),
("tour1-route1", "tour1-r1-p598"),
("tour1-route1", "tour1-r1-p599"),
("tour1-route1", "tour1-r1-p600"),
("tour1-route1", "tour1-r1-p601"),
("tour1-route1", "tour1-r1-p602"),
("tour1-route1", "tour1-r1-p603"),
("tour1-route1", "tour1-r1-p604"),
("tour1-route1", "tour1-r1-p605"),
("tour1-route1", "tour1-r1-p606"),
("tour1-route1", "tour1-r1-p607"),
("tour1-route1", "tour1-r1-p608"),
("tour1-route1", "tour1-r1-p609"),
("tour1-route1", "tour1-r1-p610"),
("tour1-route1", "tour1-r1-p611"),
("tour1-route1", "tour1-r1-p612"),
("tour1-route1", "tour1-r1-p613"),
("tour1-route1", "tour1-r1-p614"),
("tour1-route1", "tour1-r1-p615"),
("tour1-route1", "tour1-r1-p616"),
("tour1-route1", "tour1-r1-p617"),
("tour1-route1", "tour1-r1-p618"),
("tour1-route1", "tour1-r1-p619"),
("tour1-route1", "tour1-r1-p620"),
("tour1-route1", "tour1-r1-p621"),
("tour1-route1", "tour1-r1-p622"),
("tour1-route1", "tour1-r1-p623"),
("tour1-route1", "tour1-r1-p624"),
("tour1-route1", "tour1-r1-p625"),
("tour1-route1", "tour1-r1-p626"),
("tour1-route1", "tour1-r1-p627"),
("tour1-route1", "tour1-r1-p628"),
("tour1-route1", "tour1-r1-p629"),
("tour1-route1", "tour1-r1-p630"),
("tour1-route1", "tour1-r1-p631"),
("tour1-route1", "tour1-r1-p632"),
("tour1-route1", "tour1-r1-p633"),
("tour1-route1", "tour1-r1-p634"),
("tour1-route1", "tour1-r1-p635"),
("tour1-route1", "tour1-r1-p636"),
("tour1-route1", "tour1-r1-p637"),
("tour1-route1", "tour1-r1-p638"),
("tour1-route1", "tour1-r1-p639"),
("tour1-route1", "tour1-r1-p640"),
("tour1-route1", "tour1-r1-p641"),
("tour1-route1", "tour1-r1-p642"),
("tour1-route1", "tour1-r1-p643"),
("tour1-route1", "tour1-r1-p644"),
("tour1-route1", "tour1-r1-p645"),
("tour1-route1", "tour1-r1-p646"),
("tour1-route1", "tour1-r1-p647"),
("tour1-route1", "tour1-r1-p648"),
("tour1-route1", "tour1-r1-p649"),
("tour1-route1", "tour1-r1-p650"),
("tour1-route1", "tour1-r1-p651"),
("tour1-route1", "tour1-r1-p652"),
("tour1-route1", "tour1-r1-p653"),
("tour1-route1", "tour1-r1-p654"),
("tour1-route1", "tour1-r1-p655"),
("tour1-route1", "tour1-r1-p656"),
("tour1-route1", "tour1-r1-p657"),
("tour1-route1", "tour1-r1-p658"),
("tour1-route1", "tour1-r1-p659"),
("tour1-route1", "tour1-r1-p660"),
("tour1-route1", "tour1-r1-p661"),
("tour1-route1", "tour1-r1-p662"),
("tour1-route1", "tour1-r1-p663"),
("tour1-route1", "tour1-r1-p664"),
("tour1-route1", "tour1-r1-p665"),
("tour1-route1", "tour1-r1-p666"),
("tour1-route1", "tour1-r1-p667"),
("tour1-route1", "tour1-r1-p668"),
("tour1-route1", "tour1-r1-p669"),
("tour1-route1", "tour1-r1-p670"),
("tour1-route1", "tour1-r1-p671"),
("tour1-route1", "tour1-r1-p672"),
("tour1-route1", "tour1-r1-p673"),
("tour1-route1", "tour1-r1-p674"),
("tour1-route1", "tour1-r1-p675"),
("tour1-route1", "tour1-r1-p676"),
("tour1-route1", "tour1-r1-p677"),
("tour1-route1", "tour1-r1-p678"),
("tour1-route1", "tour1-r1-p679"),
("tour1-route1", "tour1-r1-p680"),
("tour1-route1", "tour1-r1-p681"),
("tour1-route1", "tour1-r1-p682"),
("tour1-route1", "tour1-r1-p683"),
("tour1-route1", "tour1-r1-p684"),
("tour1-route1", "tour1-r1-p685"),
("tour1-route1", "tour1-r1-p686"),
("tour1-route1", "tour1-r1-p687"),
("tour1-route1", "tour1-r1-p688"),
("tour1-route1", "tour1-r1-p689"),
("tour1-route1", "tour1-r1-p690"),
("tour1-route1", "tour1-r1-p691"),
("tour1-route1", "tour1-r1-p692"),
("tour1-route1", "tour1-r1-p693"),
("tour1-route1", "tour1-r1-p694"),
("tour1-route1", "tour1-r1-p695"),
("tour1-route1", "tour1-r1-p696"),
("tour1-route1", "tour1-r1-p697"),
("tour1-route1", "tour1-r1-p698"),
("tour1-route1", "tour1-r1-p699"),
("tour1-route1", "tour1-r1-p700"),
("tour1-route1", "tour1-r1-p701"),
("tour1-route1", "tour1-r1-p702"),
("tour1-route1", "tour1-r1-p703"),
("tour1-route1", "tour1-r1-p704"),
("tour1-route1", "tour1-r1-p705"),
("tour1-route1", "tour1-r1-p706"),
("tour1-route1", "tour1-r1-p707"),
("tour1-route1", "tour1-r1-p708"),
("tour1-route1", "tour1-r1-p709"),
("tour1-route1", "tour1-r1-p710"),
("tour1-route1", "tour1-r1-p711"),
("tour1-route1", "tour1-r1-p712"),
("tour1-route1", "tour1-r1-p713"),
("tour1-route1", "tour1-r1-p714"),
("tour1-route1", "tour1-r1-p715"),
("tour1-route1", "tour1-r1-p716"),
("tour1-route1", "tour1-r1-p717"),
("tour1-route1", "tour1-r1-p718"),
("tour1-route1", "tour1-r1-p719"),
("tour1-route1", "tour1-r1-p720"),
("tour1-route1", "tour1-r1-p721"),
("tour1-route1", "tour1-r1-p722"),
("tour1-route1", "tour1-r1-p723"),
("tour1-route1", "tour1-r1-p724"),
("tour1-route1", "tour1-r1-p725"),
("tour1-route1", "tour1-r1-p726"),
("tour1-route1", "tour1-r1-p727"),
("tour1-route1", "tour1-r1-p728"),
("tour1-route1", "tour1-r1-p729"),
("tour1-route1", "tour1-r1-p730"),
("tour1-route1", "tour1-r1-p731"),
("tour1-route1", "tour1-r1-p732"),
("tour1-route1", "tour1-r1-p733"),
("tour1-route1", "tour1-r1-p734"),
("tour1-route1", "tour1-r1-p735"),
("tour1-route1", "tour1-r1-p736"),
("tour1-route1", "tour1-r1-p737"),
("tour1-route1", "tour1-r1-p738"),
("tour1-route1", "tour1-r1-p739"),
("tour1-route1", "tour1-r1-p740"),
("tour1-route1", "tour1-r1-p741"),
("tour1-route1", "tour1-r1-p742"),
("tour1-route1", "tour1-r1-p743"),
("tour1-route1", "tour1-r1-p744"),
("tour1-route1", "tour1-r1-p745"),
("tour1-route1", "tour1-r1-p746"),
("tour1-route1", "tour1-r1-p747"),
("tour1-route1", "tour1-r1-p748"),
("tour1-route1", "tour1-r1-p749"),
("tour1-route1", "tour1-r1-p750"),
("tour1-route1", "tour1-r1-p751"),
("tour1-route1", "tour1-r1-p752"),
("tour1-route1", "tour1-r1-p753"),
("tour1-route1", "tour1-r1-p754"),
("tour1-route1", "tour1-r1-p755"),
("tour1-route1", "tour1-r1-p756"),
("tour1-route1", "tour1-r1-p757"),
("tour1-route1", "tour1-r1-p758"),
("tour1-route1", "tour1-r1-p759"),
("tour1-route1", "tour1-r1-p760"),
("tour1-route1", "tour1-r1-p761"),
("tour1-route1", "tour1-r1-p762"),
("tour1-route1", "tour1-r1-p763"),
("tour1-route1", "tour1-r1-p764"),
("tour1-route1", "tour1-r1-p765"),
("tour1-route1", "tour1-r1-p766"),
("tour1-route1", "tour1-r1-p767"),
("tour1-route1", "tour1-r1-p768"),
("tour1-route1", "tour1-r1-p769"),
("tour1-route1", "tour1-r1-p770"),
("tour1-route1", "tour1-r1-p771"),
("tour1-route1", "tour1-r1-p772"),
("tour1-route1", "tour1-r1-p773"),
("tour1-route1", "tour1-r1-p774"),
("tour1-route1", "tour1-r1-p775"),
("tour1-route1", "tour1-r1-p776"),
("tour1-route1", "tour1-r1-p777"),
("tour1-route1", "tour1-r1-p778"),
("tour1-route1", "tour1-r1-p779"),
("tour1-route1", "tour1-r1-p780"),
("tour1-route1", "tour1-r1-p781"),
("tour1-route1", "tour1-r1-p782"),
("tour1-route1", "tour1-r1-p783"),
("tour1-route1", "tour1-r1-p784"),
("tour1-route1", "tour1-r1-p785"),
("tour1-route1", "tour1-r1-p786"),
("tour1-route1", "tour1-r1-p787"),
("tour1-route1", "tour1-r1-p788"),
("tour1-route1", "tour1-r1-p789"),
("tour1-route1", "tour1-r1-p790"),
("tour1-route1", "tour1-r1-p791"),
("tour1-route1", "tour1-r1-p792"),
("tour1-route1", "tour1-r1-p793"),
("tour1-route1", "tour1-r1-p794"),
("tour1-route1", "tour1-r1-p795"),
("tour1-route1", "tour1-r1-p796"),
("tour1-route1", "tour1-r1-p797"),
("tour1-route1", "tour1-r1-p798"),
("tour1-route1", "tour1-r1-p799"),
("tour1-route1", "tour1-r1-p800"),
("tour1-route1", "tour1-r1-p801"),
("tour1-route1", "tour1-r1-p802"),
("tour1-route1", "tour1-r1-p803"),
("tour1-route1", "tour1-r1-p804"),
("tour1-route1", "tour1-r1-p805"),
("tour1-route1", "tour1-r1-p806"),
("tour1-route1", "tour1-r1-p807"),
("tour1-route1", "tour1-r1-p808"),
("tour1-route1", "tour1-r1-p809"),
("tour1-route1", "tour1-r1-p810"),
("tour1-route1", "tour1-r1-p811"),
("tour1-route1", "tour1-r1-p812"),
("tour1-route1", "tour1-r1-p813"),
("tour1-route1", "tour1-r1-p814"),
("tour1-route1", "tour1-r1-p815"),
("tour1-route1", "tour1-r1-p816"),
("tour1-route1", "tour1-r1-p817"),
("tour1-route1", "tour1-r1-p818"),
("tour1-route1", "tour1-r1-p819"),
("tour1-route1", "tour1-r1-p820"),
("tour1-route1", "tour1-r1-p821"),
("tour1-route1", "tour1-r1-p822"),
("tour1-route1", "tour1-r1-p823"),
("tour1-route1", "tour1-r1-p824"),
("tour1-route1", "tour1-r1-p825"),
("tour1-route1", "tour1-r1-p826"),
("tour1-route1", "tour1-r1-p827"),
("tour1-route1", "tour1-r1-p828"),
("tour1-route1", "tour1-r1-p829"),
("tour1-route1", "tour1-r1-p830"),
("tour1-route1", "tour1-r1-p831"),
("tour1-route1", "tour1-r1-p832"),
("tour1-route1", "tour1-r1-p833"),
("tour1-route1", "tour1-r1-p834"),
("tour1-route1", "tour1-r1-p835"),
("tour1-route1", "tour1-r1-p836"),
("tour1-route1", "tour1-r1-p837"),
("tour1-route1", "tour1-r1-p838"),
("tour1-route1", "tour1-r1-p839"),
("tour1-route1", "tour1-r1-p840"),
("tour1-route1", "tour1-r1-p841"),
("tour1-route1", "tour1-r1-p842"),
("tour1-route1", "tour1-r1-p843"),
("tour1-route1", "tour1-r1-p844"),
("tour1-route1", "tour1-r1-p845"),
("tour1-route1", "tour1-r1-p846"),
("tour1-route1", "tour1-r1-p847"),
("tour1-route1", "tour1-r1-p848"),
("tour1-route1", "tour1-r1-p849"),
("tour1-route1", "tour1-r1-p850"),
("tour1-route1", "tour1-r1-p851"),
("tour1-route1", "tour1-r1-p852"),
("tour1-route1", "tour1-r1-p853"),
("tour1-route2", "tour1-r2-p001"),
("tour1-route2", "tour1-r2-p002"),
("tour1-route2", "tour1-r2-p003"),
("tour1-route2", "tour1-r2-p004"),
("tour1-route2", "tour1-r2-p005"),
("tour1-route2", "tour1-r2-p006"),
("tour1-route2", "tour1-r2-p007"),
("tour1-route2", "tour1-r2-p008"),
("tour1-route2", "tour1-r2-p009"),
("tour1-route2", "tour1-r2-p010"),
("tour1-route2", "tour1-r2-p011"),
("tour1-route2", "tour1-r2-p012"),
("tour1-route2", "tour1-r2-p013"),
("tour1-route2", "tour1-r2-p014"),
("tour1-route2", "tour1-r2-p015"),
("tour1-route2", "tour1-r2-p016"),
("tour1-route2", "tour1-r2-p017"),
("tour1-route2", "tour1-r2-p018"),
("tour1-route2", "tour1-r2-p019"),
("tour1-route2", "tour1-r2-p020"),
("tour1-route2", "tour1-r2-p021"),
("tour1-route2", "tour1-r2-p022"),
("tour1-route2", "tour1-r2-p023"),
("tour1-route2", "tour1-r2-p024"),
("tour1-route2", "tour1-r2-p025"),
("tour1-route2", "tour1-r2-p026"),
("tour1-route2", "tour1-r2-p027"),
("tour1-route2", "tour1-r2-p028"),
("tour1-route2", "tour1-r2-p029"),
("tour1-route2", "tour1-r2-p030"),
("tour1-route2", "tour1-r2-p031"),
("tour1-route2", "tour1-r2-p032"),
("tour1-route2", "tour1-r2-p033"),
("tour1-route2", "tour1-r2-p034"),
("tour1-route2", "tour1-r2-p035"),
("tour1-route2", "tour1-r2-p036"),
("tour1-route2", "tour1-r2-p037"),
("tour1-route2", "tour1-r2-p038"),
("tour1-route2", "tour1-r2-p039"),
("tour1-route2", "tour1-r2-p040"),
("tour1-route2", "tour1-r2-p041"),
("tour1-route2", "tour1-r2-p042"),
("tour1-route2", "tour1-r2-p043"),
("tour1-route2", "tour1-r2-p044"),
("tour1-route2", "tour1-r2-p045"),
("tour1-route2", "tour1-r2-p046"),
("tour1-route2", "tour1-r2-p047"),
("tour1-route2", "tour1-r2-p048"),
("tour1-route2", "tour1-r2-p049"),
("tour1-route2", "tour1-r2-p050"),
("tour1-route2", "tour1-r2-p051"),
("tour1-route2", "tour1-r2-p052"),
("tour1-route2", "tour1-r2-p053"),
("tour1-route2", "tour1-r2-p054"),
("tour1-route2", "tour1-r2-p055"),
("tour1-route2", "tour1-r2-p056"),
("tour1-route2", "tour1-r2-p057"),
("tour1-route2", "tour1-r2-p058"),
("tour1-route2", "tour1-r2-p059"),
("tour1-route2", "tour1-r2-p060"),
("tour1-route2", "tour1-r2-p061"),
("tour1-route2", "tour1-r2-p062"),
("tour1-route2", "tour1-r2-p063"),
("tour1-route2", "tour1-r2-p064"),
("tour1-route2", "tour1-r2-p065"),
("tour1-route2", "tour1-r2-p066"),
("tour1-route2", "tour1-r2-p067"),
("tour1-route2", "tour1-r2-p068"),
("tour1-route2", "tour1-r2-p069"),
("tour1-route2", "tour1-r2-p070"),
("tour1-route2", "tour1-r2-p071"),
("tour1-route2", "tour1-r2-p072"),
("tour1-route2", "tour1-r2-p073"),
("tour1-route2", "tour1-r2-p074"),
("tour1-route2", "tour1-r2-p075"),
("tour1-route2", "tour1-r2-p076"),
("tour1-route2", "tour1-r2-p077"),
("tour1-route2", "tour1-r2-p078"),
("tour1-route2", "tour1-r2-p079"),
("tour1-route2", "tour1-r2-p080"),
("tour1-route2", "tour1-r2-p081"),
("tour1-route2", "tour1-r2-p082"),
("tour1-route2", "tour1-r2-p083"),
("tour1-route2", "tour1-r2-p084"),
("tour1-route2", "tour1-r2-p085"),
("tour1-route2", "tour1-r2-p086"),
("tour1-route2", "tour1-r2-p087"),
("tour1-route2", "tour1-r2-p088"),
("tour1-route2", "tour1-r2-p089"),
("tour1-route2", "tour1-r2-p090"),
("tour1-route2", "tour1-r2-p091"),
("tour1-route2", "tour1-r2-p092"),
("tour1-route2", "tour1-r2-p093"),
("tour1-route2", "tour1-r2-p094"),
("tour1-route2", "tour1-r2-p095"),
("tour1-route2", "tour1-r2-p096"),
("tour1-route2", "tour1-r2-p097"),
("tour1-route2", "tour1-r2-p098"),
("tour1-route2", "tour1-r2-p099"),
("tour1-route2", "tour1-r2-p100"),
("tour1-route2", "tour1-r2-p101"),
("tour1-route2", "tour1-r2-p102"),
("tour1-route2", "tour1-r2-p103"),
("tour1-route2", "tour1-r2-p104"),
("tour1-route2", "tour1-r2-p105"),
("tour1-route2", "tour1-r2-p106"),
("tour1-route2", "tour1-r2-p107"),
("tour1-route2", "tour1-r2-p108"),
("tour1-route2", "tour1-r2-p109"),
("tour1-route2", "tour1-r2-p110"),
("tour1-route2", "tour1-r2-p111"),
("tour1-route2", "tour1-r2-p112"),
("tour1-route2", "tour1-r2-p113"),
("tour1-route2", "tour1-r2-p114"),
("tour1-route2", "tour1-r2-p115"),
("tour1-route2", "tour1-r2-p116"),
("tour1-route2", "tour1-r2-p117"),
("tour1-route2", "tour1-r2-p118"),
("tour1-route2", "tour1-r2-p119"),
("tour1-route2", "tour1-r2-p120"),
("tour1-route2", "tour1-r2-p121"),
("tour1-route2", "tour1-r2-p122"),
("tour1-route2", "tour1-r2-p123"),
("tour1-route2", "tour1-r2-p124"),
("tour1-route2", "tour1-r2-p125"),
("tour1-route2", "tour1-r2-p126"),
("tour1-route2", "tour1-r2-p127"),
("tour1-route2", "tour1-r2-p128"),
("tour1-route2", "tour1-r2-p129"),
("tour1-route2", "tour1-r2-p130"),
("tour1-route2", "tour1-r2-p131"),
("tour1-route2", "tour1-r2-p132"),
("tour1-route2", "tour1-r2-p133"),
("tour1-route2", "tour1-r2-p134"),
("tour1-route2", "tour1-r2-p135"),
("tour1-route2", "tour1-r2-p136"),
("tour1-route2", "tour1-r2-p137"),
("tour1-route2", "tour1-r2-p138"),
("tour1-route2", "tour1-r2-p139"),
("tour1-route2", "tour1-r2-p140"),
("tour1-route2", "tour1-r2-p141"),
("tour1-route2", "tour1-r2-p142"),
("tour1-route2", "tour1-r2-p143"),
("tour1-route2", "tour1-r2-p144"),
("tour1-route2", "tour1-r2-p145"),
("tour1-route2", "tour1-r2-p146"),
("tour1-route2", "tour1-r2-p147"),
("tour1-route2", "tour1-r2-p148"),
("tour1-route2", "tour1-r2-p149"),
("tour1-route2", "tour1-r2-p150"),
("tour1-route2", "tour1-r2-p151"),
("tour1-route2", "tour1-r2-p152"),
("tour1-route2", "tour1-r2-p153"),
("tour1-route2", "tour1-r2-p154"),
("tour1-route2", "tour1-r2-p155"),
("tour1-route2", "tour1-r2-p156"),
("tour1-route2", "tour1-r2-p157"),
("tour1-route2", "tour1-r2-p158"),
("tour1-route2", "tour1-r2-p159"),
("tour1-route2", "tour1-r2-p160"),
("tour1-route2", "tour1-r2-p161"),
("tour1-route2", "tour1-r2-p162"),
("tour1-route2", "tour1-r2-p163"),
("tour1-route2", "tour1-r2-p164");

-- tour - location
INSERT INTO TOUR_LOCATION (tour_id, location_id) VALUES 
("tour1", "DinhDocLap"),
("tour1", "HoiQuanTueThanh"),
("tour1", "ChoBinhTay");
-- center point for tour 2 
INSERT INTO POINT (id, longitude, latitude) VALUES 
("tour2-center", 106.697862, 10.774026);

-- tour2 - route1
INSERT INTO POINT (id, longitude, latitude) VALUES 
("tour2-r1-p001", 106.69452231450045, 10.77612602972707),
("tour2-r1-p002", 106.69474427666117, 10.775926767882806),
("tour2-r1-p003", 106.69605621411841, 10.774748916766491),
("tour2-r1-p004", 106.69613634511225, 10.774820059624044),
("tour2-r1-p005", 106.69617758407587, 10.774854642951546),
("tour2-r1-p006", 106.69712702478745, 10.773993971659255),
("tour2-r1-p007", 106.69763932670952, 10.773156722259634);

-- tour2 - route2
INSERT INTO POINT (id, longitude, latitude) VALUES 
("tour2-r2-p001" , 106.69763932670952, 10.773156722259634),
("tour2-r2-p002" , 106.69600138513465, 10.772114354182376),
("tour2-r2-p003" , 106.69529549802414, 10.771657222327113),
("tour2-r2-p004" , 106.69550997976462, 10.771198455488873),
("tour2-r2-p005" , 106.69597123808764, 10.771178975333918),
("tour2-r2-p006" , 106.69647622488415, 10.771150077946704),
("tour2-r2-p007" , 106.69655115909848, 10.771185814487252),
("tour2-r2-p008" , 106.69669930769268, 10.77118498738552),
("tour2-r2-p009" , 106.69792748840052, 10.771714271518382),
("tour2-r2-p010" , 106.69805486655426, 10.771785125162348),
("tour2-r2-p011" , 106.69818076273984, 10.771842929304388),
("tour2-r2-p012" , 106.69825621526901, 10.771881670837796),
("tour2-r2-p013" , 106.6983697062379, 10.77192778239021),
("tour2-r2-p014" , 106.69841530379111, 10.7719490266387),
("tour2-r2-p015" , 106.6984790062552, 10.771966977204134),
("tour2-r2-p016" , 106.69850616362146, 10.7719722470947),
("tour2-r2-p017" , 106.6987914836059, 10.771773143977788),
("tour2-r2-p018" , 106.69882299956183, 10.771733455085938),
("tour2-r2-p019" , 106.69884672743487, 10.771667534501164),
("tour2-r2-p020" , 106.69888142851367, 10.771536116444645),
("tour2-r2-p021" , 106.69898368773127, 10.771204771416015),
("tour2-r2-p022" , 106.6990279441804, 10.771040745610877),
("tour2-r2-p023" , 106.69930157267693, 10.770456289068925),
("tour2-r2-p024" , 106.69951480829332, 10.770109133083201);

-- tour
INSERT INTO TOUR 
(id, name, price, date_start, total_time, description, thumbnail_img, center_point_id, zoom_val, admin_id)
VALUES
("tour2", "Tour Dinh Độc Lập - Chợ Bến Thành - Bảo tàng mỹ thuật", 2500000, "2024-12-12", "4 ngày 3 đêm", "Tour tham quan 3 điểm đến nổi tiếng tại Thành phố Hồ Chí Minh", "https://static.hotdeal.vn/images/1598/1598345/500x500/356818-tour-sai-gon-city-tour-1-ngay-dinh-doc-lap-nha-tho-duc-ba-buu-dien-thanh-pho-cho-ben-thanh-khoi-hanh-hang-ngay-ko-phu-thu-cuoi-tuan.jpg", "tour2-center", 16, 1);

-- route 
INSERT INTO ROUTE (id, name, description, tour_id) VALUES 
("tour2-route1", "Từ Dinh Độc Lập đến Chợ Bến Thành", "Từ Dinh Độc Lập đến Chợ Bến Thành", "tour2"),
("tour2-route2", "Từ Chợ Bến Thành đến Bảo tàng mỹ thuật", "Từ Chợ Bến Thành đến Bảo tàng mỹ thuật", "tour2");

-- route point
INSERT INTO ROUTE_POINT (route_id, point_id) VALUES 
("tour2-route1", "tour2-r1-p001"),
("tour2-route1", "tour2-r1-p002"),
("tour2-route1", "tour2-r1-p003"),
("tour2-route1", "tour2-r1-p004"),
("tour2-route1", "tour2-r1-p005"),
("tour2-route1", "tour2-r1-p006"),
("tour2-route1", "tour2-r1-p007"),
("tour2-route2", "tour2-r2-p001"),
("tour2-route2", "tour2-r2-p002"),
("tour2-route2", "tour2-r2-p003"),
("tour2-route2", "tour2-r2-p004"),
("tour2-route2", "tour2-r2-p005"),
("tour2-route2", "tour2-r2-p006"),
("tour2-route2", "tour2-r2-p007"),
("tour2-route2", "tour2-r2-p008"),
("tour2-route2", "tour2-r2-p009"),
("tour2-route2", "tour2-r2-p010"),
("tour2-route2", "tour2-r2-p011"),
("tour2-route2", "tour2-r2-p012"),
("tour2-route2", "tour2-r2-p013"),
("tour2-route2", "tour2-r2-p014"),
("tour2-route2", "tour2-r2-p015"),
("tour2-route2", "tour2-r2-p016"),
("tour2-route2", "tour2-r2-p017"),
("tour2-route2", "tour2-r2-p018"),
("tour2-route2", "tour2-r2-p019"),
("tour2-route2", "tour2-r2-p020"),
("tour2-route2", "tour2-r2-p021"),
("tour2-route2", "tour2-r2-p022"),
("tour2-route2", "tour2-r2-p023"),
("tour2-route2", "tour2-r2-p024");

-- tour - location
INSERT INTO TOUR_LOCATION (tour_id, location_id) VALUES 
("tour2", "DinhDocLap"),
("tour2", "ChoBenThanh"),
("tour2", "BaoTangMyThuat");
-- center point for tour 3 
INSERT INTO POINT (id, longitude, latitude) VALUES 
("tour3-center", 106.7036598639231, 10.782411274916761);

-- tour3 - route1
INSERT INTO POINT (id, longitude, latitude) VALUES 
("tour3-r1-p001" ,106.69861527454745, 10.780146589306245),
("tour3-r1-p002" ,106.69856463202348, 10.780182684397607),
("tour3-r1-p003" ,106.69855585388301, 10.78017010886591),
("tour3-r1-p004" ,106.69853829761746, 10.780157174029306),
("tour3-r1-p005" ,106.69852049749193, 10.780149149642726),
("tour3-r1-p006" ,106.69850501383407, 10.780144718254613),
("tour3-r1-p007" ,106.69848953017107, 10.780144239197178),
("tour3-r1-p008" ,106.69848050819624, 10.780144957795901),
("tour3-r1-p009" ,106.6984717300558, 10.780145077566559),
("tour3-r1-p010" ,106.69847477802024, 10.780133939223251),
("tour3-r1-p011" ,106.69848233697216, 10.780109267227191),
("tour3-r1-p012" ,106.69849989324796, 10.7800501023211),
("tour3-r1-p013" ,106.69852000981042, 10.779981595577913),
("tour3-r1-p014" ,106.69853220167337, 10.779940874768318),
("tour3-r1-p015" ,106.69853695649518, 10.779924107379134),
("tour3-r1-p016" ,106.69862400637355, 10.779842306452387),
("tour3-r1-p017" ,106.69870922747343, 10.779763020610346),
("tour3-r1-p018" ,106.69876945526156, 10.779705771913962),
("tour3-r1-p019" ,106.69882822002032, 10.779651038311725),
("tour3-r1-p020" ,106.69924894585397, 10.779258471100766),
("tour3-r1-p021" ,106.69939570530464, 10.779148973780293),
("tour3-r1-p022" ,106.69950462431987, 10.779067412184395),
("tour3-r1-p023" ,106.69959069885292, 10.779003336599265),
("tour3-r1-p024" ,106.69967372541004, 10.778990401712496),
("tour3-r1-p025" ,106.69973492854346, 10.778981299384997),
("tour3-r1-p026" ,106.69979600975972, 10.778996629621272),
("tour3-r1-p027" ,106.69986781981206, 10.779014714498922),
("tour3-r1-p028" ,106.69993757252233, 10.778954082116378),
("tour3-r1-p029" ,106.70013544638813, 10.778767005264404),
("tour3-r1-p030" ,106.70053582709079, 10.778394453143259),
("tour3-r1-p031" ,106.70064432203512, 10.77829227413723),
("tour3-r1-p032" ,106.70074554210385, 10.77819897728918),
("tour3-r1-p033" ,106.70078126424652, 10.778165562082165),
("tour3-r1-p034" ,106.70082259465191, 10.778126637555225),
("tour3-r1-p035" ,106.7008572195347, 10.778094180479188),
("tour3-r1-p036" ,106.70088245668342, 10.778070825754009),
("tour3-r1-p037" ,106.70091318016478, 10.778043279156892),
("tour3-r1-p038" ,106.70094402556843, 10.77801369650473),
("tour3-r1-p039" ,106.70097791894293, 10.777981958024185),
("tour3-r1-p040" ,106.70101315341682, 10.777949141630556),
("tour3-r1-p041" ,106.70103461109412, 10.777930218309558),
("tour3-r1-p042" ,106.7010544838222, 10.777911893823674),
("tour3-r1-p043" ,106.70108008673016, 10.777889616996479),
("tour3-r1-p044" ,106.70111373626514, 10.777860393628808),
("tour3-r1-p045" ,106.7011298295141, 10.777843506355895),
("tour3-r1-p046" ,106.70116347904909, 10.777813085305729),
("tour3-r1-p047" ,106.7012054190455, 10.77777499910981),
("tour3-r1-p048" ,106.70122102462841, 10.77776074672077),
("tour3-r1-p049" ,106.7012495535823, 10.777735236145922),
("tour3-r1-p050" ,106.70130185665809, 10.777687568502145),
("tour3-r1-p051" ,106.70134806381267, 10.777646128775617),
("tour3-r1-p052" ,106.70139597781822, 10.777603132066533),
("tour3-r1-p053" ,106.70143694247203, 10.777566003985347),
("tour3-r1-p054" ,106.70148570989795, 10.77752216889318),
("tour3-r1-p055" ,106.70152643071215, 10.777484322182497),
("tour3-r1-p056" ,106.7015726378616, 10.777443720814306),
("tour3-r1-p057" ,106.70165395755242, 10.777369225063309),
("tour3-r1-p058" ,106.70175417463886, 10.77727987805551),
("tour3-r1-p059" ,106.70180452701398, 10.777233408002322),
("tour3-r1-p060" ,106.70181452434686, 10.777223587016),
("tour3-r1-p061" ,106.70186731509143, 10.777175559980764),
("tour3-r1-p062" ,106.70192400723744, 10.777122382904343),
("tour3-r1-p063" ,106.7019568033419, 10.777092440851755),
("tour3-r1-p064" ,106.7020138612446, 10.777039263765664),
("tour3-r1-p065" ,106.70206104373675, 10.776995907662997),
("tour3-r1-p066" ,106.70210651937789, 10.776953749239288),
("tour3-r1-p067" ,106.70214919087756, 10.776914105937257),
("tour3-r1-p068" ,106.702188936344, 10.776877217306815),
("tour3-r1-p069" ,106.7022384352884, 10.77683134604377),
("tour3-r1-p070" ,106.70233097151475, 10.776746071001075),
("tour3-r1-p071" ,106.70239048474902, 10.776690989267992),
("tour3-r1-p072" ,106.70245388242525, 10.776631464383543),
("tour3-r1-p073" ,106.70254446795089, 10.776548704414843),
("tour3-r1-p074" ,106.702583481909, 10.776511695968797),
("tour3-r1-p075" ,106.70264870837644, 10.776452290821327),
("tour3-r1-p076" ,106.70271471903006, 10.77638916768117),
("tour3-r1-p077" ,106.7027591126773, 10.776347158847486),
("tour3-r1-p078" ,106.70279887591296, 10.776311926454522),
("tour3-r1-p079" ,106.70293786309244, 10.776448941612149);

-- tour3 - route2
INSERT INTO POINT (id, longitude, latitude) VALUES 
("tour3-r2-p001", 106.70279887591296, 10.776311926454522),
("tour3-r2-p002", 106.70292515698958, 10.776191123837702),
("tour3-r2-p003", 106.70304097965621, 10.776083332098214),
("tour3-r2-p004", 106.70322461954201, 10.776126957823626),
("tour3-r2-p005", 106.70332166673529, 10.776226126192812),
("tour3-r2-p006", 106.70348162393853, 10.7764069766555),
("tour3-r2-p007", 106.7036245125297, 10.776580401365472),
("tour3-r2-p008", 106.70363719206122, 10.776588545614256),
("tour3-r2-p009", 106.70362231800979, 10.776645794903546),
("tour3-r2-p010", 106.70362621938051, 10.776737297935231),
("tour3-r2-p011", 106.70362865774486, 10.776806763570669),
("tour3-r2-p012", 106.703640483851, 10.776841975457655),
("tour3-r2-p013", 106.7036515784438, 10.776875390811599),
("tour3-r2-p014", 106.70367523064608, 10.776907967783453),
("tour3-r2-p015", 106.70369461570043, 10.776934436567343),
("tour3-r2-p016", 106.70371704872034, 10.776965815858967),
("tour3-r2-p017", 106.70382466355912, 10.777081249584004),
("tour3-r2-p018", 106.7039595055233, 10.7772271272362),
("tour3-r2-p019", 106.70413677516281, 10.777416600390664),
("tour3-r2-p020", 106.7040153442334, 10.77752271489184),
("tour3-r2-p021", 106.7038875735537, 10.777633620075568),
("tour3-r2-p022", 106.70374883018815, 10.777760574129674),
("tour3-r2-p023", 106.70357887567239, 10.777917949145236),
("tour3-r2-p024", 106.70342891579176, 10.778052807745587),
("tour3-r2-p025", 106.70328773408237, 10.77817880347661),
("tour3-r2-p026", 106.70316605933915, 10.778287073508508),
("tour3-r2-p027", 106.70302170774161, 10.778418099371503),
("tour3-r2-p028", 106.7029153946982, 10.778514392570349),
("tour3-r2-p029", 106.70282078585915, 10.778599188039607),
("tour3-r2-p030", 106.70274909772911, 10.778666018373743),
("tour3-r2-p031", 106.70266131632467, 10.778747939381988),
("tour3-r2-p032", 106.70247185483245, 10.778920644137736),
("tour3-r2-p033", 106.70239407077618, 10.778992265101358),
("tour3-r2-p034", 106.70229799892046, 10.77907921626492),
("tour3-r2-p035", 106.70222507638334, 10.779147378890004),
("tour3-r2-p036", 106.70216618969708, 10.779202232352652),
("tour3-r2-p037", 106.70202617890416, 10.779326077765349),
("tour3-r2-p038", 106.70194107970863, 10.779402010243071),
("tour3-r2-p039", 106.70185354216922, 10.779477224091243),
("tour3-r2-p040", 106.70177819645173, 10.779547168177814),
("tour3-r2-p041", 106.70168358763311, 10.779631484292802),
("tour3-r2-p042", 106.70152241123738, 10.779774246746301),
("tour3-r2-p043", 106.70141292835197, 10.779873174377318),
("tour3-r2-p044", 106.70125540951305, 10.780014020465453),
("tour3-r2-p045", 106.70114031835986, 10.780116541051832),
("tour3-r2-p046", 106.70105838905248, 10.780188640775648),
("tour3-r2-p047", 106.70091818268054, 10.78031703094355),
("tour3-r2-p048", 106.70083893560248, 10.780389130614303),
("tour3-r2-p049", 106.70074091305123, 10.780481590636787),
("tour3-r2-p050", 106.7006509371167, 10.780564708845496),
("tour3-r2-p051", 106.70055267073099, 10.78065597115989),
("tour3-r2-p052", 106.700483177131, 10.780717770830671),
("tour3-r2-p053", 106.70036735445413, 10.780825081826356),
("tour3-r2-p054", 106.7002688442238, 10.780914667337385),
("tour3-r2-p055", 106.700184476552, 10.78099395287726),
("tour3-r2-p056", 106.70009450062774, 10.781077310444783),
("tour3-r2-p057", 106.69995088051299, 10.781205460708152),
("tour3-r2-p058", 106.69982457285504, 10.781319717999116),
("tour3-r2-p059", 106.69969704600963, 10.781435172902743),
("tour3-r2-p060", 106.69962925925557, 10.78149817006427),
("tour3-r2-p061", 106.69965246950471, 10.781525431908756),
("tour3-r2-p062", 106.69969940817275, 10.781578009371895),
("tour3-r2-p063", 106.69975634414295, 10.78163980884323),
("tour3-r2-p064", 106.69980511158427, 10.78169514091155),
("tour3-r2-p065", 106.69986302292271, 10.781757658948672),
("tour3-r2-p066", 106.6999326384399, 10.781835147762102),
("tour3-r2-p067", 106.69998396616788, 10.78189299489177),
("tour3-r2-p068", 106.70004553506321, 10.781959824476795),
("tour3-r2-p069", 106.70010393407041, 10.782025336623377),
("tour3-r2-p070", 106.70017550027293, 10.78210510094122),
("tour3-r2-p071", 106.70025084595963, 10.7821878593794),
("tour3-r2-p072", 106.70031156141921, 10.78225385053544),
("tour3-r2-p073", 106.70037069195014, 10.782320081214044),
("tour3-r2-p074", 106.70041372921679, 10.782368227194263),
("tour3-r2-p075", 106.70047700496305, 10.78243445785022),
("tour3-r2-p076", 106.70052967378524, 10.782490388610885),
("tour3-r2-p077", 106.70057575902776, 10.782539971756137),
("tour3-r2-p078", 106.70061794284838, 10.782583207296673),
("tour3-r2-p079", 106.70066073628064, 10.782628957915835),
("tour3-r2-p080", 106.70071499004179, 10.78268728395256),
("tour3-r2-p081", 106.70076302596969, 10.782738783321335),
("tour3-r2-p082", 106.70080167416596, 10.782779024676385),
("tour3-r2-p083", 106.70084276072666, 10.782822859010345),
("tour3-r2-p084", 106.70088140892308, 10.78286405849178),
("tour3-r2-p085", 106.7009252996152, 10.782910767186884),
("tour3-r2-p086", 106.7009777246133, 10.78296621878845),
("tour3-r2-p087", 106.70103734279247, 10.783029694692283),
("tour3-r2-p088", 106.7010845252948, 10.783079517290124),
("tour3-r2-p089", 106.70112987901364, 10.783126465498208),
("tour3-r2-p090", 106.70117352587137, 10.783174371814281),
("tour3-r2-p091", 106.7012165631277, 10.783218325852502),
("tour3-r2-p092", 106.70126130726572, 10.783266351923341),
("tour3-r2-p093", 106.70130617330551, 10.783313539620947),
("tour3-r2-p094", 106.7013425050393, 10.783353541380487),
("tour3-r2-p095", 106.70139090672392, 10.78340396274628),
("tour3-r2-p096", 106.70145052492354, 10.783467797858183),
("tour3-r2-p097", 106.70151099654359, 10.783531992249332),
("tour3-r2-p098", 106.70155756944469, 10.78358061708884),
("tour3-r2-p099", 106.70159975327554, 10.783626367568871),
("tour3-r2-p100", 106.70164071792414, 10.783670441300268),
("tour3-r2-p101", 106.70167924419813, 10.783709724422142),
("tour3-r2-p102", 106.70171045535854, 10.78374265995673),
("tour3-r2-p103", 106.7017547118073, 10.7837896080538),
("tour3-r2-p104", 106.70179640795921, 10.78383416084299),
("tour3-r2-p105", 106.7018253026571, 10.783865419635903),
("tour3-r2-p106", 106.70186651115036, 10.783908535224326),
("tour3-r2-p107", 106.70190430591097, 10.783949734540753),
("tour3-r2-p108", 106.70194685548826, 10.783995245423926),
("tour3-r2-p109", 106.70198087077999, 10.784029258813966),
("tour3-r2-p110", 106.70202963822126, 10.784081835839512),
("tour3-r2-p111", 106.70206950558956, 10.784124472333248),
("tour3-r2-p112", 106.70211303052491, 10.784170941312158),
("tour3-r2-p113", 106.702249355682, 10.784319496888461),
("tour3-r2-p114", 106.70238883055073, 10.784465131506318),
("tour3-r2-p115", 106.70252553173805, 10.784608056378568),
("tour3-r2-p116", 106.70257429916913, 10.78466027400898),
("tour3-r2-p117", 106.70263184475085, 10.784720635658996),
("tour3-r2-p118", 106.70267390667989, 10.78476650571184),
("tour3-r2-p119", 106.70271730971336, 10.784812495531499),
("tour3-r2-p120", 106.70276205383097, 10.784859084165346),
("tour3-r2-p121", 106.70281642951448, 10.784919086486827),
("tour3-r2-p122", 106.70286885451264, 10.784972980765021),
("tour3-r2-p123", 106.70291652468379, 10.785023641384225),
("tour3-r2-p124", 106.7029672428105, 10.78507621823596),
("tour3-r2-p125", 106.70300954857383, 10.785121369650247),
("tour3-r2-p126", 106.70306782566898, 10.785182689334222),
("tour3-r2-p127", 106.70311366705666, 10.785231553449135),
("tour3-r2-p128", 106.70313731926386, 10.785257183153261),
("tour3-r2-p129", 106.70318803740075, 10.785305328659616),
("tour3-r2-p130", 106.70323205002538, 10.785346767336943),
("tour3-r2-p131", 106.70327752565635, 10.785394912821417),
("tour3-r2-p132", 106.70331970949742, 10.78543958513383),
("tour3-r2-p133", 106.70336079606841, 10.785481862139608),
("tour3-r2-p134", 106.70340297988902, 10.785527372795995),
("tour3-r2-p135", 106.70344114040633, 10.785567973070865),
("tour3-r2-p136", 106.70348600645647, 10.78561408252892),
("tour3-r2-p137", 106.70356817956768, 10.785702483914402),
("tour3-r2-p138", 106.70360926612847, 10.78574476088764),
("tour3-r2-p139", 106.70365084036824, 10.78578979243317),
("tour3-r2-p140", 106.70373740255985, 10.785881292677212),
("tour3-r2-p141", 106.70375422733768, 10.785900095739187),
("tour3-r2-p142", 106.70382810999764, 10.785978900899062),
("tour3-r2-p143", 106.70389065425098, 10.786046328396779),
("tour3-r2-p144", 106.70392918052504, 10.786087168141933),
("tour3-r2-p145", 106.7039864822724, 10.786147888802796),
("tour3-r2-p146", 106.70402500852602, 10.786190764532614),
("tour3-r2-p147", 106.70409181992207, 10.786261305865473),
("tour3-r2-p148", 106.70415814363922, 10.786333044822113),
("tour3-r2-p149", 106.7042120316642, 10.786391968963777),
("tour3-r2-p150", 106.70426713887127, 10.786450653562676),
("tour3-r2-p151", 106.70439114514468, 10.786581107997524),
("tour3-r2-p152", 106.70453988584313, 10.786745424753226),
("tour3-r2-p153", 106.70465156328414, 10.786863272868441),
("tour3-r2-p154", 106.70474065525121, 10.786960970577105),
("tour3-r2-p155", 106.70479039804033, 10.787013666860588),
("tour3-r2-p156", 106.70484782168957, 10.787074746629255),
("tour3-r2-p157", 106.70486281768379, 10.787090914798094),
("tour3-r2-p158", 106.70486908126357, 10.78716055768984),
("tour3-r2-p159", 106.70480044108908, 10.787138521078157),
("tour3-r2-p160", 106.70474825994079, 10.787080076136712),
("tour3-r2-p161", 106.70468810835152, 10.787014205804905),
("tour3-r2-p162", 106.704636414872, 10.786956359661362),
("tour3-r2-p163", 106.70457838162143, 10.786890728818236),
("tour3-r2-p164", 106.70453631971283, 10.786843900983257),
("tour3-r2-p165", 106.70450262447237, 10.786806968662273),
("tour3-r2-p166", 106.70438516852792, 10.786887584218961);

-- tour
INSERT INTO TOUR 
(id, name, price, date_start, total_time, description, thumbnail_img, center_point_id, zoom_val, admin_id)
VALUES
("tour3", "Tour Nhà thờ Đức Bà Sài Gòn - Nhà hát lớn Thành phố - Bảo tàng Lịch sử Việt Nam", 2500000, "2024-12-12", "4 ngày 3 đêm", "Tour tham quan 3 điểm đến nổi tiếng tại Thành phố Hồ Chí Minh", "https://static.hotdeal.vn/images/1598/1598345/500x500/356818-tour-sai-gon-city-tour-1-ngay-dinh-doc-lap-nha-tho-duc-ba-buu-dien-thanh-pho-cho-ben-thanh-khoi-hanh-hang-ngay-ko-phu-thu-cuoi-tuan.jpg", "tour3-center", 16, 1);

-- route 
INSERT INTO ROUTE (id, name, description, tour_id) VALUES 
("tour3-route1", "Từ Nhà thờ Đức Bà Sài Gòn đến Nhà hát lớn Thành phố", "Từ Nhà thờ Đức Bà Sài Gòn đến Nhà hát lớn Thành phố", "tour3"),
("tour3-route2", "Từ Nhà hát lớn Thành phố Hồ Chí Minh đến Bảo tàng Lịch sử Việt Nam", "Từ Nhà hát lớn Thành phố Hồ Chí Minh đến Bảo tàng Lịch sử Việt Nam", "tour3");

-- route point
INSERT INTO ROUTE_POINT (route_id, point_id) VALUES 
("tour3-route1", "tour3-r1-p001"),
("tour3-route1", "tour3-r1-p002"),
("tour3-route1", "tour3-r1-p003"),
("tour3-route1", "tour3-r1-p004"),
("tour3-route1", "tour3-r1-p005"),
("tour3-route1", "tour3-r1-p006"),
("tour3-route1", "tour3-r1-p007"),
("tour3-route1", "tour3-r1-p008"),
("tour3-route1", "tour3-r1-p009"),
("tour3-route1", "tour3-r1-p010"),
("tour3-route1", "tour3-r1-p011"),
("tour3-route1", "tour3-r1-p012"),
("tour3-route1", "tour3-r1-p013"),
("tour3-route1", "tour3-r1-p014"),
("tour3-route1", "tour3-r1-p015"),
("tour3-route1", "tour3-r1-p016"),
("tour3-route1", "tour3-r1-p017"),
("tour3-route1", "tour3-r1-p018"),
("tour3-route1", "tour3-r1-p019"),
("tour3-route1", "tour3-r1-p020"),
("tour3-route1", "tour3-r1-p021"),
("tour3-route1", "tour3-r1-p022"),
("tour3-route1", "tour3-r1-p023"),
("tour3-route1", "tour3-r1-p024"),
("tour3-route1", "tour3-r1-p025"),
("tour3-route1", "tour3-r1-p026"),
("tour3-route1", "tour3-r1-p027"),
("tour3-route1", "tour3-r1-p028"),
("tour3-route1", "tour3-r1-p029"),
("tour3-route1", "tour3-r1-p030"),
("tour3-route1", "tour3-r1-p031"),
("tour3-route1", "tour3-r1-p032"),
("tour3-route1", "tour3-r1-p033"),
("tour3-route1", "tour3-r1-p034"),
("tour3-route1", "tour3-r1-p035"),
("tour3-route1", "tour3-r1-p036"),
("tour3-route1", "tour3-r1-p037"),
("tour3-route1", "tour3-r1-p038"),
("tour3-route1", "tour3-r1-p039"),
("tour3-route1", "tour3-r1-p040"),
("tour3-route1", "tour3-r1-p041"),
("tour3-route1", "tour3-r1-p042"),
("tour3-route1", "tour3-r1-p043"),
("tour3-route1", "tour3-r1-p044"),
("tour3-route1", "tour3-r1-p045"),
("tour3-route1", "tour3-r1-p046"),
("tour3-route1", "tour3-r1-p047"),
("tour3-route1", "tour3-r1-p048"),
("tour3-route1", "tour3-r1-p049"),
("tour3-route1", "tour3-r1-p050"),
("tour3-route1", "tour3-r1-p051"),
("tour3-route1", "tour3-r1-p052"),
("tour3-route1", "tour3-r1-p053"),
("tour3-route1", "tour3-r1-p054"),
("tour3-route1", "tour3-r1-p055"),
("tour3-route1", "tour3-r1-p056"),
("tour3-route1", "tour3-r1-p057"),
("tour3-route1", "tour3-r1-p058"),
("tour3-route1", "tour3-r1-p059"),
("tour3-route1", "tour3-r1-p060"),
("tour3-route1", "tour3-r1-p061"),
("tour3-route1", "tour3-r1-p062"),
("tour3-route1", "tour3-r1-p063"),
("tour3-route1", "tour3-r1-p064"),
("tour3-route1", "tour3-r1-p065"),
("tour3-route1", "tour3-r1-p066"),
("tour3-route1", "tour3-r1-p067"),
("tour3-route1", "tour3-r1-p068"),
("tour3-route1", "tour3-r1-p069"),
("tour3-route1", "tour3-r1-p070"),
("tour3-route1", "tour3-r1-p071"),
("tour3-route1", "tour3-r1-p072"),
("tour3-route1", "tour3-r1-p073"),
("tour3-route1", "tour3-r1-p074"),
("tour3-route1", "tour3-r1-p075"),
("tour3-route1", "tour3-r1-p076"),
("tour3-route1", "tour3-r1-p077"),
("tour3-route1", "tour3-r1-p078"),
("tour3-route1", "tour3-r1-p079"),
("tour3-route2", "tour3-r2-p001"),
("tour3-route2", "tour3-r2-p002"),
("tour3-route2", "tour3-r2-p003"),
("tour3-route2", "tour3-r2-p004"),
("tour3-route2", "tour3-r2-p005"),
("tour3-route2", "tour3-r2-p006"),
("tour3-route2", "tour3-r2-p007"),
("tour3-route2", "tour3-r2-p008"),
("tour3-route2", "tour3-r2-p009"),
("tour3-route2", "tour3-r2-p010"),
("tour3-route2", "tour3-r2-p011"),
("tour3-route2", "tour3-r2-p012"),
("tour3-route2", "tour3-r2-p013"),
("tour3-route2", "tour3-r2-p014"),
("tour3-route2", "tour3-r2-p015"),
("tour3-route2", "tour3-r2-p016"),
("tour3-route2", "tour3-r2-p017"),
("tour3-route2", "tour3-r2-p018"),
("tour3-route2", "tour3-r2-p019"),
("tour3-route2", "tour3-r2-p020"),
("tour3-route2", "tour3-r2-p021"),
("tour3-route2", "tour3-r2-p022"),
("tour3-route2", "tour3-r2-p023"),
("tour3-route2", "tour3-r2-p024"),
("tour3-route2", "tour3-r2-p025"),
("tour3-route2", "tour3-r2-p026"),
("tour3-route2", "tour3-r2-p027"),
("tour3-route2", "tour3-r2-p028"),
("tour3-route2", "tour3-r2-p029"),
("tour3-route2", "tour3-r2-p030"),
("tour3-route2", "tour3-r2-p031"),
("tour3-route2", "tour3-r2-p032"),
("tour3-route2", "tour3-r2-p033"),
("tour3-route2", "tour3-r2-p034"),
("tour3-route2", "tour3-r2-p035"),
("tour3-route2", "tour3-r2-p036"),
("tour3-route2", "tour3-r2-p037"),
("tour3-route2", "tour3-r2-p038"),
("tour3-route2", "tour3-r2-p039"),
("tour3-route2", "tour3-r2-p040"),
("tour3-route2", "tour3-r2-p041"),
("tour3-route2", "tour3-r2-p042"),
("tour3-route2", "tour3-r2-p043"),
("tour3-route2", "tour3-r2-p044"),
("tour3-route2", "tour3-r2-p045"),
("tour3-route2", "tour3-r2-p046"),
("tour3-route2", "tour3-r2-p047"),
("tour3-route2", "tour3-r2-p048"),
("tour3-route2", "tour3-r2-p049"),
("tour3-route2", "tour3-r2-p050"),
("tour3-route2", "tour3-r2-p051"),
("tour3-route2", "tour3-r2-p052"),
("tour3-route2", "tour3-r2-p053"),
("tour3-route2", "tour3-r2-p054"),
("tour3-route2", "tour3-r2-p055"),
("tour3-route2", "tour3-r2-p056"),
("tour3-route2", "tour3-r2-p057"),
("tour3-route2", "tour3-r2-p058"),
("tour3-route2", "tour3-r2-p059"),
("tour3-route2", "tour3-r2-p060"),
("tour3-route2", "tour3-r2-p061"),
("tour3-route2", "tour3-r2-p062"),
("tour3-route2", "tour3-r2-p063"),
("tour3-route2", "tour3-r2-p064"),
("tour3-route2", "tour3-r2-p065"),
("tour3-route2", "tour3-r2-p066"),
("tour3-route2", "tour3-r2-p067"),
("tour3-route2", "tour3-r2-p068"),
("tour3-route2", "tour3-r2-p069"),
("tour3-route2", "tour3-r2-p070"),
("tour3-route2", "tour3-r2-p071"),
("tour3-route2", "tour3-r2-p072"),
("tour3-route2", "tour3-r2-p073"),
("tour3-route2", "tour3-r2-p074"),
("tour3-route2", "tour3-r2-p075"),
("tour3-route2", "tour3-r2-p076"),
("tour3-route2", "tour3-r2-p077"),
("tour3-route2", "tour3-r2-p078"),
("tour3-route2", "tour3-r2-p079"),
("tour3-route2", "tour3-r2-p080"),
("tour3-route2", "tour3-r2-p081"),
("tour3-route2", "tour3-r2-p082"),
("tour3-route2", "tour3-r2-p083"),
("tour3-route2", "tour3-r2-p084"),
("tour3-route2", "tour3-r2-p085"),
("tour3-route2", "tour3-r2-p086"),
("tour3-route2", "tour3-r2-p087"),
("tour3-route2", "tour3-r2-p088"),
("tour3-route2", "tour3-r2-p089"),
("tour3-route2", "tour3-r2-p090"),
("tour3-route2", "tour3-r2-p091"),
("tour3-route2", "tour3-r2-p092"),
("tour3-route2", "tour3-r2-p093"),
("tour3-route2", "tour3-r2-p094"),
("tour3-route2", "tour3-r2-p095"),
("tour3-route2", "tour3-r2-p096"),
("tour3-route2", "tour3-r2-p097"),
("tour3-route2", "tour3-r2-p098"),
("tour3-route2", "tour3-r2-p099"),
("tour3-route2", "tour3-r2-p100"),
("tour3-route2", "tour3-r2-p101"),
("tour3-route2", "tour3-r2-p102"),
("tour3-route2", "tour3-r2-p103"),
("tour3-route2", "tour3-r2-p104"),
("tour3-route2", "tour3-r2-p105"),
("tour3-route2", "tour3-r2-p106"),
("tour3-route2", "tour3-r2-p107"),
("tour3-route2", "tour3-r2-p108"),
("tour3-route2", "tour3-r2-p109"),
("tour3-route2", "tour3-r2-p110"),
("tour3-route2", "tour3-r2-p111"),
("tour3-route2", "tour3-r2-p112"),
("tour3-route2", "tour3-r2-p113"),
("tour3-route2", "tour3-r2-p114"),
("tour3-route2", "tour3-r2-p115"),
("tour3-route2", "tour3-r2-p116"),
("tour3-route2", "tour3-r2-p117"),
("tour3-route2", "tour3-r2-p118"),
("tour3-route2", "tour3-r2-p119"),
("tour3-route2", "tour3-r2-p120"),
("tour3-route2", "tour3-r2-p121"),
("tour3-route2", "tour3-r2-p122"),
("tour3-route2", "tour3-r2-p123"),
("tour3-route2", "tour3-r2-p124"),
("tour3-route2", "tour3-r2-p125"),
("tour3-route2", "tour3-r2-p126"),
("tour3-route2", "tour3-r2-p127"),
("tour3-route2", "tour3-r2-p128"),
("tour3-route2", "tour3-r2-p129"),
("tour3-route2", "tour3-r2-p130"),
("tour3-route2", "tour3-r2-p131"),
("tour3-route2", "tour3-r2-p132"),
("tour3-route2", "tour3-r2-p133"),
("tour3-route2", "tour3-r2-p134"),
("tour3-route2", "tour3-r2-p135"),
("tour3-route2", "tour3-r2-p136"),
("tour3-route2", "tour3-r2-p137"),
("tour3-route2", "tour3-r2-p138"),
("tour3-route2", "tour3-r2-p139"),
("tour3-route2", "tour3-r2-p140"),
("tour3-route2", "tour3-r2-p141"),
("tour3-route2", "tour3-r2-p142"),
("tour3-route2", "tour3-r2-p143"),
("tour3-route2", "tour3-r2-p144"),
("tour3-route2", "tour3-r2-p145"),
("tour3-route2", "tour3-r2-p146"),
("tour3-route2", "tour3-r2-p147"),
("tour3-route2", "tour3-r2-p148"),
("tour3-route2", "tour3-r2-p149"),
("tour3-route2", "tour3-r2-p150"),
("tour3-route2", "tour3-r2-p151"),
("tour3-route2", "tour3-r2-p152"),
("tour3-route2", "tour3-r2-p153"),
("tour3-route2", "tour3-r2-p154"),
("tour3-route2", "tour3-r2-p155"),
("tour3-route2", "tour3-r2-p156"),
("tour3-route2", "tour3-r2-p157"),
("tour3-route2", "tour3-r2-p158"),
("tour3-route2", "tour3-r2-p159"),
("tour3-route2", "tour3-r2-p160"),
("tour3-route2", "tour3-r2-p161"),
("tour3-route2", "tour3-r2-p162"),
("tour3-route2", "tour3-r2-p163"),
("tour3-route2", "tour3-r2-p164"),
("tour3-route2", "tour3-r2-p165"),
("tour3-route2", "tour3-r2-p166");

-- tour - location
INSERT INTO TOUR_LOCATION (tour_id, location_id) VALUES 
("tour3", "NhathoDucBa"),
("tour3", "BaoTangLichSu"),
("tour3", "NhaHatLon");
-- center point for tour 4
INSERT INTO POINT (id, longitude, latitude) VALUES 
("tour4-center", 106.70243684101295, 10.777726597748899);

-- tour4 - route1
INSERT INTO POINT (id, longitude, latitude) VALUES 
("tour4-r1-p001", 106.7078951406651, 10.784525572603155),
("tour4-r1-p002", 106.70775590891552, 10.784359290271887),
("tour4-r1-p003", 106.7071203300429, 10.783608891220284),
("tour4-r1-p004", 106.70693390414007, 10.783386500807286),
("tour4-r1-p005", 106.70654815705954, 10.782932365460306),
("tour4-r1-p006", 106.70622631068552, 10.782543614108885),
("tour4-r1-p007", 106.70621654440463, 10.782530068652548),
("tour4-r1-p008", 106.70618805846817, 10.782483364986193),
("tour4-r1-p009", 106.70617965129179, 10.782465232397424),
("tour4-r1-p010", 106.70617103383415, 10.782440759645176),
("tour4-r1-p011", 106.70615641924032, 10.782355576556744),
("tour4-r1-p012", 106.70615544597503, 10.782231570143862),
("tour4-r1-p013", 106.70618202786812, 10.782154302648781),
("tour4-r1-p014", 106.70627065337021, 10.78204484214828),
("tour4-r1-p015", 106.70639861537778, 10.7819224179818),
("tour4-r1-p016", 106.70648546681244, 10.781840186242572),
("tour4-r1-p017", 106.70651629434383, 10.781810757292854),
("tour4-r1-p018", 106.7066015002116, 10.781746829991507),
("tour4-r1-p019", 106.70662411385896, 10.781729692580294),
("tour4-r1-p020", 106.7069008030677, 10.781481546503358),
("tour4-r1-p021", 106.70701688895448, 10.781377660631934),
("tour4-r1-p022", 106.7072565350024, 10.781147096300755),
("tour4-r1-p023", 106.70769985390754, 10.780677244191992),
("tour4-r1-p024", 106.7077452458441, 10.780631479736108),
("tour4-r1-p025", 106.70776919592089, 10.780589514509048),
("tour4-r1-p026", 106.7077939352151, 10.78052836412283),
("tour4-r1-p027", 106.70779098478931, 10.780468816050584),
("tour4-r1-p028", 106.70775930741202, 10.78032137941071),
("tour4-r1-p029", 106.70778999226971, 10.78025305721155),
("tour4-r1-p030", 106.70774795566636, 10.780118812774859),
("tour4-r1-p031", 106.7075180255461, 10.779290596188673),
("tour4-r1-p032", 106.70736983001514, 10.778743792423057),
("tour4-r1-p033", 106.7072642089184, 10.778287461399085),
("tour4-r1-p034", 106.70724329484801, 10.77819904641346),
("tour4-r1-p035", 106.7071366116047, 10.777790234810002),
("tour4-r1-p036", 106.70706361242135, 10.777549697109682),
("tour4-r1-p037", 106.70704365350427, 10.777481521422697),
("tour4-r1-p038", 106.70680597699256, 10.776417773072856),
("tour4-r1-p039", 106.70679610776948, 10.776370123750741),
("tour4-r1-p040", 106.70675373966802, 10.77611801829764),
("tour4-r1-p041", 106.70663950979811, 10.775931514030175),
("tour4-r1-p042", 106.7065909362897, 10.775870906768464),
("tour4-r1-p043", 106.70651018337954, 10.775803431875712),
("tour4-r1-p044", 106.70638992365993, 10.775791986485919),
("tour4-r1-p045", 106.70630370415479, 10.77578426397072),
("tour4-r1-p046", 106.70618957616327, 10.775739075224177),
("tour4-r1-p047", 106.70607228198186, 10.775645950902987),
("tour4-r1-p048", 106.70598968705787, 10.775468223256679),
("tour4-r1-p049", 106.70596287276139, 10.775339250860076),
("tour4-r1-p050", 106.70598318891544, 10.775183523703088),
("tour4-r1-p051", 106.70601960006648, 10.775062240298725),
("tour4-r1-p052", 106.7060673128556, 10.774981896164682),
("tour4-r1-p053", 106.70625190406491, 10.774838691339703),
("tour4-r1-p054", 106.70621908027816, 10.774775683813333),
("tour4-r1-p055", 106.70611235489709, 10.774562639782419),
("tour4-r1-p056", 106.70593950966078, 10.774215631905726),
("tour4-r1-p057", 106.70587585879979, 10.774088002357782),
("tour4-r1-p058", 106.70587585879979, 10.774088002357782),
("tour4-r1-p059", 106.7057786161517, 10.773892164715685),
("tour4-r1-p060", 106.70575705201486, 10.77384995220242),
("tour4-r1-p061", 106.70569519299234, 10.773725692231785),
("tour4-r1-p062", 106.70566922142169, 10.773673979465528),
("tour4-r1-p063", 106.70564095954018, 10.773643168575791),
("tour4-r1-p064", 106.70554413271027, 10.773538284768799),
("tour4-r1-p065", 106.70545140603083, 10.77343834416716),
("tour4-r1-p066", 106.70535431281436, 10.773333919234515),
("tour4-r1-p067", 106.7052077396493, 10.773175432022887),
("tour4-r1-p068", 106.7051751720944, 10.773139865987599),
("tour4-r1-p069", 106.70512353956065, 10.773084137109766),
("tour4-r1-p070", 106.70507914900341, 10.773036708266462),
("tour4-r1-p071", 106.70503656744896, 10.773075659507962),
("tour4-r1-p072", 106.7048999408402, 10.773201586503445),
("tour4-r1-p073", 106.70469294032094, 10.773391292273056),
("tour4-r1-p074", 106.70452999426523, 10.773541632616434),
("tour4-r1-p075", 106.7044674877834, 10.773597413445916),
("tour4-r1-p076", 106.70432372137411, 10.773728106003206),
("tour4-r1-p077", 106.70423497563266, 10.773808354606247),
("tour4-r1-p078", 106.70414725494575, 10.773887414775645),
("tour4-r1-p079", 106.70414725494575, 10.773887414775645),
("tour4-r1-p080", 106.70391768379845, 10.77409251984683),
("tour4-r1-p081", 106.70378429088252, 10.774205960048462),
("tour4-r1-p082", 106.70375573502186, 10.774230161874407);

-- tour4 - route2
INSERT INTO POINT (id, longitude, latitude) VALUES 
("tour4-r2-p001", 106.70375573502186, 10.774230161874407),
("tour4-r2-p002", 106.70373512434476, 10.774247879051845),
("tour4-r2-p003", 106.70362211142294, 10.77434913156367),
("tour4-r2-p004", 106.70358528264671, 10.774381740647245),
("tour4-r2-p005", 106.70353633233478, 10.774426534354928),
("tour4-r2-p006", 106.70348107882543, 10.774477783620187),
("tour4-r2-p007", 106.7034045017576, 10.774549190035142),
("tour4-r2-p008", 106.70333613363724, 10.774613288431121),
("tour4-r2-p009", 106.7032489008276, 10.774695391205052),
("tour4-r2-p010", 106.7032055831529, 10.774735968992635),
("tour4-r2-p011", 106.70316278856032, 10.774775718075935),
("tour4-r2-p012", 106.703103243522, 10.774831841881486),
("tour4-r2-p013", 106.70301647406167, 10.774913524399032),
("tour4-r2-p014", 106.7029774479199, 10.77494922755947),
("tour4-r2-p015", 106.70289483588178, 10.775024849730816),
("tour4-r2-p016", 106.70280659119847, 10.775105082991942),
("tour4-r2-p017", 106.7027166030829, 10.775187292414504),
("tour4-r2-p018", 106.70261427680202, 10.775279909726219),
("tour4-r2-p019", 106.702517314946, 10.775367915924896),
("tour4-r2-p020", 106.70247034609957, 10.775410924840402),
("tour4-r2-p021", 106.70242608965596, 10.775446100966924),
("tour4-r2-p022", 106.70238920928713, 10.77547771994109),
("tour4-r2-p023", 106.70235407234291, 10.77550591352785),
("tour4-r2-p024", 106.70229775028159, 10.775561007722242),
("tour4-r2-p025", 106.70221399813028, 10.775644394487498),
("tour4-r2-p026", 106.70214023737717, 10.775717118082),
("tour4-r2-p027", 106.70210085035285, 10.775683919692417),
("tour4-r2-p028", 106.70204389533275, 10.775634396671228),
("tour4-r2-p029", 106.70201760967622, 10.775610814195039),
("tour4-r2-p030", 106.70200366219736, 10.775598034863664),
("tour4-r2-p031", 106.7019691958053, 10.775559696871351),
("tour4-r2-p032", 106.70193365654598, 10.775521095376684),
("tour4-r2-p033", 106.70188194037567, 10.775463362636861),
("tour4-r2-p034", 106.70188194037567, 10.775463362636861),
("tour4-r2-p035", 106.70172568995028, 10.775294103012552),
("tour4-r2-p036", 106.70168478626267, 10.775249836416771),
("tour4-r2-p037", 106.7016123297596, 10.77517501836452),
("tour4-r2-p038", 106.70147545670014, 10.775033077533344),
("tour4-r2-p039", 106.70130661162986, 10.774858382389644),
("tour4-r2-p040", 106.70123196463122, 10.77478105605233),
("tour4-r2-p041", 106.70118137847406, 10.774729344575965),
("tour4-r2-p042", 106.70113859723824, 10.774684550918368),
("tour4-r2-p043", 106.70107744286956, 10.774621049291811),
("tour4-r2-p044", 106.70101732035027, 10.774558496133363),
("tour4-r2-p045", 106.70097668487962, 10.774517391341558),
("tour4-r2-p046", 106.70095239051025, 10.774491792447376),
("tour4-r2-p047", 106.70085901077856, 10.774383379715324),
("tour4-r2-p048", 106.7006998252721, 10.77419880942122),
("tour4-r2-p049", 106.70061821153688, 10.774105074861316),
("tour4-r2-p050", 106.70056763939544, 10.774048357482075),
("tour4-r2-p051", 106.70053639165636, 10.774014630410363),
("tour4-r2-p052", 106.7004981701779, 10.773972471574199),
("tour4-r2-p053", 106.70046437434829, 10.773935846057027),
("tour4-r2-p054", 106.70022706231197, 10.773676263912717),
("tour4-r2-p055", 106.7000644840606, 10.773498475446203),
("tour4-r2-p056", 106.70010985686592, 10.773389923257007),
("tour4-r2-p057", 106.70003673310998, 10.773324939227471),
("tour4-r2-p058", 106.6999974125005, 10.773289072282717),
("tour4-r2-p059", 106.69996053212145, 10.773255872104722),
("tour4-r2-p060", 106.69992646807003, 10.773224516399187),
("tour4-r2-p061", 106.69988524732412, 10.773183554010638),
("tour4-r2-p062", 106.69988524732412, 10.773183554010638),
("tour4-r2-p063", 106.69975828797, 10.773057452778032),
("tour4-r2-p064", 106.69958582573737, 10.7728867305869),
("tour4-r2-p065", 106.69956959951288, 10.77287055750666),
("tour4-r2-p066", 106.69954344797502, 10.772844339876379),
("tour4-r2-p067", 106.69948189127605, 10.77278255058058),
("tour4-r2-p068", 106.69943750072888, 10.772739601082312),
("tour4-r2-p069", 106.69939544147016, 10.772697063454451),
("tour4-r2-p070", 106.69933066611839, 10.772633034428889),
("tour4-r2-p071", 106.6993085725916, 10.772611636835451),
("tour4-r2-p072", 106.6992384328269, 10.772541283941157),
("tour4-r2-p073", 106.69919407779837, 10.77249787911107),
("tour4-r2-p074", 106.69915451521537, 10.772456247052773),
("tour4-r2-p075", 106.69905379826882, 10.772345842999494),
("tour4-r2-p076", 106.69900321674976, 10.77229031518348),
("tour4-r2-p077", 106.69900321674976, 10.77229031518348),
("tour4-r2-p078", 106.69896164250493, 10.772245125912576),
("tour4-r2-p079", 106.69886365154022, 10.772143251172759),
("tour4-r2-p080", 106.6988416663195, 10.7721212924328),
("tour4-r2-p081", 106.6988076022681, 10.772085325446636),
("tour4-r2-p082", 106.69872593597665, 10.77200083429673),
("tour4-r2-p083", 106.69867379622156, 10.771946290308096),
("tour4-r2-p084", 106.6986489857881, 10.771920863084059),
("tour4-r2-p085", 106.69862363891087, 10.77189517236229),
("tour4-r2-p086", 106.69871657136373, 10.771829165878417),
("tour4-r2-p087", 106.69870586739296, 10.771817033685993),
("tour4-r2-p088", 106.69864001915346, 10.771745363132448),
("tour4-r2-p089", 106.69868854289915, 10.771798251669736),
("tour4-r2-p090", 106.69860945718975, 10.771712699014705),
("tour4-r2-p091", 106.69858022111762, 10.771680289150275),
("tour4-r2-p092", 106.69856117742748, 10.7716556523862),
("tour4-r2-p093", 106.69853274601583, 10.771617840878557),
("tour4-r2-p094", 106.69852282184036, 10.771604139149774),
("tour4-r2-p095", 106.69851325562284, 10.771574949015847),
("tour4-r2-p096", 106.69851064745326, 10.771503463661483),
("tour4-r2-p097", 106.69853741315063, 10.771244966877886),
("tour4-r2-p098", 106.6984963198127, 10.77122028050642),
("tour4-r2-p099", 106.69848974214477, 10.771216547347905),
("tour4-r2-p100", 106.69846654104295, 10.771194808994164),
("tour4-r2-p101", 106.69844481514369, 10.771159632381057),
("tour4-r2-p102", 106.69841812375445, 10.771123559969531),
("tour4-r2-p103", 106.69839116755594, 10.771047409823232),
("tour4-r2-p104", 106.69834342423721, 10.770980218510264),
("tour4-r2-p105", 106.69821427586912, 10.770888785592634),
("tour4-r2-p106", 106.69820477617463, 10.770880532138678),
("tour4-r2-p107", 106.69811612915852, 10.77080201048206),
("tour4-r2-p108", 106.6980746890269, 10.770765252846083),
("tour4-r2-p109", 106.69803150546572, 10.770721644326098),
("tour4-r2-p110", 106.6980034763795, 10.77069397728972),
("tour4-r2-p111", 106.69790141832338, 10.770626522391144),
("tour4-r2-p112", 106.6977467102977, 10.770589606808848),
("tour4-r2-p113", 106.69768676292007, 10.77057471929539),
("tour4-r2-p114", 106.69735534862696, 10.77022649112929),
("tour4-r2-p115", 106.69720696581723, 10.770059262475868),
("tour4-r2-p116", 106.69710058915506, 10.769992109151495),
("tour4-r2-p117", 106.69707846093071, 10.76997827560264),
("tour4-r2-p118", 106.6970661227682, 10.769970634206675),
("tour4-r2-p119", 106.69684869975275, 10.769718609330356),
("tour4-r2-p120", 106.69657174539985, 10.76940718915564),
("tour4-r2-p121", 106.69651427036574, 10.769343009946118),
("tour4-r2-p122", 106.69642266927747, 10.769242401572365),
("tour4-r2-p123", 106.69632625364964, 10.769135870325819),
("tour4-r2-p124", 106.69621441816271, 10.769012388384672),
("tour4-r2-p125", 106.69616251741202, 10.768954287267118),
("tour4-r2-p126", 106.69610278920129, 10.768889696900395),
("tour4-r2-p127", 106.69602440850875, 10.768805378561334),
("tour4-r2-p128", 106.69596612546805, 10.768738310193596),
("tour4-r2-p129", 106.69588828062109, 10.768649631776368),
("tour4-r2-p130", 106.69582752858284, 10.768580068442065),
("tour4-r2-p131", 106.69577139169395, 10.768514276405183),
("tour4-r2-p132", 106.69572833454131, 10.768464090968559),
("tour4-r2-p133", 106.69570084189893, 10.76843194425321),
("tour4-r2-p134", 106.69568327342682, 10.76841218193083),
("tour4-r2-p135", 106.69564515562108, 10.768367716281242),
("tour4-r2-p136", 106.69550664519129, 10.768207449493927),
("tour4-r2-p137", 106.69547392223926, 10.768168320054116),
("tour4-r2-p138", 106.6954477707013, 10.768138544802207),
("tour4-r2-p139", 106.69541692529764, 10.768102840834354),
("tour4-r2-p140", 106.69539188803661, 10.7680762870672),
("tour4-r2-p141", 106.69535232545365, 10.768034127389743),
("tour4-r2-p142", 106.69533422054276, 10.768012520565895),
("tour4-r2-p143", 106.69529398740757, 10.767966671913145),
("tour4-r2-p144", 106.69525160530443, 10.767918610632673),
("tour4-r2-p145", 106.69520801940283, 10.767868677741863),
("tour4-r2-p146", 106.69509509841737, 10.76773969538955),
("tour4-r2-p147", 106.69503373544667, 10.767668910262913),
("tour4-r2-p148", 106.69502327483757, 10.767656394098877),
("tour4-r2-p149", 106.69496748489205, 10.767591310011879),
("tour4-r2-p150", 106.69488379005321, 10.76749268282294),
("tour4-r2-p151", 106.6948464112516, 10.767449432180493),
("tour4-r2-p152", 106.69481905111444, 10.767417027741084),
("tour4-r2-p153", 106.69477385589664, 10.767364064542285),
("tour4-r2-p154", 106.69473697553282, 10.767321114273903),
("tour4-r2-p155", 106.69467222156482, 10.767245176130164),
("tour4-r2-p156", 106.69464446069537, 10.767212897547466),
("tour4-r2-p157", 106.69457260221044, 10.767129790089566),
("tour4-r2-p158", 106.6945024269673, 10.76704996611411),
("tour4-r2-p159", 106.69444663701148, 10.766986199393065),
("tour4-r2-p160", 106.69438496996804, 10.766916496178526),
("tour4-r2-p161", 106.69435036947264, 10.766876971343695),
("tour4-r2-p162", 106.69428425301112, 10.766801478869022),
("tour4-r2-p163", 106.69425947898951, 10.766772855848057),
("tour4-r2-p164", 106.69419121677812, 10.766694201363155),
("tour4-r2-p165", 106.69416011236827, 10.76665894368202),
("tour4-r2-p166", 106.69414815315507, 10.766644397667504),
("tour4-r2-p167", 106.69413044539523, 10.766624674355976),
("tour4-r2-p168", 106.69410187987538, 10.766591605201057),
("tour4-r2-p169", 106.6940680840356, 10.766552212066202),
("tour4-r2-p170", 106.6939998218243, 10.766474611530077),
("tour4-r2-p171", 106.69396039334976, 10.76642955314443),
("tour4-r2-p172", 106.69393018362308, 10.766395739475845),
("tour4-r2-p173", 106.6938843178479, 10.766343566586311),
("tour4-r2-p174", 106.69385266777837, 10.766307598900248),
("tour4-r2-p175", 106.69377354260719, 10.766217877325635),
("tour4-r2-p176", 106.69371226693215, 10.76614908449574),
("tour4-r2-p177", 106.69363247121895, 10.766057913622587),
("tour4-r2-p178", 106.69363247121895, 10.766057913622587),
("tour4-r2-p179", 106.69354404707543, 10.76595749331404),
("tour4-r2-p180", 106.69349133652314, 10.765896479476988),
("tour4-r2-p181", 106.6934386311117, 10.765837455512955),
("tour4-r2-p182", 106.69339062775892, 10.765909362403518),
("tour4-r2-p183", 106.69335108295073, 10.765994492351345),
("tour4-r2-p184", 106.69331608012514, 10.766067877022648),
("tour4-r2-p185", 106.69325417028165, 10.766199697212762),
("tour4-r2-p186", 106.69324385611355, 10.76622293031095);

-- tour
INSERT INTO TOUR 
(id, name, price, date_start, total_time, description, thumbnail_img, center_point_id, zoom_val, admin_id)
VALUES
("tour4", "Tour Thảo Cầm Viên Sài Gòn - Phố đi bộ Nguyễn Huệ - Khu Phố Tây Bùi Viện", 2500000, "2024-12-12", "4 ngày 3 đêm", "Tour tham quan 3 điểm đến nổi tiếng tại Thành phố Hồ Chí Minh", "https://static.hotdeal.vn/images/1598/1598345/500x500/356818-tour-sai-gon-city-tour-1-ngay-dinh-doc-lap-nha-tho-duc-ba-buu-dien-thanh-pho-cho-ben-thanh-khoi-hanh-hang-ngay-ko-phu-thu-cuoi-tuan.jpg", "tour4-center", 15, 1);

-- route 
INSERT INTO ROUTE (id, name, description, tour_id) VALUES 
("tour4-route1", "Từ Thảo Cầm Viên đến Phố đi bộ Nguyễn Huệ", "Từ Thảo Cầm Viên đến Phố đi bộ Nguyễn Huệ", "tour4"),
("tour4-route2", "Từ Phố đi bộ Nguyễn Huệ đến Phố Bùi Viện", "Từ Phố đi bộ Nguyễn Huệ đến Phố Bùi Viện", "tour4");

-- route point
INSERT INTO ROUTE_POINT (route_id, point_id) VALUES 
("tour4-route1", "tour4-r1-p001"),
("tour4-route1", "tour4-r1-p002"),
("tour4-route1", "tour4-r1-p003"),
("tour4-route1", "tour4-r1-p004"),
("tour4-route1", "tour4-r1-p005"),
("tour4-route1", "tour4-r1-p006"),
("tour4-route1", "tour4-r1-p007"),
("tour4-route1", "tour4-r1-p008"),
("tour4-route1", "tour4-r1-p009"),
("tour4-route1", "tour4-r1-p010"),
("tour4-route1", "tour4-r1-p011"),
("tour4-route1", "tour4-r1-p012"),
("tour4-route1", "tour4-r1-p013"),
("tour4-route1", "tour4-r1-p014"),
("tour4-route1", "tour4-r1-p015"),
("tour4-route1", "tour4-r1-p016"),
("tour4-route1", "tour4-r1-p017"),
("tour4-route1", "tour4-r1-p018"),
("tour4-route1", "tour4-r1-p019"),
("tour4-route1", "tour4-r1-p020"),
("tour4-route1", "tour4-r1-p021"),
("tour4-route1", "tour4-r1-p022"),
("tour4-route1", "tour4-r1-p023"),
("tour4-route1", "tour4-r1-p024"),
("tour4-route1", "tour4-r1-p025"),
("tour4-route1", "tour4-r1-p026"),
("tour4-route1", "tour4-r1-p027"),
("tour4-route1", "tour4-r1-p028"),
("tour4-route1", "tour4-r1-p029"),
("tour4-route1", "tour4-r1-p030"),
("tour4-route1", "tour4-r1-p031"),
("tour4-route1", "tour4-r1-p032"),
("tour4-route1", "tour4-r1-p033"),
("tour4-route1", "tour4-r1-p034"),
("tour4-route1", "tour4-r1-p035"),
("tour4-route1", "tour4-r1-p036"),
("tour4-route1", "tour4-r1-p037"),
("tour4-route1", "tour4-r1-p038"),
("tour4-route1", "tour4-r1-p039"),
("tour4-route1", "tour4-r1-p040"),
("tour4-route1", "tour4-r1-p041"),
("tour4-route1", "tour4-r1-p042"),
("tour4-route1", "tour4-r1-p043"),
("tour4-route1", "tour4-r1-p044"),
("tour4-route1", "tour4-r1-p045"),
("tour4-route1", "tour4-r1-p046"),
("tour4-route1", "tour4-r1-p047"),
("tour4-route1", "tour4-r1-p048"),
("tour4-route1", "tour4-r1-p049"),
("tour4-route1", "tour4-r1-p050"),
("tour4-route1", "tour4-r1-p051"),
("tour4-route1", "tour4-r1-p052"),
("tour4-route1", "tour4-r1-p053"),
("tour4-route1", "tour4-r1-p054"),
("tour4-route1", "tour4-r1-p055"),
("tour4-route1", "tour4-r1-p056"),
("tour4-route1", "tour4-r1-p057"),
("tour4-route1", "tour4-r1-p058"),
("tour4-route1", "tour4-r1-p059"),
("tour4-route1", "tour4-r1-p060"),
("tour4-route1", "tour4-r1-p061"),
("tour4-route1", "tour4-r1-p062"),
("tour4-route1", "tour4-r1-p063"),
("tour4-route1", "tour4-r1-p064"),
("tour4-route1", "tour4-r1-p065"),
("tour4-route1", "tour4-r1-p066"),
("tour4-route1", "tour4-r1-p067"),
("tour4-route1", "tour4-r1-p068"),
("tour4-route1", "tour4-r1-p069"),
("tour4-route1", "tour4-r1-p070"),
("tour4-route1", "tour4-r1-p071"),
("tour4-route1", "tour4-r1-p072"),
("tour4-route1", "tour4-r1-p073"),
("tour4-route1", "tour4-r1-p074"),
("tour4-route1", "tour4-r1-p075"),
("tour4-route1", "tour4-r1-p076"),
("tour4-route1", "tour4-r1-p077"),
("tour4-route1", "tour4-r1-p078"),
("tour4-route1", "tour4-r1-p079"),
("tour4-route1", "tour4-r1-p080"),
("tour4-route1", "tour4-r1-p081"),
("tour4-route1", "tour4-r1-p082"),
("tour4-route2", "tour4-r2-p001"),
("tour4-route2", "tour4-r2-p002"),
("tour4-route2", "tour4-r2-p003"),
("tour4-route2", "tour4-r2-p004"),
("tour4-route2", "tour4-r2-p005"),
("tour4-route2", "tour4-r2-p006"),
("tour4-route2", "tour4-r2-p007"),
("tour4-route2", "tour4-r2-p008"),
("tour4-route2", "tour4-r2-p009"),
("tour4-route2", "tour4-r2-p010"),
("tour4-route2", "tour4-r2-p011"),
("tour4-route2", "tour4-r2-p012"),
("tour4-route2", "tour4-r2-p013"),
("tour4-route2", "tour4-r2-p014"),
("tour4-route2", "tour4-r2-p015"),
("tour4-route2", "tour4-r2-p016"),
("tour4-route2", "tour4-r2-p017"),
("tour4-route2", "tour4-r2-p018"),
("tour4-route2", "tour4-r2-p019"),
("tour4-route2", "tour4-r2-p020"),
("tour4-route2", "tour4-r2-p021"),
("tour4-route2", "tour4-r2-p022"),
("tour4-route2", "tour4-r2-p023"),
("tour4-route2", "tour4-r2-p024"),
("tour4-route2", "tour4-r2-p025"),
("tour4-route2", "tour4-r2-p026"),
("tour4-route2", "tour4-r2-p027"),
("tour4-route2", "tour4-r2-p028"),
("tour4-route2", "tour4-r2-p029"),
("tour4-route2", "tour4-r2-p030"),
("tour4-route2", "tour4-r2-p031"),
("tour4-route2", "tour4-r2-p032"),
("tour4-route2", "tour4-r2-p033"),
("tour4-route2", "tour4-r2-p034"),
("tour4-route2", "tour4-r2-p035"),
("tour4-route2", "tour4-r2-p036"),
("tour4-route2", "tour4-r2-p037"),
("tour4-route2", "tour4-r2-p038"),
("tour4-route2", "tour4-r2-p039"),
("tour4-route2", "tour4-r2-p040"),
("tour4-route2", "tour4-r2-p041"),
("tour4-route2", "tour4-r2-p042"),
("tour4-route2", "tour4-r2-p043"),
("tour4-route2", "tour4-r2-p044"),
("tour4-route2", "tour4-r2-p045"),
("tour4-route2", "tour4-r2-p046"),
("tour4-route2", "tour4-r2-p047"),
("tour4-route2", "tour4-r2-p048"),
("tour4-route2", "tour4-r2-p049"),
("tour4-route2", "tour4-r2-p050"),
("tour4-route2", "tour4-r2-p051"),
("tour4-route2", "tour4-r2-p052"),
("tour4-route2", "tour4-r2-p053"),
("tour4-route2", "tour4-r2-p054"),
("tour4-route2", "tour4-r2-p055"),
("tour4-route2", "tour4-r2-p056"),
("tour4-route2", "tour4-r2-p057"),
("tour4-route2", "tour4-r2-p058"),
("tour4-route2", "tour4-r2-p059"),
("tour4-route2", "tour4-r2-p060"),
("tour4-route2", "tour4-r2-p061"),
("tour4-route2", "tour4-r2-p062"),
("tour4-route2", "tour4-r2-p063"),
("tour4-route2", "tour4-r2-p064"),
("tour4-route2", "tour4-r2-p065"),
("tour4-route2", "tour4-r2-p066"),
("tour4-route2", "tour4-r2-p067"),
("tour4-route2", "tour4-r2-p068"),
("tour4-route2", "tour4-r2-p069"),
("tour4-route2", "tour4-r2-p070"),
("tour4-route2", "tour4-r2-p071"),
("tour4-route2", "tour4-r2-p072"),
("tour4-route2", "tour4-r2-p073"),
("tour4-route2", "tour4-r2-p074"),
("tour4-route2", "tour4-r2-p075"),
("tour4-route2", "tour4-r2-p076"),
("tour4-route2", "tour4-r2-p077"),
("tour4-route2", "tour4-r2-p078"),
("tour4-route2", "tour4-r2-p079"),
("tour4-route2", "tour4-r2-p080"),
("tour4-route2", "tour4-r2-p081"),
("tour4-route2", "tour4-r2-p082"),
("tour4-route2", "tour4-r2-p083"),
("tour4-route2", "tour4-r2-p084"),
("tour4-route2", "tour4-r2-p085"),
("tour4-route2", "tour4-r2-p086"),
("tour4-route2", "tour4-r2-p087"),
("tour4-route2", "tour4-r2-p088"),
("tour4-route2", "tour4-r2-p089"),
("tour4-route2", "tour4-r2-p090"),
("tour4-route2", "tour4-r2-p091"),
("tour4-route2", "tour4-r2-p092"),
("tour4-route2", "tour4-r2-p093"),
("tour4-route2", "tour4-r2-p094"),
("tour4-route2", "tour4-r2-p095"),
("tour4-route2", "tour4-r2-p096"),
("tour4-route2", "tour4-r2-p097"),
("tour4-route2", "tour4-r2-p098"),
("tour4-route2", "tour4-r2-p099"),
("tour4-route2", "tour4-r2-p100"),
("tour4-route2", "tour4-r2-p101"),
("tour4-route2", "tour4-r2-p102"),
("tour4-route2", "tour4-r2-p103"),
("tour4-route2", "tour4-r2-p104"),
("tour4-route2", "tour4-r2-p105"),
("tour4-route2", "tour4-r2-p106"),
("tour4-route2", "tour4-r2-p107"),
("tour4-route2", "tour4-r2-p108"),
("tour4-route2", "tour4-r2-p109"),
("tour4-route2", "tour4-r2-p110"),
("tour4-route2", "tour4-r2-p111"),
("tour4-route2", "tour4-r2-p112"),
("tour4-route2", "tour4-r2-p113"),
("tour4-route2", "tour4-r2-p114"),
("tour4-route2", "tour4-r2-p115"),
("tour4-route2", "tour4-r2-p116"),
("tour4-route2", "tour4-r2-p117"),
("tour4-route2", "tour4-r2-p118"),
("tour4-route2", "tour4-r2-p119"),
("tour4-route2", "tour4-r2-p120"),
("tour4-route2", "tour4-r2-p121"),
("tour4-route2", "tour4-r2-p122"),
("tour4-route2", "tour4-r2-p123"),
("tour4-route2", "tour4-r2-p124"),
("tour4-route2", "tour4-r2-p125"),
("tour4-route2", "tour4-r2-p126"),
("tour4-route2", "tour4-r2-p127"),
("tour4-route2", "tour4-r2-p128"),
("tour4-route2", "tour4-r2-p129"),
("tour4-route2", "tour4-r2-p130"),
("tour4-route2", "tour4-r2-p131"),
("tour4-route2", "tour4-r2-p132"),
("tour4-route2", "tour4-r2-p133"),
("tour4-route2", "tour4-r2-p134"),
("tour4-route2", "tour4-r2-p135"),
("tour4-route2", "tour4-r2-p136"),
("tour4-route2", "tour4-r2-p137"),
("tour4-route2", "tour4-r2-p138"),
("tour4-route2", "tour4-r2-p139"),
("tour4-route2", "tour4-r2-p140"),
("tour4-route2", "tour4-r2-p141"),
("tour4-route2", "tour4-r2-p142"),
("tour4-route2", "tour4-r2-p143"),
("tour4-route2", "tour4-r2-p144"),
("tour4-route2", "tour4-r2-p145"),
("tour4-route2", "tour4-r2-p146"),
("tour4-route2", "tour4-r2-p147"),
("tour4-route2", "tour4-r2-p148"),
("tour4-route2", "tour4-r2-p149"),
("tour4-route2", "tour4-r2-p150"),
("tour4-route2", "tour4-r2-p151"),
("tour4-route2", "tour4-r2-p152"),
("tour4-route2", "tour4-r2-p153"),
("tour4-route2", "tour4-r2-p154"),
("tour4-route2", "tour4-r2-p155"),
("tour4-route2", "tour4-r2-p156"),
("tour4-route2", "tour4-r2-p157"),
("tour4-route2", "tour4-r2-p158"),
("tour4-route2", "tour4-r2-p159"),
("tour4-route2", "tour4-r2-p160"),
("tour4-route2", "tour4-r2-p161"),
("tour4-route2", "tour4-r2-p162"),
("tour4-route2", "tour4-r2-p163"),
("tour4-route2", "tour4-r2-p164"),
("tour4-route2", "tour4-r2-p165"),
("tour4-route2", "tour4-r2-p166"),
("tour4-route2", "tour4-r2-p167"),
("tour4-route2", "tour4-r2-p168"),
("tour4-route2", "tour4-r2-p169"),
("tour4-route2", "tour4-r2-p170"),
("tour4-route2", "tour4-r2-p171"),
("tour4-route2", "tour4-r2-p172"),
("tour4-route2", "tour4-r2-p173"),
("tour4-route2", "tour4-r2-p174"),
("tour4-route2", "tour4-r2-p175"),
("tour4-route2", "tour4-r2-p176"),
("tour4-route2", "tour4-r2-p177"),
("tour4-route2", "tour4-r2-p178"),
("tour4-route2", "tour4-r2-p179"),
("tour4-route2", "tour4-r2-p180"),
("tour4-route2", "tour4-r2-p181"),
("tour4-route2", "tour4-r2-p182"),
("tour4-route2", "tour4-r2-p183"),
("tour4-route2", "tour4-r2-p184"),
("tour4-route2", "tour4-r2-p185"),
("tour4-route2", "tour4-r2-p186");

-- tour - location
INSERT INTO TOUR_LOCATION (tour_id, location_id) VALUES 
("tour4", "ThaoCamVien"),
("tour4", "PhoDiBoNguyenHue"),
("tour4", "PhoTayBuiVien");
-- center point for tour5 
INSERT INTO POINT (id, longitude, latitude) VALUES 
("tour5-center", 106.70013865914274, 10.782900304461531);

-- tour5 - route1
INSERT INTO POINT (id, longitude, latitude) VALUES 
("tour5-r1-p001", 106.70470317034483, 10.787728769561706),
("tour5-r1-p002", 106.70470317034483, 10.787728769561706),
("tour5-r1-p003", 106.70468981334386, 10.78771401151232),
("tour5-r1-p004", 106.70467282603374, 10.787699373688435),
("tour5-r1-p005", 106.70464958020864, 10.78767595317478),
("tour5-r1-p006", 106.7046257383496, 10.787639358619174),
("tour5-r1-p007", 106.70460159846847, 10.787615059834758),
("tour5-r1-p008", 106.70460017443602, 10.787613680029402),
("tour5-r1-p009", 106.70460017443602, 10.787613680029402),
("tour5-r1-p010", 106.70462239613845, 10.787593191370771),
("tour5-r1-p011", 106.70463446607901, 10.787581773860408),
("tour5-r1-p012", 106.70463997950297, 10.787577089759008),
("tour5-r1-p013", 106.70465190042736, 10.78756611139119),
("tour5-r1-p014", 106.70465979803838, 10.787558938853449),
("tour5-r1-p015", 106.70467618931967, 10.78754356913345),
("tour5-r1-p016", 106.70469317664003, 10.787527467513991),
("tour5-r1-p017", 106.7047039054812, 10.787518099309434),
("tour5-r1-p018", 106.70471716751008, 10.787504486130207),
("tour5-r1-p019", 106.70473133677521, 10.787491371790907),
("tour5-r1-p020", 106.70474310868858, 10.78748068617545),
("tour5-r1-p021", 106.70475741380501, 10.787466926611755),
("tour5-r1-p022", 106.70476799363517, 10.787457412030044),
("tour5-r1-p023", 106.70477156991556, 10.787454191706813),
("tour5-r1-p024", 106.7047825967737, 10.787444530744438),
("tour5-r1-p025", 106.70479928608222, 10.787428429127218),
("tour5-r1-p026", 106.70481254812142, 10.787416572486066),
("tour5-r1-p027", 106.70482104178672, 10.787408521676813),
("tour5-r1-p028", 106.70483519788706, 10.787394908482575),
("tour5-r1-p029", 106.70484905596527, 10.787382319949865),
("tour5-r1-p030", 106.70485337730089, 10.787378221359052),
("tour5-r1-p031", 106.7048579966637, 10.787374122768178),
("tour5-r1-p032", 106.7048675334063, 10.787364900931616),
("tour5-r1-p033", 106.7048794543512, 10.787353776175728),
("tour5-r1-p034", 106.70489234362132, 10.787341789672071),
("tour5-r1-p035", 106.70490098629256, 10.787334177995527),
("tour5-r1-p036", 106.70490724478195, 10.787327590968566),
("tour5-r1-p037", 106.70491126810057, 10.787324517024272),
("tour5-r1-p038", 106.70491678152453, 10.787319686530997),
("tour5-r1-p039", 106.7049272123385, 10.787309440042932),
("tour5-r1-p040", 106.70493823920688, 10.787299339942402),
("tour5-r1-p041", 106.70494270955865, 10.787295241342914),
("tour5-r1-p042", 106.70494554076336, 10.78729231377613),
("tour5-r1-p043", 106.70495045815338, 10.787288068798711),
("tour5-r1-p044", 106.70495477948899, 10.787284116581949),
("tour5-r1-p045", 106.70496699843547, 10.78727225993132),
("tour5-r1-p046", 106.70495835577455, 10.787263184464457),
("tour5-r1-p047", 106.70494598781191, 10.787249132140117),
("tour5-r1-p048", 106.70493182936941, 10.78723304830679),
("tour5-r1-p049", 106.70491663018672, 10.787215775657769),
("tour5-r1-p050", 106.70491648118586, 10.787215775652731),
("tour5-r1-p051", 106.70490351716369, 10.787201284182489),
("tour5-r1-p052", 106.70489025513474, 10.787186060827112),
("tour5-r1-p053", 106.7048701385671, 10.78716234751266),
("tour5-r1-p054", 106.70486730735213, 10.787141269013805),
("tour5-r1-p055", 106.70486522118735, 10.787122825326101),
("tour5-r1-p056", 106.7048634330446, 10.787107016455046),
("tour5-r1-p057", 106.70486194292903, 10.787093110496322),
("tour5-r1-p058", 106.704861793918, 10.787091061195184),
("tour5-r1-p059", 106.70485131324685, 10.787079781354088),
("tour5-r1-p060", 106.70485131324685, 10.787079781354088),
("tour5-r1-p061", 106.70483730614734, 10.787064704373028),
("tour5-r1-p062", 106.70483104765789, 10.787057970957196),
("tour5-r1-p063", 106.70482300103085, 10.78704889548887),
("tour5-r1-p064", 106.70480705677757, 10.787032208333594),
("tour5-r1-p065", 106.7047940927758, 10.787018302373927),
("tour5-r1-p066", 106.70477680741803, 10.786999565915185),
("tour5-r1-p067", 106.70476458846642, 10.786985952707473),
("tour5-r1-p068", 106.70475116649159, 10.78697240342942),
("tour5-r1-p069", 106.70473835149575, 10.786958643852518),
("tour5-r1-p070", 106.70472404637927, 10.786943274111897),
("tour5-r1-p071", 106.70471078434524, 10.786928782628511),
("tour5-r1-p072", 106.7046927539425, 10.786909460654615),
("tour5-r1-p073", 106.70467800179294, 10.786893212625685),
("tour5-r1-p074", 106.70466280260001, 10.786876964610956),
("tour5-r1-p075", 106.7046499875991, 10.786863497778247),
("tour5-r1-p076", 106.70463791765852, 10.786850470081596),
("tour5-r1-p077", 106.70462301649279, 10.78683436843509),
("tour5-r1-p078", 106.70461362876124, 10.786824121930485),
("tour5-r1-p079", 106.70460766829393, 10.786818120409647),
("tour5-r1-p080", 106.70459500230918, 10.786803921683916),
("tour5-r1-p081", 106.70458054818687, 10.786788405540962),
("tour5-r1-p082", 106.70457294859293, 10.786779915579382),
("tour5-r1-p083", 106.70457279958184, 10.786780208338067),
("tour5-r1-p084", 106.70456177271859, 10.78676849804818),
("tour5-r1-p085", 106.70454432128716, 10.786749665303809),
("tour5-r1-p086", 106.70452867507132, 10.78673253899506),
("tour5-r1-p087", 106.70451258181205, 10.786715559071023),
("tour5-r1-p088", 106.70449663756901, 10.786697993628485),
("tour5-r1-p089", 106.70448456762338, 10.78668525868848),
("tour5-r1-p090", 106.70446892140752, 10.786668425142413),
("tour5-r1-p091", 106.70445118902686, 10.786649395920648),
("tour5-r1-p092", 106.70444656966919, 10.786644272672772),
("tour5-r1-p093", 106.70442913531058, 10.786625828957105),
("tour5-r1-p094", 106.70441021083641, 10.786605335933341),
("tour5-r1-p095", 106.70439769385763, 10.78659172270525),
("tour5-r1-p096", 106.70437891838942, 10.78657152243806),
("tour5-r1-p097", 106.70436655042161, 10.786558201972378),
("tour5-r1-p098", 106.70435284134419, 10.78654371047547),
("tour5-r1-p099", 106.70433689711652, 10.78652643777177),
("tour5-r1-p100", 106.70432303903318, 10.786511360755444),
("tour5-r1-p101", 106.70431454537302, 10.786502285275654),
("tour5-r1-p102", 106.70429994223957, 10.786486915504168),
("tour5-r1-p103", 106.70428429601859, 10.786469789182991),
("tour5-r1-p104", 106.70426447747818, 10.786449149767837),
("tour5-r1-p105", 106.70424853325557, 10.786431584309751),
("tour5-r1-p106", 106.70424555302445, 10.78642836396923),
("tour5-r1-p107", 106.70423631430396, 10.786418117454577),
("tour5-r1-p108", 106.70422945977039, 10.786410798508665),
("tour5-r1-p109", 106.70421709181285, 10.786397770789902),
("tour5-r1-p110", 106.70420412781111, 10.786383864804664),
("tour5-r1-p111", 106.70420338274565, 10.78638357205061),
("tour5-r1-p112", 106.70418495383178, 10.78636321087669),
("tour5-r1-p113", 106.70416602935249, 10.786342571461752),
("tour5-r1-p114", 106.70414874400491, 10.786324127720043),
("tour5-r1-p115", 106.70412773337611, 10.786301438998422),
("tour5-r1-p116", 106.70410910690872, 10.786281238716754),
("tour5-r1-p117", 106.70408690418134, 10.78625723257175),
("tour5-r1-p118", 106.70406589354744, 10.786234836589221),
("tour5-r1-p119", 106.70404428685912, 10.786211562349912),
("tour5-r1-p120", 106.70403236592962, 10.786198388241628),
("tour5-r1-p121", 106.70401090824723, 10.78617555313466),
("tour5-r1-p122", 106.7039930268504, 10.786156963004307),
("tour5-r1-p123", 106.70397991383251, 10.78614232511218),
("tour5-r1-p124", 106.70396620475508, 10.786127248069036),
("tour5-r1-p125", 106.7039474844857, 10.786107477206293),
("tour5-r1-p126", 106.7039306461713, 10.786089472585436),
("tour5-r1-p127", 106.70391410588402, 10.786072199865705),
("tour5-r1-p128", 106.70390009879476, 10.786056244553453),
("tour5-r1-p129", 106.70388475060099, 10.7860402892504),
("tour5-r1-p130", 106.70386746525853, 10.786021991876137),
("tour5-r1-p131", 106.70385074282318, 10.786003385804031),
("tour5-r1-p132", 106.70383405352491, 10.785985673938907),
("tour5-r1-p133", 106.70382257963874, 10.785973524485167),
("tour5-r1-p134", 106.70381334091313, 10.785962985189233),
("tour5-r1-p135", 106.70380395318668, 10.785953031414433),
("tour5-r1-p136", 106.70379992987316, 10.78594878642063),
("tour5-r1-p137", 106.70378309156382, 10.78593048902825),
("tour5-r1-p138", 106.70376729479014, 10.785914086327447),
("tour5-r1-p139", 106.70376148333379, 10.785906767379334),
("tour5-r1-p140", 106.70374717822251, 10.785891836712963),
("tour5-r1-p141", 106.70373689641954, 10.78588115103565),
("tour5-r1-p142", 106.70372586956648, 10.785868708815606),
("tour5-r1-p143", 106.70371484271345, 10.785857876766457),
("tour5-r1-p144", 106.7036993454984, 10.785841189547607),
("tour5-r1-p145", 106.70367937794694, 10.785819671815473),
("tour5-r1-p146", 106.70367446056201, 10.785814255783785),
("tour5-r1-p147", 106.70360603701987, 10.785742046521833),
("tour5-r1-p148", 106.7035932143081, 10.785728726502612),
("tour5-r1-p149", 106.70358218744995, 10.785717162547872),
("tour5-r1-p150", 106.70356773331731, 10.785701939117383),
("tour5-r1-p151", 106.70354523256267, 10.78567793292864),
("tour5-r1-p152", 106.70351990058808, 10.78565217018181),
("tour5-r1-p153", 106.70350455239941, 10.785634165541234),
("tour5-r1-p154", 106.70348160460664, 10.785609866592281),
("tour5-r1-p155", 106.70346148802875, 10.785588348838582),
("tour5-r1-p156", 106.70344613984012, 10.785572539884361),
("tour5-r1-p157", 106.70342512919603, 10.785550436618255),
("tour5-r1-p158", 106.70339875414413, 10.785522917326173),
("tour5-r1-p159", 106.70338504507694, 10.785507986628199),
("tour5-r1-p160", 106.70337252810073, 10.78549481249914),
("tour5-r1-p161", 106.70335986212105, 10.785481638377053),
("tour5-r1-p162", 106.70335077241673, 10.785471830965044),
("tour5-r1-p163", 106.70334138468519, 10.785461877163948),
("tour5-r1-p164", 106.7033339340972, 10.785453679924885),
("tour5-r1-p165", 106.70332454636053, 10.785444311653206),
("tour5-r1-p166", 106.70330532385404, 10.785423379417715),
("tour5-r1-p167", 106.70329936338672, 10.785417231487664),
("tour5-r1-p168", 106.70328505827541, 10.785402447178269),
("tour5-r1-p169", 106.70327090217002, 10.785386930969286),
("tour5-r1-p170", 106.70325376583347, 10.785368779929037),
("tour5-r1-p171", 106.70324035478835, 10.78535560578887),
("tour5-r1-p172", 106.70322455955633, 10.78533950405981),
("tour5-r1-p173", 106.70320548607116, 10.78532135302423),
("tour5-r1-p174", 106.70318313432766, 10.785300128010016),
("tour5-r1-p175", 106.7031664450192, 10.785284465426997),
("tour5-r1-p176", 106.70314379525362, 10.785263094038887),
("tour5-r1-p177", 106.70313172531306, 10.785252261965427),
("tour5-r1-p178", 106.70311965536993, 10.785238941441314),
("tour5-r1-p179", 106.70310460519828, 10.78522342522391),
("tour5-r1-p180", 106.7030904270367, 10.785207546426694),
("tour5-r1-p181", 106.70307716500265, 10.785192908480814),
("tour5-r1-p182", 106.70305734646219, 10.785172561733267),
("tour5-r1-p183", 106.7030484057638, 10.785162754306144),
("tour5-r1-p184", 106.70304065715884, 10.785154703432797),
("tour5-r1-p185", 106.70302426587752, 10.78513816255884),
("tour5-r1-p186", 106.70301130187066, 10.785124110132696),
("tour5-r1-p187", 106.70300593745775, 10.785118254951799),
("tour5-r1-p188", 106.70298954617634, 10.785100543034565),
("tour5-r1-p189", 106.70297002565806, 10.785079757154067),
("tour5-r1-p190", 106.70295870077783, 10.785068046790443),
("tour5-r1-p191", 106.70294901501906, 10.785057507472843),
("tour5-r1-p192", 106.70293292176494, 10.785040527449203),
("tour5-r1-p193", 106.70292249095095, 10.785029548986273),
("tour5-r1-p194", 106.702914891357, 10.785021644498348),
("tour5-r1-p195", 106.70290058624052, 10.785006713790567),
("tour5-r1-p196", 106.70288851630508, 10.784993539634536),
("tour5-r1-p197", 106.70287272107302, 10.784977291509644),
("tour5-r1-p198", 106.70285856497269, 10.784961921652664),
("tour5-r1-p199", 106.70285618078064, 10.784959286826142),
("tour5-r1-p200", 106.70284887921393, 10.784951821468269),
("tour5-r1-p201", 106.70283651124612, 10.784938647309835),
("tour5-r1-p202", 106.70282131206343, 10.784922252797967),
("tour5-r1-p203", 106.70280902549457, 10.784909087206229),
("tour5-r1-p204", 106.70279665753189, 10.784896352185452),
("tour5-r1-p205", 106.70278309747573, 10.784882299745506),
("tour5-r1-p206", 106.7027722196133, 10.78487044299516),
("tour5-r1-p207", 106.70276134177124, 10.784858439870371),
("tour5-r1-p208", 106.70274778172026, 10.784844387431162),
("tour5-r1-p209", 106.70273139667209, 10.784827125569107),
("tour5-r1-p210", 106.70271217417584, 10.784806778806853),
("tour5-r1-p211", 106.70270189236776, 10.78479565395131),
("tour5-r1-p212", 106.70268371295394, 10.784776624606039),
("tour5-r1-p213", 106.70266508650697, 10.784756716972563),
("tour5-r1-p214", 106.70264511895043, 10.784734760025597),
("tour5-r1-p215", 106.70261628978216, 10.784704733493214),
("tour5-r1-p216", 106.70259930245156, 10.784687167928212),
("tour5-r1-p217", 106.70258142105982, 10.78466769943621),
("tour5-r1-p218", 106.7025665198941, 10.784652036810202),
("tour5-r1-p219", 106.70254804245309, 10.784632129168482),
("tour5-r1-p220", 106.70253746262296, 10.78462085792987),
("tour5-r1-p221", 106.70252434960511, 10.78460709824539),
("tour5-r1-p222", 106.70250915041728, 10.784591289237088),
("tour5-r1-p223", 106.70249156705276, 10.784572552629662),
("tour5-r1-p224", 106.70247577181567, 10.784556011721174),
("tour5-r1-p225", 106.70246221175442, 10.78454093460606),
("tour5-r1-p226", 106.70244358530749, 10.784521466099557),
("tour5-r1-p227", 106.70242629994455, 10.784503022246184),
("tour5-r1-p228", 106.70241076360846, 10.784486220123753),
("tour5-r1-p229", 106.70238513360661, 10.784459286246145),
("tour5-r1-p230", 106.70237380873661, 10.784447429479146),
("tour5-r1-p231", 106.70235041391068, 10.784422398530621),
("tour5-r1-p232", 106.70233804594294, 10.784409663481691),
("tour5-r1-p233", 106.70231375706095, 10.784383607880288),
("tour5-r1-p234", 106.7022925860357, 10.784361035030217),
("tour5-r1-p235", 106.70226337975862, 10.784330295257545),
("tour5-r1-p236", 106.7022516078401, 10.784317852978381),
("tour5-r1-p237", 106.70222582882725, 10.784290479950315),
("tour5-r1-p238", 106.70220541423747, 10.78426910849409),
("tour5-r1-p239", 106.7021812743512, 10.784242906496157),
("tour5-r1-p240", 106.70216190284394, 10.78422270607373),
("tour5-r1-p241", 106.70214059418798, 10.7842004563291),
("tour5-r1-p242", 106.70212196774101, 10.784180548657481),
("tour5-r1-p243", 106.70210021204677, 10.784157713397311),
("tour5-r1-p244", 106.70209276146903, 10.784149223358966),
("tour5-r1-p245", 106.7020678765224, 10.784122728571727),
("tour5-r1-p246", 106.70205163425219, 10.784106041261634),
("tour5-r1-p247", 106.7020243651289, 10.784076765274522),
("tour5-r1-p248", 106.70200901693005, 10.784060077961884),
("tour5-r1-p249", 106.7019915825663, 10.784041634090256),
("tour5-r1-p250", 106.70197340315246, 10.784022751059124),
("tour5-r1-p251", 106.70195850199696, 10.78400664926373),
("tour5-r1-p252", 106.7019379384013, 10.783984838641477),
("tour5-r1-p253", 106.70191350050321, 10.783959075767221),
("tour5-r1-p254", 106.70189248985905, 10.783936826003085),
("tour5-r1-p255", 106.7018845922533, 10.783928335948444),
("tour5-r1-p256", 106.70186507172474, 10.783908135504884),
("tour5-r1-p257", 106.70184763736616, 10.783888959713911),
("tour5-r1-p258", 106.70183512038732, 10.783876517411452),
("tour5-r1-p259", 106.70180859631925, 10.783848119681604),
("tour5-r1-p260", 106.70179160900146, 10.78382923663831),
("tour5-r1-p261", 106.70177074738116, 10.783807426010727),
("tour5-r1-p262", 106.7017467565111, 10.783781809493282),
("tour5-r1-p263", 106.70172607622405, 10.783760251621503),
("tour5-r1-p264", 106.70170879088165, 10.783741514964829),
("tour5-r1-p265", 106.70168882333022, 10.783720436226234),
("tour5-r1-p266", 106.70166378937769, 10.783694380557609),
("tour5-r1-p267", 106.70164322577693, 10.783672423538112),
("tour5-r1-p268", 106.70162132106657, 10.783648709951661),
("tour5-r1-p269", 106.70159345589398, 10.783619287537906),
("tour5-r1-p270", 106.7015764685685, 10.783601282765591),
("tour5-r1-p271", 106.70155217967637, 10.783575666235615),
("tour5-r1-p272", 106.70153176508667, 10.783554148351463),
("tour5-r1-p273", 106.70151269160152, 10.783533508741264),
("tour5-r1-p274", 106.70149376712479, 10.783513308276218),
("tour5-r1-p275", 106.70147782288174, 10.783497206446027),
("tour5-r1-p276", 106.70146277271009, 10.783481104619998),
("tour5-r1-p277", 106.70144757352224, 10.783464710033705),
("tour5-r1-p278", 106.70142805300391, 10.783444216789555),
("tour5-r1-p279", 106.7014067443377, 10.783421527848182),
("tour5-r1-p280", 106.70139437638012, 10.78340820724551),
("tour5-r1-p281", 106.7013744088287, 10.783387421243043),
("tour5-r1-p282", 106.701353994239, 10.78336561057588),
("tour5-r1-p283", 106.70132970534684, 10.783339554868972),
("tour5-r1-p284", 106.70131271801625, 10.78332169647979),
("tour5-r1-p285", 106.70129513464407, 10.783303252557872),
("tour5-r1-p286", 106.70127919039841, 10.78328583329332),
("tour5-r1-p287", 106.70126726946891, 10.78327295182151),
("tour5-r1-p288", 106.70124447069223, 10.783249238203572),
("tour5-r1-p289", 106.70122852645432, 10.783232404460183),
("tour5-r1-p290", 106.70121213516535, 10.783214985191535),
("tour5-r1-p291", 106.70119291266657, 10.783194345560586),
("tour5-r1-p292", 106.70117518028464, 10.783175462486302),
("tour5-r1-p293", 106.70115660365465, 10.783155778648231),
("tour5-r1-p294", 106.70114095743881, 10.783139530419042),
("tour5-r1-p295", 106.70112069187037, 10.783118012493656),
("tour5-r1-p296", 106.70110489664349, 10.783101178740418),
("tour5-r1-p297", 106.70109059152705, 10.783085955177517),
("tour5-r1-p298", 106.70106540856347, 10.783059167561964),
("tour5-r1-p299", 106.70104737815812, 10.783039991714364),
("tour5-r1-p300", 106.70102323827443, 10.783014375134071),
("tour5-r1-p301", 106.70099894938738, 10.782988904921494),
("tour5-r1-p302", 106.70098106799311, 10.78297002184436),
("tour5-r1-p303", 106.70095022259203, 10.782937525365053),
("tour5-r1-p304", 106.7009247416115, 10.782910298586323),
("tour5-r1-p305", 106.70089523730209, 10.782879119530488),
("tour5-r1-p306", 106.70086185145863, 10.782843300409711),
("tour5-r1-p307", 106.70083324123084, 10.782813292399632),
("tour5-r1-p308", 106.70081565785863, 10.782793970161356),
("tour5-r1-p309", 106.70078972983481, 10.78276688974465),
("tour5-r1-p310", 106.70077140140737, 10.782747860263493),
("tour5-r1-p311", 106.70074562239708, 10.782719901572312),
("tour5-r1-p312", 106.70072809598726, 10.782701558576681),
("tour5-r1-p313", 106.70071051261765, 10.782683114616749),
("tour5-r1-p314", 106.70068622372547, 10.78265749800105),
("tour5-r1-p315", 106.70066372296583, 10.782633637959508),
("tour5-r1-p316", 106.70063734791398, 10.78260582563281),
("tour5-r1-p317", 106.7006120159394, 10.782578891589342),
("tour5-r1-p318", 106.70058534285772, 10.782550347354341),
("tour5-r1-p319", 106.7005507721601, 10.782513898550263),
("tour5-r1-p320", 106.70052916547436, 10.782491355928947),
("tour5-r1-p321", 106.70050204535191, 10.782462226162393),
("tour5-r1-p322", 106.70047100303194, 10.782429170706466),
("tour5-r1-p323", 106.70044820425532, 10.782405017881368),
("tour5-r1-p324", 106.7004285347221, 10.782383353523207),
("tour5-r1-p325", 106.70040305373132, 10.782356273079595),
("tour5-r1-p326", 106.70038457630055, 10.782335633384692),
("tour5-r1-p327", 106.70036118147212, 10.782310163129724),
("tour5-r1-p328", 106.7003380846708, 10.782284107341445),
("tour5-r1-p329", 106.7003099214736, 10.782253220981294),
("tour5-r1-p330", 106.7002816092679, 10.782221749091727),
("tour5-r1-p331", 106.70024942275715, 10.78218573940387),
("tour5-r1-p332", 106.70021857736373, 10.782151925416796),
("tour5-r1-p333", 106.70019920585388, 10.782129968279708),
("tour5-r1-p334", 106.70017551300845, 10.782104058846128),
("tour5-r1-p335", 106.70015822766347, 10.782084443801573),
("tour5-r1-p336", 106.70013930318673, 10.782063511332286),
("tour5-r1-p337", 106.70011784551463, 10.78203994399438),
("tour5-r1-p338", 106.70009474871851, 10.782014180953565),
("tour5-r1-p339", 106.70006733057906, 10.781984319233672),
("tour5-r1-p340", 106.70003886935211, 10.781952700950614),
("tour5-r1-p341", 106.70001264330865, 10.781924010273233),
("tour5-r1-p342", 106.6999864172627, 10.781894294924857),
("tour5-r1-p343", 106.69995780702469, 10.781863262134157),
("tour5-r1-p344", 106.69993320372919, 10.781835520955056),
("tour5-r1-p345", 106.69992004082059, 10.781820873526772),
("tour5-r1-p346", 106.69989634796747, 10.781794817696117),
("tour5-r1-p347", 106.69987563536078, 10.781771689488782),
("tour5-r1-p348", 106.69985685989765, 10.781751196134318),
("tour5-r1-p349", 106.69983033583216, 10.781721919905484),
("tour5-r1-p350", 106.6998079840861, 10.781697035125825),
("tour5-r1-p351", 106.69978041694327, 10.781666587852152),
("tour5-r1-p352", 106.69975448892069, 10.781637457990652),
("tour5-r1-p353", 106.69972513363001, 10.781605400519275),
("tour5-r1-p354", 106.69969592735293, 10.781572903902621),
("tour5-r1-p355", 106.69967342659841, 10.781547872724982),
("tour5-r1-p356", 106.69965196892116, 10.781524451732349),
("tour5-r1-p357", 106.69962902113224, 10.781498981398656),
("tour5-r1-p358", 106.69964669370863, 10.781482405260322),
("tour5-r1-p359", 106.6996635320205, 10.781468059899545),
("tour5-r1-p360", 106.69968022131874, 10.78145239710446),
("tour5-r1-p361", 106.69969482447269, 10.781439515559168),
("tour5-r1-p362", 106.69971106673272, 10.78142399914579),
("tour5-r1-p363", 106.6997285010964, 10.781408921868685),
("tour5-r1-p364", 106.69974101807014, 10.781397064991511),
("tour5-r1-p365", 106.69975845243899, 10.78138140219523),
("tour5-r1-p366", 106.69977946307287, 10.781362226243205),
("tour5-r1-p367", 106.69980106976118, 10.781342757533526),
("tour5-r1-p368", 106.69981611994305, 10.781329144079844),
("tour5-r1-p369", 106.69983429936204, 10.781313042140294),
("tour5-r1-p370", 106.69985769418285, 10.78129093856122),
("tour5-r1-p371", 106.69988973168513, 10.781262247815736),
("tour5-r1-p372", 106.69990908401267, 10.7812446621889),
("tour5-r1-p373", 106.6999236871512, 10.78123178062969),
("tour5-r1-p374", 106.69994708197198, 10.781210701715263),
("tour5-r1-p375", 106.69996257917677, 10.781196649105665),
("tour5-r1-p376", 106.69997241394657, 10.781187427074695),
("tour5-r1-p377", 106.69999193448024, 10.781169714923498),
("tour5-r1-p378", 106.69999849099685, 10.781163420528216),
("tour5-r1-p379", 106.70001264710227, 10.781151124491338),
("tour5-r1-p380", 106.7000376810497, 10.781128288983632),
("tour5-r1-p381", 106.70004617471503, 10.78112067715488),
("tour5-r1-p382", 106.70006927151374, 10.781099744613522),
("tour5-r1-p383", 106.70008715291067, 10.781083642656682),
("tour5-r1-p384", 106.70011844534744, 10.781055683805825),
("tour5-r1-p385", 106.70014035005784, 10.781035922314548),
("tour5-r1-p386", 106.70014690656421, 10.781030067059113);

-- tour5 - route2
INSERT INTO POINT (id, longitude, latitude) VALUES 
("tour5-r2-p001", 106.70014690656421, 10.781030067059113),
("tour5-r2-p002", 106.70016037395565, 10.781017094720257),
("tour5-r2-p003", 106.70017303995066, 10.781005384193458),
("tour5-r2-p004", 106.70018063953947, 10.780997918722393),
("tour5-r2-p005", 106.70020477942059, 10.780975961503605),
("tour5-r2-p006", 106.70021997860331, 10.78096190888556),
("tour5-r2-p007", 106.70023279360424, 10.780950637514458),
("tour5-r2-p008", 106.7002566354531, 10.780928094760947),
("tour5-r2-p009", 106.70026185086522, 10.780923410545887),
("tour5-r2-p010", 106.7002803283165, 10.78090672304828),
("tour5-r2-p011", 106.70030878950256, 10.780880520772596),
("tour5-r2-p012", 106.70032234957405, 10.780868371092554),
("tour5-r2-p013", 106.70035766532435, 10.780835142488899),
("tour5-r2-p014", 106.70037465264477, 10.780819479660861),
("tour5-r2-p015", 106.70040609410285, 10.780790788872924),
("tour5-r2-p016", 106.70043112804512, 10.780767514199852),
("tour5-r2-p017", 106.70046152641052, 10.78073955531963),
("tour5-r2-p018", 106.70048149396708, 10.780721111229358),
("tour5-r2-p019", 106.70050530779497, 10.780698681296812),
("tour5-r2-p020", 106.70053034175261, 10.780675553000206),
("tour5-r2-p021", 106.70054375278234, 10.78066325694591),
("tour5-r2-p022", 106.70055194841534, 10.780656377010729),
("tour5-r2-p023", 106.70056804166944, 10.780641592462333),
("tour5-r2-p024", 106.70059322463297, 10.780618025028133),
("tour5-r2-p025", 106.70060663568825, 10.7806054362093),
("tour5-r2-p026", 106.70060663568825, 10.7806054362093),
("tour5-r2-p027", 106.7006511901796, 10.78056459572122),
("tour5-r2-p028", 106.7006693695781, 10.780548200973495),
("tour5-r2-p029", 106.70069738376684, 10.780522145030133),
("tour5-r2-p030", 106.70071913946107, 10.780501944357866),
("tour5-r2-p031", 106.70074566353422, 10.780478230513982),
("tour5-r2-p032", 106.70076578010182, 10.78045920088807),
("tour5-r2-p033", 106.70078813184026, 10.780438414691933),
("tour5-r2-p034", 106.70080884445208, 10.78041997059325),
("tour5-r2-p035", 106.7008344744539, 10.780395671220635),
("tour5-r2-p036", 106.70085488904868, 10.780376934356944),
("tour5-r2-p037", 106.70088394630965, 10.780349853732755),
("tour5-r2-p038", 106.70091047036745, 10.780325115215826),
("tour5-r2-p039", 106.70092864978638, 10.780309159606293),
("tour5-r2-p040", 106.70095666397002, 10.78028325002599),
("tour5-r2-p041", 106.70098408211457, 10.78025807234975),
("tour5-r2-p042", 106.70101150025914, 10.780232455537634),
("tour5-r2-p043", 106.70102506031014, 10.780220159460221),
("tour5-r2-p044", 106.70104905118536, 10.780198202187197),
("tour5-r2-p045", 106.70106112112592, 10.780186930777447),
("tour5-r2-p046", 106.70104472984974, 10.78016804751944),
("tour5-r2-p047", 106.70102297416577, 10.780144040894148),
("tour5-r2-p048", 106.70100106946563, 10.780119887875557),
("tour5-r2-p049", 106.70097597048996, 10.780091448373959),
("tour5-r2-p050", 106.70095600293335, 10.780070222993269),
("tour5-r2-p051", 106.70093037293665, 10.780040946610942),
("tour5-r2-p052", 106.70089982555506, 10.78000771790837),
("tour5-r2-p053", 106.70087598368063, 10.779981515539319),
("tour5-r2-p054", 106.70084975763469, 10.779951799999093),
("tour5-r2-p055", 106.7008125047408, 10.779910666649418),
("tour5-r2-p056", 106.70077703997427, 10.779871436273025),
("tour5-r2-p057", 106.70073859497667, 10.779828692716181),
("tour5-r2-p058", 106.70070685550166, 10.779794000170291),
("tour5-r2-p059", 106.70067586108435, 10.779758868470863),
("tour5-r2-p060", 106.7006493370214, 10.77972973843975),
("tour5-r2-p061", 106.70062027975791, 10.779697241620532),
("tour5-r2-p062", 106.70058986365954, 10.779664015686787),
("tour5-r2-p063", 106.70055812418452, 10.779627712924682),
("tour5-r2-p064", 106.7005247455778, 10.779591410163215),
("tour5-r2-p065", 106.70048734366003, 10.779549837639546),
("tour5-r2-p066", 106.70045709430568, 10.779516316119501),
("tour5-r2-p067", 106.70042565285526, 10.77948118439772),
("tour5-r2-p068", 106.7003962975671, 10.779449126691595),
("tour5-r2-p069", 106.70037752210399, 10.779428047652297),
("tour5-r2-p070", 106.70035263716765, 10.779400088632528),
("tour5-r2-p071", 106.70032596408852, 10.779370812190038),
("tour5-r2-p072", 106.70029824793468, 10.779340071912547),
("tour5-r2-p073", 106.70024445474338, 10.77928020156233),
("tour5-r2-p074", 106.70022016584866, 10.779254731043693),
("tour5-r2-p075", 106.70017874061742, 10.779210377204826),
("tour5-r2-p076", 106.70015132248052, 10.779181393502407),
("tour5-r2-p077", 106.70011287748298, 10.779140845577128),
("tour5-r2-p078", 106.70007905045368, 10.779104340588157),
("tour5-r2-p079", 106.70003688016729, 10.77905940119472),
("tour5-r2-p080", 106.70000305452996, 10.779023244746554),
("tour5-r2-p081", 106.69997384825548, 10.77899177252921),
("tour5-r2-p082", 106.699937936461, 10.778953713093234),
("tour5-r2-p083", 106.69991679544822, 10.778930328500458),
("tour5-r2-p084", 106.69988863224843, 10.778899734559893),
("tour5-r2-p085", 106.69986419434007, 10.778872361038893),
("tour5-r2-p086", 106.69984214091777, 10.778848757625608),
("tour5-r2-p087", 106.69980682516746, 10.778809380721302),
("tour5-r2-p088", 106.6997829833135, 10.77878273909947),
("tour5-r2-p089", 106.69975467110531, 10.778751413238975),
("tour5-r2-p090", 106.69972725296842, 10.77872067290323),
("tour5-r2-p091", 106.69970221901852, 10.778693152978905),
("tour5-r2-p092", 106.69968389059363, 10.778673537712002),
("tour5-r2-p093", 106.69965781356127, 10.778644407570816),
("tour5-r2-p094", 106.69962085868434, 10.778603859585768),
("tour5-r2-p095", 106.69959239746757, 10.778571509027055),
("tour5-r2-p096", 106.69954694892539, 10.778521592547447),
("tour5-r2-p097", 106.69951133515555, 10.778482361992497),
("tour5-r2-p098", 106.69947423125994, 10.778440642928448),
("tour5-r2-p099", 106.69942997481124, 10.778392483008137),
("tour5-r2-p100", 106.69939301992922, 10.778351788617003),
("tour5-r2-p101", 106.69937640529758, 10.778333855278394),
("tour5-r2-p102", 106.6993492851802, 10.778303114894992),
("tour5-r2-p103", 106.69932171803482, 10.778273252806828),
("tour5-r2-p104", 106.6993033896048, 10.778252320072436),
("tour5-r2-p105", 106.69927388530569, 10.778219969475938),
("tour5-r2-p106", 106.69925714009442, 10.778201409716257),
("tour5-r2-p107", 106.69923046701788, 10.77817198676233),
("tour5-r2-p108", 106.69920242012215, 10.77814113772394),
("tour5-r2-p109", 106.69916933954777, 10.778104834773101),
("tour5-r2-p110", 106.6991334277405, 10.778065457784027),
("tour5-r2-p111", 106.6990961748415, 10.778024324184043),
("tour5-r2-p112", 106.69906801163924, 10.77799270546983),
("tour5-r2-p113", 106.69903046071815, 10.777951132725317),
("tour5-r2-p114", 106.69898665129739, 10.777903411888975),
("tour5-r2-p115", 106.6989489513512, 10.777861985499479),
("tour5-r2-p116", 106.6989055889751, 10.777814557408872),
("tour5-r2-p117", 106.69885879932649, 10.777762445051552),
("tour5-r2-p118", 106.69882601677797, 10.77779303910771),
("tour5-r2-p119", 106.69878101526372, 10.77783505103142),
("tour5-r2-p120", 106.69875046788208, 10.77786388847603),
("tour5-r2-p121", 106.69871962247971, 10.777892140398286),
("tour5-r2-p122", 106.69868892608582, 10.777920685087711),
("tour5-r2-p123", 106.69865405736603, 10.777952742951605),
("tour5-r2-p124", 106.69861531434888, 10.777988753161086),
("tour5-r2-p125", 106.69857955156031, 10.778021689316848),
("tour5-r2-p126", 106.6985406595271, 10.778058577800742),
("tour5-r2-p127", 106.69850012837998, 10.778095612669972),
("tour5-r2-p128", 106.69846695164011, 10.778125846407208),
("tour5-r2-p129", 106.69843729831966, 10.778153219996096),
("tour5-r2-p130", 106.69840973116919, 10.778178836992735),
("tour5-r2-p131", 106.69836726285806, 10.778216310997689),
("tour5-r2-p132", 106.69833820559712, 10.778243391808857),
("tour5-r2-p133", 106.69830572106174, 10.778272375609134),
("tour5-r2-p134", 106.69827711082888, 10.77829828535755),
("tour5-r2-p135", 106.69824909664523, 10.778323755959631),
("tour5-r2-p136", 106.69821661210983, 10.778353325278424),
("tour5-r2-p137", 106.69818502164583, 10.778381869916565),
("tour5-r2-p138", 106.69814225532284, 10.778420222191682),
("tour5-r2-p139", 106.69810172415269, 10.778457257017669),
("tour5-r2-p140", 106.69806819654005, 10.778487411856846),
("tour5-r2-p141", 106.6980377981695, 10.778515370941284),
("tour5-r2-p142", 106.69800412154576, 10.778545379387518),
("tour5-r2-p143", 106.69798057771135, 10.778566751250294),
("tour5-r2-p144", 106.6979482421896, 10.77859646692979),
("tour5-r2-p145", 106.69791605567883, 10.778624865157788),
("tour5-r2-p146", 106.69789087271789, 10.77864784723249),
("tour5-r2-p147", 106.69785853719361, 10.778677270129855),
("tour5-r2-p148", 106.69782545661916, 10.778707424944477),
("tour5-r2-p149", 106.697789395806, 10.778740653785594),
("tour5-r2-p150", 106.69774782156627, 10.778779737922372),
("tour5-r2-p151", 106.69772245368573, 10.778802973393367),
("tour5-r2-p152", 106.69769101222764, 10.778832396278084),
("tour5-r2-p153", 106.69766046484607, 10.778860208951043),
("tour5-r2-p154", 106.69762976845857, 10.77888919268187),
("tour5-r2-p155", 106.6975843199189, 10.778931350836988),
("tour5-r2-p156", 106.69755749782617, 10.778955650322807),
("tour5-r2-p157", 106.6975151785312, 10.778995612735487),
("tour5-r2-p158", 106.69747718057188, 10.779030598127083),
("tour5-r2-p159", 106.69745274266356, 10.779053433786425),
("tour5-r2-p160", 106.69741489371526, 10.77908695535049),
("tour5-r2-p161", 106.69738583644923, 10.779114328851962),
("tour5-r2-p162", 106.6973503716904, 10.779146825751724),
("tour5-r2-p163", 106.69731699308112, 10.779177419657112),
("tour5-r2-p164", 106.69728406151515, 10.779208159951216),
("tour5-r2-p165", 106.69725470622451, 10.779235972589456),
("tour5-r2-p166", 106.69721328099452, 10.779273300076026),
("tour5-r2-p167", 106.6971867569226, 10.77929833145544),
("tour5-r2-p168", 106.69714070933969, 10.779340766546605),
("tour5-r2-p169", 106.69709809202776, 10.779379704228791),
("tour5-r2-p170", 106.69705204743627, 10.779422301452662),
("tour5-r2-p171", 106.69700943010646, 10.779462117416704),
("tour5-r2-p172", 106.69696368353452, 10.77950398272202),
("tour5-r2-p173", 106.69692091720127, 10.779543652292393),
("tour5-r2-p174", 106.69687457459024, 10.779585956739934),
("tour5-r2-p175", 106.69683925884247, 10.779618746349389),
("tour5-r2-p176", 106.69681616123093, 10.779594731050965),
("tour5-r2-p177", 106.69679246836758, 10.779569114172338),
("tour5-r2-p178", 106.69677473598182, 10.779551109175246),
("tour5-r2-p179", 106.69675149017205, 10.779526663345836),
("tour5-r2-p180", 106.69673450284147, 10.779509536635954),
("tour5-r2-p181", 106.69671542935625, 10.779488750364159),
("tour5-r2-p182", 106.6967027633664, 10.779475283198193),
("tour5-r2-p183", 106.69667206697376, 10.779443811028125),
("tour5-r2-p184", 106.69664390378169, 10.779414241821506),
("tour5-r2-p185", 106.69662140302718, 10.779389795996064),
("tour5-r2-p186", 106.69659607103978, 10.77936315442811),
("tour5-r2-p187", 106.6965615003447, 10.779327876296682),
("tour5-r2-p188", 106.69653795651286, 10.779302552163813),
("tour5-r2-p189", 106.6964948921525, 10.779257466418235),
("tour5-r2-p190", 106.69645465901982, 10.779215454698106),
("tour5-r2-p191", 106.69641159466194, 10.779170515316235),
("tour5-r2-p192", 106.69637165955137, 10.779127918051701),
("tour5-r2-p193", 106.69632829717142, 10.779082832269891),
("tour5-r2-p194", 106.6962880640388, 10.779040674143538),
("tour5-r2-p195", 106.69624485066352, 10.778996320258031),
("tour5-r2-p196", 106.6962043195023, 10.77895460127529),
("tour5-r2-p197", 106.69616170218404, 10.77890951547255),
("tour5-r2-p198", 106.69612146904754, 10.778867503698823),
("tour5-r2-p199", 106.69608809044205, 10.77883339655486),
("tour5-r2-p200", 106.69606141736804, 10.778804851962049),
("tour5-r2-p201", 106.69603802254471, 10.77878084522298),
("tour5-r2-p202", 106.69599510719789, 10.77873619855528),
("tour5-r2-p203", 106.69596925512623, 10.7787081628153),
("tour5-r2-p204", 106.69594735041842, 10.778686351803925),
("tour5-r2-p205", 106.69596791401659, 10.778667614828777),
("tour5-r2-p206", 106.69598549738623, 10.778651805510892),
("tour5-r2-p207", 106.69598698750177, 10.778650195300902),
("tour5-r2-p208", 106.69600099459105, 10.778637606392223),
("tour5-r2-p209", 106.69601678981279, 10.778623260895841),
("tour5-r2-p210", 106.69602975381959, 10.778611403906394),
("tour5-r2-p211", 106.69603973760557, 10.778602913706502),
("tour5-r2-p212", 106.6960574032801, 10.778587017304382),
("tour5-r2-p213", 106.69607692379837, 10.778569158623085),
("tour5-r2-p214", 106.69608035106774, 10.778566084584265),
("tour5-r2-p215", 106.6960825862385, 10.778563888847998),
("tour5-r2-p216", 106.69609897751978, 10.778548665050524),
("tour5-r2-p217", 106.69611402769144, 10.778535929763038),
("tour5-r2-p218", 106.69613762821737, 10.778514536270494),
("tour5-r2-p219", 106.69615863886146, 10.778494628227705),
("tour5-r2-p220", 106.69616757955477, 10.77848730909156),
("tour5-r2-p221", 106.6961808415837, 10.77847574485347),
("tour5-r2-p222", 106.69618918623281, 10.778467547429106),
("tour5-r2-p223", 106.69620691862374, 10.778451591716065),
("tour5-r2-p224", 106.69622852530689, 10.778432561962015),
("tour5-r2-p225", 106.69624744978618, 10.778415142415502),
("tour5-r2-p226", 106.69626190390345, 10.778402114358036),
("tour5-r2-p227", 106.69626190389324, 10.778402699886676),
("tour5-r2-p228", 106.69628216946678, 10.77838381651674),
("tour5-r2-p229", 106.69629453743966, 10.778372837810917),
("tour5-r2-p230", 106.69631793227069, 10.778351465926832),
("tour5-r2-p231", 106.69633536661908, 10.778335510207647),
("tour5-r2-p232", 106.69635116184088, 10.77832175022567),
("tour5-r2-p233", 106.69636814916124, 10.77830608726429),
("tour5-r2-p234", 106.69638454044767, 10.778291595372409),
("tour5-r2-p235", 106.69639899457518, 10.77827812816292),
("tour5-r2-p236", 106.69642134631357, 10.77825836649427),
("tour5-r2-p237", 106.69643535338234, 10.778245338424986),
("tour5-r2-p238", 106.69644861541127, 10.778233774180126),
("tour5-r2-p239", 106.69647123756627, 10.77821261406292),
("tour5-r2-p240", 106.69649656953575, 10.77819065664341),
("tour5-r2-p241", 106.69650759639389, 10.778180702608964),
("tour5-r2-p242", 106.69651519598268, 10.778173529847452),
("tour5-r2-p243", 106.69648151939494, 10.778144271516211),
("tour5-r2-p244", 106.69645082299208, 10.778117483460736),
("tour5-r2-p245", 106.69641535821022, 10.778086450295621),
("tour5-r2-p246", 106.69636618438165, 10.778043852877659),
("tour5-r2-p247", 106.69632908048861, 10.778011648631065),
("tour5-r2-p248", 106.69630538764318, 10.777990715873441),
("tour5-r2-p249", 106.69627901258872, 10.777968319285602),
("tour5-r2-p250", 106.69630650045812, 10.77793845434275),
("tour5-r2-p251", 106.6963282561523, 10.777914740301886),
("tour5-r2-p252", 106.69633764388385, 10.777904639880935),
("tour5-r2-p253", 106.69636237981425, 10.777868044134225),
("tour5-r2-p254", 106.69637936714486, 10.777841109656649),
("tour5-r2-p255", 106.69639009598092, 10.777818127527905),
("tour5-r2-p256", 106.69640350702599, 10.777788850926488),
("tour5-r2-p257", 106.69641572596227, 10.777762355599304),
("tour5-r2-p258", 106.69642690182633, 10.777723271327886),
("tour5-r2-p259", 106.696437034608, 10.777688139396787),
("tour5-r2-p260", 106.69644016384508, 10.777652568301454),
("tour5-r2-p261", 106.69644239901581, 10.77761977849286),
("tour5-r2-p262", 106.69643703459775, 10.777565177588084),
("tour5-r2-p263", 106.69642839192657, 10.77751760305806),
("tour5-r2-p264", 106.69642064332163, 10.777483934939111),
("tour5-r2-p265", 106.69641200064018, 10.777452608953482),
("tour5-r2-p266", 106.69638353942342, 10.777382491401648),
("tour5-r2-p267", 106.69635761140972, 10.777337112603082),
("tour5-r2-p268", 106.69634405133314, 10.777314130435851),
("tour5-r2-p269", 106.69631126878079, 10.777276363553133),
("tour5-r2-p270", 106.69625479337533, 10.777233034101847),
("tour5-r2-p271", 106.69619846698347, 10.777202147213204),
("tour5-r2-p272", 106.69615540263585, 10.77718048249555),
("tour5-r2-p273", 106.69610503671385, 10.777159110526798),
("tour5-r2-p274", 106.69602337833459, 10.777140519839365),
("tour5-r2-p275", 106.69595572706511, 10.777136860254842),
("tour5-r2-p276", 106.6958809232322, 10.777133786201404),
("tour5-r2-p277", 106.69583696480052, 10.777176091002763),
("tour5-r2-p278", 106.69578540677482, 10.77722586132278),
("tour5-r2-p279", 106.69574308746964, 10.777267287789767),
("tour5-r2-p280", 106.69569525472515, 10.7773129593718);

-- tour
INSERT INTO TOUR 
(id, name, price, date_start, total_time, description, thumbnail_img, center_point_id, zoom_val, admin_id)
VALUES
("tour5", "Tour Bảo tàng lịch sử Tp.HCM - đường sách Nguyễn Văn Bình - Dinh Độc Lập", 2500000, "2024-12-12", "4 ngày 3 đêm", "Tour tham quan 3 điểm đến nổi tiếng tại Thành phố Hồ Chí Minh", "https://static.hotdeal.vn/images/1598/1598345/500x500/356818-tour-sai-gon-city-tour-1-ngay-dinh-doc-lap-nha-tho-duc-ba-buu-dien-thanh-pho-cho-ben-thanh-khoi-hanh-hang-ngay-ko-phu-thu-cuoi-tuan.jpg", "tour5-center", 16, 1);

-- route 
INSERT INTO ROUTE (id, name, description, tour_id) VALUES 
("tour5-route1", "Từ Bảo tàng lịch sử Tp.HCM đến đường sách Nguyễn Văn Bình", "Từ Bảo tàng lịch sử Tp.HCM đến đường sách Nguyễn Văn Bình", "tour5"),
("tour5-route2", "Từ đường sách Nguyễn Văn Bình đến Dinh Độc Lập", "Từ đường sách Nguyễn Văn Bình đến Dinh Độc Lập", "tour5");

-- route point
INSERT INTO ROUTE_POINT (route_id, point_id) VALUES 
("tour5-route1", "tour5-r1-p001"),
("tour5-route1", "tour5-r1-p002"),
("tour5-route1", "tour5-r1-p003"),
("tour5-route1", "tour5-r1-p004"),
("tour5-route1", "tour5-r1-p005"),
("tour5-route1", "tour5-r1-p006"),
("tour5-route1", "tour5-r1-p007"),
("tour5-route1", "tour5-r1-p008"),
("tour5-route1", "tour5-r1-p009"),
("tour5-route1", "tour5-r1-p010"),
("tour5-route1", "tour5-r1-p011"),
("tour5-route1", "tour5-r1-p012"),
("tour5-route1", "tour5-r1-p013"),
("tour5-route1", "tour5-r1-p014"),
("tour5-route1", "tour5-r1-p015"),
("tour5-route1", "tour5-r1-p016"),
("tour5-route1", "tour5-r1-p017"),
("tour5-route1", "tour5-r1-p018"),
("tour5-route1", "tour5-r1-p019"),
("tour5-route1", "tour5-r1-p020"),
("tour5-route1", "tour5-r1-p021"),
("tour5-route1", "tour5-r1-p022"),
("tour5-route1", "tour5-r1-p023"),
("tour5-route1", "tour5-r1-p024"),
("tour5-route1", "tour5-r1-p025"),
("tour5-route1", "tour5-r1-p026"),
("tour5-route1", "tour5-r1-p027"),
("tour5-route1", "tour5-r1-p028"),
("tour5-route1", "tour5-r1-p029"),
("tour5-route1", "tour5-r1-p030"),
("tour5-route1", "tour5-r1-p031"),
("tour5-route1", "tour5-r1-p032"),
("tour5-route1", "tour5-r1-p033"),
("tour5-route1", "tour5-r1-p034"),
("tour5-route1", "tour5-r1-p035"),
("tour5-route1", "tour5-r1-p036"),
("tour5-route1", "tour5-r1-p037"),
("tour5-route1", "tour5-r1-p038"),
("tour5-route1", "tour5-r1-p039"),
("tour5-route1", "tour5-r1-p040"),
("tour5-route1", "tour5-r1-p041"),
("tour5-route1", "tour5-r1-p042"),
("tour5-route1", "tour5-r1-p043"),
("tour5-route1", "tour5-r1-p044"),
("tour5-route1", "tour5-r1-p045"),
("tour5-route1", "tour5-r1-p046"),
("tour5-route1", "tour5-r1-p047"),
("tour5-route1", "tour5-r1-p048"),
("tour5-route1", "tour5-r1-p049"),
("tour5-route1", "tour5-r1-p050"),
("tour5-route1", "tour5-r1-p051"),
("tour5-route1", "tour5-r1-p052"),
("tour5-route1", "tour5-r1-p053"),
("tour5-route1", "tour5-r1-p054"),
("tour5-route1", "tour5-r1-p055"),
("tour5-route1", "tour5-r1-p056"),
("tour5-route1", "tour5-r1-p057"),
("tour5-route1", "tour5-r1-p058"),
("tour5-route1", "tour5-r1-p059"),
("tour5-route1", "tour5-r1-p060"),
("tour5-route1", "tour5-r1-p061"),
("tour5-route1", "tour5-r1-p062"),
("tour5-route1", "tour5-r1-p063"),
("tour5-route1", "tour5-r1-p064"),
("tour5-route1", "tour5-r1-p065"),
("tour5-route1", "tour5-r1-p066"),
("tour5-route1", "tour5-r1-p067"),
("tour5-route1", "tour5-r1-p068"),
("tour5-route1", "tour5-r1-p069"),
("tour5-route1", "tour5-r1-p070"),
("tour5-route1", "tour5-r1-p071"),
("tour5-route1", "tour5-r1-p072"),
("tour5-route1", "tour5-r1-p073"),
("tour5-route1", "tour5-r1-p074"),
("tour5-route1", "tour5-r1-p075"),
("tour5-route1", "tour5-r1-p076"),
("tour5-route1", "tour5-r1-p077"),
("tour5-route1", "tour5-r1-p078"),
("tour5-route1", "tour5-r1-p079"),
("tour5-route1", "tour5-r1-p080"),
("tour5-route1", "tour5-r1-p081"),
("tour5-route1", "tour5-r1-p082"),
("tour5-route1", "tour5-r1-p083"),
("tour5-route1", "tour5-r1-p084"),
("tour5-route1", "tour5-r1-p085"),
("tour5-route1", "tour5-r1-p086"),
("tour5-route1", "tour5-r1-p087"),
("tour5-route1", "tour5-r1-p088"),
("tour5-route1", "tour5-r1-p089"),
("tour5-route1", "tour5-r1-p090"),
("tour5-route1", "tour5-r1-p091"),
("tour5-route1", "tour5-r1-p092"),
("tour5-route1", "tour5-r1-p093"),
("tour5-route1", "tour5-r1-p094"),
("tour5-route1", "tour5-r1-p095"),
("tour5-route1", "tour5-r1-p096"),
("tour5-route1", "tour5-r1-p097"),
("tour5-route1", "tour5-r1-p098"),
("tour5-route1", "tour5-r1-p099"),
("tour5-route1", "tour5-r1-p100"),
("tour5-route1", "tour5-r1-p101"),
("tour5-route1", "tour5-r1-p102"),
("tour5-route1", "tour5-r1-p103"),
("tour5-route1", "tour5-r1-p104"),
("tour5-route1", "tour5-r1-p105"),
("tour5-route1", "tour5-r1-p106"),
("tour5-route1", "tour5-r1-p107"),
("tour5-route1", "tour5-r1-p108"),
("tour5-route1", "tour5-r1-p109"),
("tour5-route1", "tour5-r1-p110"),
("tour5-route1", "tour5-r1-p111"),
("tour5-route1", "tour5-r1-p112"),
("tour5-route1", "tour5-r1-p113"),
("tour5-route1", "tour5-r1-p114"),
("tour5-route1", "tour5-r1-p115"),
("tour5-route1", "tour5-r1-p116"),
("tour5-route1", "tour5-r1-p117"),
("tour5-route1", "tour5-r1-p118"),
("tour5-route1", "tour5-r1-p119"),
("tour5-route1", "tour5-r1-p120"),
("tour5-route1", "tour5-r1-p121"),
("tour5-route1", "tour5-r1-p122"),
("tour5-route1", "tour5-r1-p123"),
("tour5-route1", "tour5-r1-p124"),
("tour5-route1", "tour5-r1-p125"),
("tour5-route1", "tour5-r1-p126"),
("tour5-route1", "tour5-r1-p127"),
("tour5-route1", "tour5-r1-p128"),
("tour5-route1", "tour5-r1-p129"),
("tour5-route1", "tour5-r1-p130"),
("tour5-route1", "tour5-r1-p131"),
("tour5-route1", "tour5-r1-p132"),
("tour5-route1", "tour5-r1-p133"),
("tour5-route1", "tour5-r1-p134"),
("tour5-route1", "tour5-r1-p135"),
("tour5-route1", "tour5-r1-p136"),
("tour5-route1", "tour5-r1-p137"),
("tour5-route1", "tour5-r1-p138"),
("tour5-route1", "tour5-r1-p139"),
("tour5-route1", "tour5-r1-p140"),
("tour5-route1", "tour5-r1-p141"),
("tour5-route1", "tour5-r1-p142"),
("tour5-route1", "tour5-r1-p143"),
("tour5-route1", "tour5-r1-p144"),
("tour5-route1", "tour5-r1-p145"),
("tour5-route1", "tour5-r1-p146"),
("tour5-route1", "tour5-r1-p147"),
("tour5-route1", "tour5-r1-p148"),
("tour5-route1", "tour5-r1-p149"),
("tour5-route1", "tour5-r1-p150"),
("tour5-route1", "tour5-r1-p151"),
("tour5-route1", "tour5-r1-p152"),
("tour5-route1", "tour5-r1-p153"),
("tour5-route1", "tour5-r1-p154"),
("tour5-route1", "tour5-r1-p155"),
("tour5-route1", "tour5-r1-p156"),
("tour5-route1", "tour5-r1-p157"),
("tour5-route1", "tour5-r1-p158"),
("tour5-route1", "tour5-r1-p159"),
("tour5-route1", "tour5-r1-p160"),
("tour5-route1", "tour5-r1-p161"),
("tour5-route1", "tour5-r1-p162"),
("tour5-route1", "tour5-r1-p163"),
("tour5-route1", "tour5-r1-p164"),
("tour5-route1", "tour5-r1-p165"),
("tour5-route1", "tour5-r1-p166"),
("tour5-route1", "tour5-r1-p167"),
("tour5-route1", "tour5-r1-p168"),
("tour5-route1", "tour5-r1-p169"),
("tour5-route1", "tour5-r1-p170"),
("tour5-route1", "tour5-r1-p171"),
("tour5-route1", "tour5-r1-p172"),
("tour5-route1", "tour5-r1-p173"),
("tour5-route1", "tour5-r1-p174"),
("tour5-route1", "tour5-r1-p175"),
("tour5-route1", "tour5-r1-p176"),
("tour5-route1", "tour5-r1-p177"),
("tour5-route1", "tour5-r1-p178"),
("tour5-route1", "tour5-r1-p179"),
("tour5-route1", "tour5-r1-p180"),
("tour5-route1", "tour5-r1-p181"),
("tour5-route1", "tour5-r1-p182"),
("tour5-route1", "tour5-r1-p183"),
("tour5-route1", "tour5-r1-p184"),
("tour5-route1", "tour5-r1-p185"),
("tour5-route1", "tour5-r1-p186"),
("tour5-route1", "tour5-r1-p187"),
("tour5-route1", "tour5-r1-p188"),
("tour5-route1", "tour5-r1-p189"),
("tour5-route1", "tour5-r1-p190"),
("tour5-route1", "tour5-r1-p191"),
("tour5-route1", "tour5-r1-p192"),
("tour5-route1", "tour5-r1-p193"),
("tour5-route1", "tour5-r1-p194"),
("tour5-route1", "tour5-r1-p195"),
("tour5-route1", "tour5-r1-p196"),
("tour5-route1", "tour5-r1-p197"),
("tour5-route1", "tour5-r1-p198"),
("tour5-route1", "tour5-r1-p199"),
("tour5-route1", "tour5-r1-p200"),
("tour5-route1", "tour5-r1-p201"),
("tour5-route1", "tour5-r1-p202"),
("tour5-route1", "tour5-r1-p203"),
("tour5-route1", "tour5-r1-p204"),
("tour5-route1", "tour5-r1-p205"),
("tour5-route1", "tour5-r1-p206"),
("tour5-route1", "tour5-r1-p207"),
("tour5-route1", "tour5-r1-p208"),
("tour5-route1", "tour5-r1-p209"),
("tour5-route1", "tour5-r1-p210"),
("tour5-route1", "tour5-r1-p211"),
("tour5-route1", "tour5-r1-p212"),
("tour5-route1", "tour5-r1-p213"),
("tour5-route1", "tour5-r1-p214"),
("tour5-route1", "tour5-r1-p215"),
("tour5-route1", "tour5-r1-p216"),
("tour5-route1", "tour5-r1-p217"),
("tour5-route1", "tour5-r1-p218"),
("tour5-route1", "tour5-r1-p219"),
("tour5-route1", "tour5-r1-p220"),
("tour5-route1", "tour5-r1-p221"),
("tour5-route1", "tour5-r1-p222"),
("tour5-route1", "tour5-r1-p223"),
("tour5-route1", "tour5-r1-p224"),
("tour5-route1", "tour5-r1-p225"),
("tour5-route1", "tour5-r1-p226"),
("tour5-route1", "tour5-r1-p227"),
("tour5-route1", "tour5-r1-p228"),
("tour5-route1", "tour5-r1-p229"),
("tour5-route1", "tour5-r1-p230"),
("tour5-route1", "tour5-r1-p231"),
("tour5-route1", "tour5-r1-p232"),
("tour5-route1", "tour5-r1-p233"),
("tour5-route1", "tour5-r1-p234"),
("tour5-route1", "tour5-r1-p235"),
("tour5-route1", "tour5-r1-p236"),
("tour5-route1", "tour5-r1-p237"),
("tour5-route1", "tour5-r1-p238"),
("tour5-route1", "tour5-r1-p239"),
("tour5-route1", "tour5-r1-p240"),
("tour5-route1", "tour5-r1-p241"),
("tour5-route1", "tour5-r1-p242"),
("tour5-route1", "tour5-r1-p243"),
("tour5-route1", "tour5-r1-p244"),
("tour5-route1", "tour5-r1-p245"),
("tour5-route1", "tour5-r1-p246"),
("tour5-route1", "tour5-r1-p247"),
("tour5-route1", "tour5-r1-p248"),
("tour5-route1", "tour5-r1-p249"),
("tour5-route1", "tour5-r1-p250"),
("tour5-route1", "tour5-r1-p251"),
("tour5-route1", "tour5-r1-p252"),
("tour5-route1", "tour5-r1-p253"),
("tour5-route1", "tour5-r1-p254"),
("tour5-route1", "tour5-r1-p255"),
("tour5-route1", "tour5-r1-p256"),
("tour5-route1", "tour5-r1-p257"),
("tour5-route1", "tour5-r1-p258"),
("tour5-route1", "tour5-r1-p259"),
("tour5-route1", "tour5-r1-p260"),
("tour5-route1", "tour5-r1-p261"),
("tour5-route1", "tour5-r1-p262"),
("tour5-route1", "tour5-r1-p263"),
("tour5-route1", "tour5-r1-p264"),
("tour5-route1", "tour5-r1-p265"),
("tour5-route1", "tour5-r1-p266"),
("tour5-route1", "tour5-r1-p267"),
("tour5-route1", "tour5-r1-p268"),
("tour5-route1", "tour5-r1-p269"),
("tour5-route1", "tour5-r1-p270"),
("tour5-route1", "tour5-r1-p271"),
("tour5-route1", "tour5-r1-p272"),
("tour5-route1", "tour5-r1-p273"),
("tour5-route1", "tour5-r1-p274"),
("tour5-route1", "tour5-r1-p275"),
("tour5-route1", "tour5-r1-p276"),
("tour5-route1", "tour5-r1-p277"),
("tour5-route1", "tour5-r1-p278"),
("tour5-route1", "tour5-r1-p279"),
("tour5-route1", "tour5-r1-p280"),
("tour5-route1", "tour5-r1-p281"),
("tour5-route1", "tour5-r1-p282"),
("tour5-route1", "tour5-r1-p283"),
("tour5-route1", "tour5-r1-p284"),
("tour5-route1", "tour5-r1-p285"),
("tour5-route1", "tour5-r1-p286"),
("tour5-route1", "tour5-r1-p287"),
("tour5-route1", "tour5-r1-p288"),
("tour5-route1", "tour5-r1-p289"),
("tour5-route1", "tour5-r1-p290"),
("tour5-route1", "tour5-r1-p291"),
("tour5-route1", "tour5-r1-p292"),
("tour5-route1", "tour5-r1-p293"),
("tour5-route1", "tour5-r1-p294"),
("tour5-route1", "tour5-r1-p295"),
("tour5-route1", "tour5-r1-p296"),
("tour5-route1", "tour5-r1-p297"),
("tour5-route1", "tour5-r1-p298"),
("tour5-route1", "tour5-r1-p299"),
("tour5-route1", "tour5-r1-p300"),
("tour5-route1", "tour5-r1-p301"),
("tour5-route1", "tour5-r1-p302"),
("tour5-route1", "tour5-r1-p303"),
("tour5-route1", "tour5-r1-p304"),
("tour5-route1", "tour5-r1-p305"),
("tour5-route1", "tour5-r1-p306"),
("tour5-route1", "tour5-r1-p307"),
("tour5-route1", "tour5-r1-p308"),
("tour5-route1", "tour5-r1-p309"),
("tour5-route1", "tour5-r1-p310"),
("tour5-route1", "tour5-r1-p311"),
("tour5-route1", "tour5-r1-p312"),
("tour5-route1", "tour5-r1-p313"),
("tour5-route1", "tour5-r1-p314"),
("tour5-route1", "tour5-r1-p315"),
("tour5-route1", "tour5-r1-p316"),
("tour5-route1", "tour5-r1-p317"),
("tour5-route1", "tour5-r1-p318"),
("tour5-route1", "tour5-r1-p319"),
("tour5-route1", "tour5-r1-p320"),
("tour5-route1", "tour5-r1-p321"),
("tour5-route1", "tour5-r1-p322"),
("tour5-route1", "tour5-r1-p323"),
("tour5-route1", "tour5-r1-p324"),
("tour5-route1", "tour5-r1-p325"),
("tour5-route1", "tour5-r1-p326"),
("tour5-route1", "tour5-r1-p327"),
("tour5-route1", "tour5-r1-p328"),
("tour5-route1", "tour5-r1-p329"),
("tour5-route1", "tour5-r1-p330"),
("tour5-route1", "tour5-r1-p331"),
("tour5-route1", "tour5-r1-p332"),
("tour5-route1", "tour5-r1-p333"),
("tour5-route1", "tour5-r1-p334"),
("tour5-route1", "tour5-r1-p335"),
("tour5-route1", "tour5-r1-p336"),
("tour5-route1", "tour5-r1-p337"),
("tour5-route1", "tour5-r1-p338"),
("tour5-route1", "tour5-r1-p339"),
("tour5-route1", "tour5-r1-p340"),
("tour5-route1", "tour5-r1-p341"),
("tour5-route1", "tour5-r1-p342"),
("tour5-route1", "tour5-r1-p343"),
("tour5-route1", "tour5-r1-p344"),
("tour5-route1", "tour5-r1-p345"),
("tour5-route1", "tour5-r1-p346"),
("tour5-route1", "tour5-r1-p347"),
("tour5-route1", "tour5-r1-p348"),
("tour5-route1", "tour5-r1-p349"),
("tour5-route1", "tour5-r1-p350"),
("tour5-route1", "tour5-r1-p351"),
("tour5-route1", "tour5-r1-p352"),
("tour5-route1", "tour5-r1-p353"),
("tour5-route1", "tour5-r1-p354"),
("tour5-route1", "tour5-r1-p355"),
("tour5-route1", "tour5-r1-p356"),
("tour5-route1", "tour5-r1-p357"),
("tour5-route1", "tour5-r1-p358"),
("tour5-route1", "tour5-r1-p359"),
("tour5-route1", "tour5-r1-p360"),
("tour5-route1", "tour5-r1-p361"),
("tour5-route1", "tour5-r1-p362"),
("tour5-route1", "tour5-r1-p363"),
("tour5-route1", "tour5-r1-p364"),
("tour5-route1", "tour5-r1-p365"),
("tour5-route1", "tour5-r1-p366"),
("tour5-route1", "tour5-r1-p367"),
("tour5-route1", "tour5-r1-p368"),
("tour5-route1", "tour5-r1-p369"),
("tour5-route1", "tour5-r1-p370"),
("tour5-route1", "tour5-r1-p371"),
("tour5-route1", "tour5-r1-p372"),
("tour5-route1", "tour5-r1-p373"),
("tour5-route1", "tour5-r1-p374"),
("tour5-route1", "tour5-r1-p375"),
("tour5-route1", "tour5-r1-p376"),
("tour5-route1", "tour5-r1-p377"),
("tour5-route1", "tour5-r1-p378"),
("tour5-route1", "tour5-r1-p379"),
("tour5-route1", "tour5-r1-p380"),
("tour5-route1", "tour5-r1-p381"),
("tour5-route1", "tour5-r1-p382"),
("tour5-route1", "tour5-r1-p383"),
("tour5-route1", "tour5-r1-p384"),
("tour5-route1", "tour5-r1-p385"),
("tour5-route1", "tour5-r1-p386"),
("tour5-route2", "tour5-r2-p001"),
("tour5-route2", "tour5-r2-p002"),
("tour5-route2", "tour5-r2-p003"),
("tour5-route2", "tour5-r2-p004"),
("tour5-route2", "tour5-r2-p005"),
("tour5-route2", "tour5-r2-p006"),
("tour5-route2", "tour5-r2-p007"),
("tour5-route2", "tour5-r2-p008"),
("tour5-route2", "tour5-r2-p009"),
("tour5-route2", "tour5-r2-p010"),
("tour5-route2", "tour5-r2-p011"),
("tour5-route2", "tour5-r2-p012"),
("tour5-route2", "tour5-r2-p013"),
("tour5-route2", "tour5-r2-p014"),
("tour5-route2", "tour5-r2-p015"),
("tour5-route2", "tour5-r2-p016"),
("tour5-route2", "tour5-r2-p017"),
("tour5-route2", "tour5-r2-p018"),
("tour5-route2", "tour5-r2-p019"),
("tour5-route2", "tour5-r2-p020"),
("tour5-route2", "tour5-r2-p021"),
("tour5-route2", "tour5-r2-p022"),
("tour5-route2", "tour5-r2-p023"),
("tour5-route2", "tour5-r2-p024"),
("tour5-route2", "tour5-r2-p025"),
("tour5-route2", "tour5-r2-p026"),
("tour5-route2", "tour5-r2-p027"),
("tour5-route2", "tour5-r2-p028"),
("tour5-route2", "tour5-r2-p029"),
("tour5-route2", "tour5-r2-p030"),
("tour5-route2", "tour5-r2-p031"),
("tour5-route2", "tour5-r2-p032"),
("tour5-route2", "tour5-r2-p033"),
("tour5-route2", "tour5-r2-p034"),
("tour5-route2", "tour5-r2-p035"),
("tour5-route2", "tour5-r2-p036"),
("tour5-route2", "tour5-r2-p037"),
("tour5-route2", "tour5-r2-p038"),
("tour5-route2", "tour5-r2-p039"),
("tour5-route2", "tour5-r2-p040"),
("tour5-route2", "tour5-r2-p041"),
("tour5-route2", "tour5-r2-p042"),
("tour5-route2", "tour5-r2-p043"),
("tour5-route2", "tour5-r2-p044"),
("tour5-route2", "tour5-r2-p045"),
("tour5-route2", "tour5-r2-p046"),
("tour5-route2", "tour5-r2-p047"),
("tour5-route2", "tour5-r2-p048"),
("tour5-route2", "tour5-r2-p049"),
("tour5-route2", "tour5-r2-p050"),
("tour5-route2", "tour5-r2-p051"),
("tour5-route2", "tour5-r2-p052"),
("tour5-route2", "tour5-r2-p053"),
("tour5-route2", "tour5-r2-p054"),
("tour5-route2", "tour5-r2-p055"),
("tour5-route2", "tour5-r2-p056"),
("tour5-route2", "tour5-r2-p057"),
("tour5-route2", "tour5-r2-p058"),
("tour5-route2", "tour5-r2-p059"),
("tour5-route2", "tour5-r2-p060"),
("tour5-route2", "tour5-r2-p061"),
("tour5-route2", "tour5-r2-p062"),
("tour5-route2", "tour5-r2-p063"),
("tour5-route2", "tour5-r2-p064"),
("tour5-route2", "tour5-r2-p065"),
("tour5-route2", "tour5-r2-p066"),
("tour5-route2", "tour5-r2-p067"),
("tour5-route2", "tour5-r2-p068"),
("tour5-route2", "tour5-r2-p069"),
("tour5-route2", "tour5-r2-p070"),
("tour5-route2", "tour5-r2-p071"),
("tour5-route2", "tour5-r2-p072"),
("tour5-route2", "tour5-r2-p073"),
("tour5-route2", "tour5-r2-p074"),
("tour5-route2", "tour5-r2-p075"),
("tour5-route2", "tour5-r2-p076"),
("tour5-route2", "tour5-r2-p077"),
("tour5-route2", "tour5-r2-p078"),
("tour5-route2", "tour5-r2-p079"),
("tour5-route2", "tour5-r2-p080"),
("tour5-route2", "tour5-r2-p081"),
("tour5-route2", "tour5-r2-p082"),
("tour5-route2", "tour5-r2-p083"),
("tour5-route2", "tour5-r2-p084"),
("tour5-route2", "tour5-r2-p085"),
("tour5-route2", "tour5-r2-p086"),
("tour5-route2", "tour5-r2-p087"),
("tour5-route2", "tour5-r2-p088"),
("tour5-route2", "tour5-r2-p089"),
("tour5-route2", "tour5-r2-p090"),
("tour5-route2", "tour5-r2-p091"),
("tour5-route2", "tour5-r2-p092"),
("tour5-route2", "tour5-r2-p093"),
("tour5-route2", "tour5-r2-p094"),
("tour5-route2", "tour5-r2-p095"),
("tour5-route2", "tour5-r2-p096"),
("tour5-route2", "tour5-r2-p097"),
("tour5-route2", "tour5-r2-p098"),
("tour5-route2", "tour5-r2-p099"),
("tour5-route2", "tour5-r2-p100"),
("tour5-route2", "tour5-r2-p101"),
("tour5-route2", "tour5-r2-p102"),
("tour5-route2", "tour5-r2-p103"),
("tour5-route2", "tour5-r2-p104"),
("tour5-route2", "tour5-r2-p105"),
("tour5-route2", "tour5-r2-p106"),
("tour5-route2", "tour5-r2-p107"),
("tour5-route2", "tour5-r2-p108"),
("tour5-route2", "tour5-r2-p109"),
("tour5-route2", "tour5-r2-p110"),
("tour5-route2", "tour5-r2-p111"),
("tour5-route2", "tour5-r2-p112"),
("tour5-route2", "tour5-r2-p113"),
("tour5-route2", "tour5-r2-p114"),
("tour5-route2", "tour5-r2-p115"),
("tour5-route2", "tour5-r2-p116"),
("tour5-route2", "tour5-r2-p117"),
("tour5-route2", "tour5-r2-p118"),
("tour5-route2", "tour5-r2-p119"),
("tour5-route2", "tour5-r2-p120"),
("tour5-route2", "tour5-r2-p121"),
("tour5-route2", "tour5-r2-p122"),
("tour5-route2", "tour5-r2-p123"),
("tour5-route2", "tour5-r2-p124"),
("tour5-route2", "tour5-r2-p125"),
("tour5-route2", "tour5-r2-p126"),
("tour5-route2", "tour5-r2-p127"),
("tour5-route2", "tour5-r2-p128"),
("tour5-route2", "tour5-r2-p129"),
("tour5-route2", "tour5-r2-p130"),
("tour5-route2", "tour5-r2-p131"),
("tour5-route2", "tour5-r2-p132"),
("tour5-route2", "tour5-r2-p133"),
("tour5-route2", "tour5-r2-p134"),
("tour5-route2", "tour5-r2-p135"),
("tour5-route2", "tour5-r2-p136"),
("tour5-route2", "tour5-r2-p137"),
("tour5-route2", "tour5-r2-p138"),
("tour5-route2", "tour5-r2-p139"),
("tour5-route2", "tour5-r2-p140"),
("tour5-route2", "tour5-r2-p141"),
("tour5-route2", "tour5-r2-p142"),
("tour5-route2", "tour5-r2-p143"),
("tour5-route2", "tour5-r2-p144"),
("tour5-route2", "tour5-r2-p145"),
("tour5-route2", "tour5-r2-p146"),
("tour5-route2", "tour5-r2-p147"),
("tour5-route2", "tour5-r2-p148"),
("tour5-route2", "tour5-r2-p149"),
("tour5-route2", "tour5-r2-p150"),
("tour5-route2", "tour5-r2-p151"),
("tour5-route2", "tour5-r2-p152"),
("tour5-route2", "tour5-r2-p153"),
("tour5-route2", "tour5-r2-p154"),
("tour5-route2", "tour5-r2-p155"),
("tour5-route2", "tour5-r2-p156"),
("tour5-route2", "tour5-r2-p157"),
("tour5-route2", "tour5-r2-p158"),
("tour5-route2", "tour5-r2-p159"),
("tour5-route2", "tour5-r2-p160"),
("tour5-route2", "tour5-r2-p161"),
("tour5-route2", "tour5-r2-p162"),
("tour5-route2", "tour5-r2-p163"),
("tour5-route2", "tour5-r2-p164"),
("tour5-route2", "tour5-r2-p165"),
("tour5-route2", "tour5-r2-p166"),
("tour5-route2", "tour5-r2-p167"),
("tour5-route2", "tour5-r2-p168"),
("tour5-route2", "tour5-r2-p169"),
("tour5-route2", "tour5-r2-p170"),
("tour5-route2", "tour5-r2-p171"),
("tour5-route2", "tour5-r2-p172"),
("tour5-route2", "tour5-r2-p173"),
("tour5-route2", "tour5-r2-p174"),
("tour5-route2", "tour5-r2-p175"),
("tour5-route2", "tour5-r2-p176"),
("tour5-route2", "tour5-r2-p177"),
("tour5-route2", "tour5-r2-p178"),
("tour5-route2", "tour5-r2-p179"),
("tour5-route2", "tour5-r2-p180"),
("tour5-route2", "tour5-r2-p181"),
("tour5-route2", "tour5-r2-p182"),
("tour5-route2", "tour5-r2-p183"),
("tour5-route2", "tour5-r2-p184"),
("tour5-route2", "tour5-r2-p185"),
("tour5-route2", "tour5-r2-p186"),
("tour5-route2", "tour5-r2-p187"),
("tour5-route2", "tour5-r2-p188"),
("tour5-route2", "tour5-r2-p189"),
("tour5-route2", "tour5-r2-p190"),
("tour5-route2", "tour5-r2-p191"),
("tour5-route2", "tour5-r2-p192"),
("tour5-route2", "tour5-r2-p193"),
("tour5-route2", "tour5-r2-p194"),
("tour5-route2", "tour5-r2-p195"),
("tour5-route2", "tour5-r2-p196"),
("tour5-route2", "tour5-r2-p197"),
("tour5-route2", "tour5-r2-p198"),
("tour5-route2", "tour5-r2-p199"),
("tour5-route2", "tour5-r2-p200"),
("tour5-route2", "tour5-r2-p201"),
("tour5-route2", "tour5-r2-p202"),
("tour5-route2", "tour5-r2-p203"),
("tour5-route2", "tour5-r2-p204"),
("tour5-route2", "tour5-r2-p205"),
("tour5-route2", "tour5-r2-p206"),
("tour5-route2", "tour5-r2-p207"),
("tour5-route2", "tour5-r2-p208"),
("tour5-route2", "tour5-r2-p209"),
("tour5-route2", "tour5-r2-p210"),
("tour5-route2", "tour5-r2-p211"),
("tour5-route2", "tour5-r2-p212"),
("tour5-route2", "tour5-r2-p213"),
("tour5-route2", "tour5-r2-p214"),
("tour5-route2", "tour5-r2-p215"),
("tour5-route2", "tour5-r2-p216"),
("tour5-route2", "tour5-r2-p217"),
("tour5-route2", "tour5-r2-p218"),
("tour5-route2", "tour5-r2-p219"),
("tour5-route2", "tour5-r2-p220"),
("tour5-route2", "tour5-r2-p221"),
("tour5-route2", "tour5-r2-p222"),
("tour5-route2", "tour5-r2-p223"),
("tour5-route2", "tour5-r2-p224"),
("tour5-route2", "tour5-r2-p225"),
("tour5-route2", "tour5-r2-p226"),
("tour5-route2", "tour5-r2-p227"),
("tour5-route2", "tour5-r2-p228"),
("tour5-route2", "tour5-r2-p229"),
("tour5-route2", "tour5-r2-p230"),
("tour5-route2", "tour5-r2-p231"),
("tour5-route2", "tour5-r2-p232"),
("tour5-route2", "tour5-r2-p233"),
("tour5-route2", "tour5-r2-p234"),
("tour5-route2", "tour5-r2-p235"),
("tour5-route2", "tour5-r2-p236"),
("tour5-route2", "tour5-r2-p237"),
("tour5-route2", "tour5-r2-p238"),
("tour5-route2", "tour5-r2-p239"),
("tour5-route2", "tour5-r2-p240"),
("tour5-route2", "tour5-r2-p241"),
("tour5-route2", "tour5-r2-p242"),
("tour5-route2", "tour5-r2-p243"),
("tour5-route2", "tour5-r2-p244"),
("tour5-route2", "tour5-r2-p245"),
("tour5-route2", "tour5-r2-p246"),
("tour5-route2", "tour5-r2-p247"),
("tour5-route2", "tour5-r2-p248"),
("tour5-route2", "tour5-r2-p249"),
("tour5-route2", "tour5-r2-p250"),
("tour5-route2", "tour5-r2-p251"),
("tour5-route2", "tour5-r2-p252"),
("tour5-route2", "tour5-r2-p253"),
("tour5-route2", "tour5-r2-p254"),
("tour5-route2", "tour5-r2-p255"),
("tour5-route2", "tour5-r2-p256"),
("tour5-route2", "tour5-r2-p257"),
("tour5-route2", "tour5-r2-p258"),
("tour5-route2", "tour5-r2-p259"),
("tour5-route2", "tour5-r2-p260"),
("tour5-route2", "tour5-r2-p261"),
("tour5-route2", "tour5-r2-p262"),
("tour5-route2", "tour5-r2-p263"),
("tour5-route2", "tour5-r2-p264"),
("tour5-route2", "tour5-r2-p265"),
("tour5-route2", "tour5-r2-p266"),
("tour5-route2", "tour5-r2-p267"),
("tour5-route2", "tour5-r2-p268"),
("tour5-route2", "tour5-r2-p269"),
("tour5-route2", "tour5-r2-p270"),
("tour5-route2", "tour5-r2-p271"),
("tour5-route2", "tour5-r2-p272"),
("tour5-route2", "tour5-r2-p273"),
("tour5-route2", "tour5-r2-p274"),
("tour5-route2", "tour5-r2-p275"),
("tour5-route2", "tour5-r2-p276"),
("tour5-route2", "tour5-r2-p277"),
("tour5-route2", "tour5-r2-p278"),
("tour5-route2", "tour5-r2-p279"),
("tour5-route2", "tour5-r2-p280");

-- tour - location
INSERT INTO TOUR_LOCATION (tour_id, location_id) VALUES 
("tour5", "BaoTangLichSu"),
("tour5", "DuongSachNguyenVanBinh"),
("tour5", "DinhDocLap");
-- center point for tour 2 
INSERT INTO POINT (id, longitude, latitude) VALUES 
("tour6-center", 106.7056832215099, 10.776986892462773);

-- tour6 - route1
INSERT INTO POINT (id, longitude, latitude) VALUES 
("tour6-r1-p001", 106.70689905143004, 10.768078434932507),
("tour6-r1-p002", 106.70688617276679, 10.768104517752828),
("tour6-r1-p003", 106.70679614762766, 10.768064866668462),
("tour6-r1-p004", 106.70668958861022, 10.768017412931325),
("tour6-r1-p005", 106.70653516822235, 10.767949042684837),
("tour6-r1-p006", 106.70640161792343, 10.767889497198572),
("tour6-r1-p007", 106.70626880218096, 10.767830404393571),
("tour6-r1-p008", 106.7061543204449, 10.767780057972955),
("tour6-r1-p009", 106.70615380377924, 10.767779565843757),
("tour6-r1-p010", 106.70622663367884, 10.767633671341898),
("tour6-r1-p011", 106.70628589781145, 10.767515712156968),
("tour6-r1-p012", 106.70634223609467, 10.767403260102292),
("tour6-r1-p013", 106.70638818048371, 10.767310817751374),
("tour6-r1-p014", 106.70636657419224, 10.767235969638326),
("tour6-r1-p015", 106.70632709593328, 10.767101529784336),
("tour6-r1-p016", 106.70626773175891, 10.767203233479812),
("tour6-r1-p017", 106.70621717090452, 10.767290191144939),
("tour6-r1-p018", 106.70618519045384, 10.767348873833622),
("tour6-r1-p019", 106.7061661064706, 10.767379554180163),
("tour6-r1-p020", 106.70613680975453, 10.767430421102967),
("tour6-r1-p021", 106.70609327326001, 10.767505526673443),
("tour6-r1-p022", 106.7060436829007, 10.76759510312045),
("tour6-r1-p023", 106.70602315967979, 10.767631384319998),
("tour6-r1-p024", 106.70596022466447, 10.7677427937552),
("tour6-r1-p025", 106.70591123231995, 10.767830196947171),
("tour6-r1-p026", 106.70589266705926, 10.767862265107704),
("tour6-r1-p027", 106.70585416651168, 10.767930544953389),
("tour6-r1-p028", 106.70580469050756, 10.768015984678641),
("tour6-r1-p029", 106.70578822727104, 10.768050578437027),
("tour6-r1-p030", 106.7057714353067, 10.768077094204374),
("tour6-r1-p031", 106.70572620351656, 10.768186146287151),
("tour6-r1-p032", 106.70570352262101, 10.768248415523805),
("tour6-r1-p033", 106.70568403620588, 10.768302367560644),
("tour6-r1-p034", 106.70567261095353, 10.768353565537728),
("tour6-r1-p035", 106.70565890045825, 10.76841502089862),
("tour6-r1-p036", 106.7056489246838, 10.768459215933778),
("tour6-r1-p037", 106.70564944108956, 10.768473429566463),
("tour6-r1-p038", 106.70564570197494, 10.768529490988755),
("tour6-r1-p039", 106.70564237911579, 10.768619574380201),
("tour6-r1-p040", 106.70563806471608, 10.768687676318494),
("tour6-r1-p041", 106.70564798178083, 10.768780462198768),
("tour6-r1-p042", 106.70566129561252, 10.76889844120765),
("tour6-r1-p043", 106.70566525540693, 10.76894133991503),
("tour6-r1-p044", 106.70570130461019, 10.769062129912795),
("tour6-r1-p045", 106.70572950869447, 10.76915197375345),
("tour6-r1-p046", 106.70574825464506, 10.769213574171335),
("tour6-r1-p047", 106.7058094941672, 10.769330091822704),
("tour6-r1-p048", 106.70589196006989, 10.769484396547893),
("tour6-r1-p049", 106.70595329903978, 10.769602270352895),
("tour6-r1-p050", 106.70598518993769, 10.7696572881418),
("tour6-r1-p051", 106.7060025954835, 10.769692084995153),
("tour6-r1-p052", 106.70605754285656, 10.769794791448124),
("tour6-r1-p053", 106.70610397249202, 10.76990495986403),
("tour6-r1-p054", 106.70613897263395, 10.769990832024723),
("tour6-r1-p055", 106.70616356566171, 10.770051263753594),
("tour6-r1-p056", 106.70618493386337, 10.77011174253204),
("tour6-r1-p057", 106.70620092365334, 10.77015722134718),
("tour6-r1-p058", 106.70621520785981, 10.770196619999433),
("tour6-r1-p059", 106.70624990194194, 10.770385783384969),
("tour6-r1-p060", 106.70627657549976, 10.770522403777823),
("tour6-r1-p061", 106.7062930890181, 10.770613209118988),
("tour6-r1-p062", 106.70630243648807, 10.77073641299724),
("tour6-r1-p063", 106.70632077568318, 10.770946992466012),
("tour6-r1-p064", 106.70633145595849, 10.771085478822744),
("tour6-r1-p065", 106.70633809126666, 10.771159393483957),
("tour6-r1-p066", 106.70635304400649, 10.771243139524008),
("tour6-r1-p067", 106.70636299877215, 10.771341249087),
("tour6-r1-p068", 106.70637506535475, 10.771461245234525),
("tour6-r1-p069", 106.70638689104138, 10.771589098782039),
("tour6-r1-p070", 106.70640019318665, 10.771723185132936),
("tour6-r1-p071", 106.70640493681998, 10.771774613564363),
("tour6-r1-p072", 106.70641872644745, 10.771912305375736),
("tour6-r1-p073", 106.70643156136818, 10.772037312983608),
("tour6-r1-p074", 106.70644155347772, 10.772147833860393),
("tour6-r1-p075", 106.70645057547397, 10.77224197801074),
("tour6-r1-p076", 106.70645552276135, 10.77229189846659),
("tour6-r1-p077", 106.70647197718596, 10.772462983861443),
("tour6-r1-p078", 106.70649429425012, 10.772686928078047),
("tour6-r1-p079", 106.70651054334644, 10.77285561233098),
("tour6-r1-p080", 106.70652305583222, 10.772985860982718),
("tour6-r1-p081", 106.70654664064172, 10.773226559211777),
("tour6-r1-p082", 106.70656310944457, 10.773394415169154),
("tour6-r1-p083", 106.7065731169671, 10.773509006660042),
("tour6-r1-p084", 106.70658176030946, 10.773599208603267),
("tour6-r1-p085", 106.70659267713847, 10.773720855110325),
("tour6-r1-p086", 106.7066051242423, 10.773852690690076),
("tour6-r1-p087", 106.70661506206233, 10.773951610861864),
("tour6-r1-p088", 106.70661661991761, 10.77398106724481),
("tour6-r1-p089", 106.70662833940814, 10.774111467217084),
("tour6-r1-p090", 106.70664357006234, 10.77427941074518),
("tour6-r1-p091", 106.70664820761223, 10.774336021101492),
("tour6-r1-p092", 106.70665916189202, 10.774481658064028),
("tour6-r1-p093", 106.70667168112088, 10.774637910952546),
("tour6-r1-p094", 106.70668772565197, 10.774847291428141),
("tour6-r1-p095", 106.70670135941691, 10.775042022426362),
("tour6-r1-p096", 106.7067100663896, 10.775214984005373),
("tour6-r1-p097", 106.70671408656276, 10.775288655465564),
("tour6-r1-p098", 106.70671830174327, 10.775370297973947),
("tour6-r1-p099", 106.70672474795076, 10.775506968775629),
("tour6-r1-p100", 106.70673042817853, 10.775637948867248),
("tour6-r1-p101", 106.70673318393487, 10.77569806602463),
("tour6-r1-p102", 106.70696602796622, 10.775692775614013);

-- tour6 - route2
INSERT INTO POINT (id, longitude, latitude) VALUES 
("tour6-r2-p001", 106.70696602796622, 10.775692775614013),
("tour6-r2-p002", 106.70673318393487, 10.77569806602463),
("tour6-r2-p003", 106.70674068986284, 10.775813092033943),
("tour6-r2-p004", 106.70675371003499, 10.776114572250888),
("tour6-r2-p005", 106.70679751838647, 10.776375035965556),
("tour6-r2-p006", 106.70682868968139, 10.77652164500172),
("tour6-r2-p007", 106.70688403518919, 10.776773919106443),
("tour6-r2-p008", 106.7069413501991, 10.777040287087212),
("tour6-r2-p009", 106.70699546252719, 10.7772737129297),
("tour6-r2-p010", 106.70701188188968, 10.777339164685257),
("tour6-r2-p011", 106.70704384763671, 10.777483075477031),
("tour6-r2-p012", 106.70712020617697, 10.777738005157197),
("tour6-r2-p013", 106.70717652217019, 10.77794609959038),
("tour6-r2-p014", 106.70724496289374, 10.778205656242173),
("tour6-r2-p015", 106.7073023748833, 10.778458002940793),
("tour6-r2-p016", 106.70732158908665, 10.778529780485577),
("tour6-r2-p017", 106.70739957209939, 10.778849866137932),
("tour6-r2-p018", 106.70745114326607, 10.77904165544637),
("tour6-r2-p019", 106.70751811181096, 10.779291610038262),
("tour6-r2-p020", 106.70759818316341, 10.779580129661962),
("tour6-r2-p021", 106.70768178588801, 10.779885634371333),
("tour6-r2-p022", 106.70774768703171, 10.780116648933856),
("tour6-r2-p023", 106.7077881022114, 10.78024957623806),
("tour6-r2-p024", 106.7078367630884, 10.780290463079975),
("tour6-r2-p025", 106.70788587941121, 10.780471725580101),
("tour6-r2-p026", 106.70791036987295, 10.780560403901658),
("tour6-r2-p027", 106.70791445932494, 10.780625155055215),
("tour6-r2-p028", 106.70790920899364, 10.78068779121875),
("tour6-r2-p029", 106.70788275543698, 10.780816489883241),
("tour6-r2-p030", 106.70784870189269, 10.780917769696146),
("tour6-r2-p031", 106.7078320277989, 10.780964990162191),
("tour6-r2-p032", 106.70780230501593, 10.781025409231015),
("tour6-r2-p033", 106.70776833080498, 10.781085147864642),
("tour6-r2-p034", 106.70772890402583, 10.781140221318028),
("tour6-r2-p035", 106.70765727393683, 10.781211467639176),
("tour6-r2-p036", 106.7075702308313, 10.781288584557409),
("tour6-r2-p037", 106.70750796835196, 10.78134210136217),
("tour6-r2-p038", 106.70743065200435, 10.781421121852532),
("tour6-r2-p039", 106.70735110267698, 10.781501699376262),
("tour6-r2-p040", 106.70725889199029, 10.781596572079136),
("tour6-r2-p041", 106.70719622485115, 10.781660453535052),
("tour6-r2-p042", 106.70711258619697, 10.781740212888087),
("tour6-r2-p043", 106.707052576875, 10.781798294920662),
("tour6-r2-p044", 106.70696828815402, 10.781878341449758),
("tour6-r2-p045", 106.7068582178115, 10.781984492952757),
("tour6-r2-p046", 106.70675409441644, 10.782084975555419),
("tour6-r2-p047", 106.70664009330714, 10.782193224125583),
("tour6-r2-p048", 106.70655544342608, 10.78226837407042),
("tour6-r2-p049", 106.70645780475766, 10.782355667618022),
("tour6-r2-p050", 106.70642648983645, 10.782382548792187),
("tour6-r2-p051", 106.70640976204609, 10.782400674992761),
("tour6-r2-p052", 106.70631501750304, 10.782468854395423),
("tour6-r2-p053", 106.7062214077616, 10.782538350110524),
("tour6-r2-p054", 106.70608287940227, 10.782651960001237),
("tour6-r2-p055", 106.70591741631098, 10.782787717979717),
("tour6-r2-p056", 106.7058757306912, 10.78282071308234),
("tour6-r2-p057", 106.7058400578352, 10.782853294908573),
("tour6-r2-p058", 106.70574429522418, 10.782940539838345),
("tour6-r2-p059", 106.705663055492, 10.783016653631284),
("tour6-r2-p060", 106.70553827827732, 10.783133263823258),
("tour6-r2-p061", 106.70542986148482, 10.78323455834629),
("tour6-r2-p062", 106.70529663007636, 10.783360149398613),
("tour6-r2-p063", 106.70514684727637, 10.783500303690902),
("tour6-r2-p064", 106.70503237381901, 10.783602431162109),
("tour6-r2-p065", 106.7049233992347, 10.783630014715326),
("tour6-r2-p066", 106.70479367122392, 10.783746588223368),
("tour6-r2-p067", 106.70470500042249, 10.78382575656133),
("tour6-r2-p068", 106.70468339541223, 10.783846440966917),
("tour6-r2-p069", 106.70463266395633, 10.783892362096276),
("tour6-r2-p070", 106.70459354928134, 10.783927441630192),
("tour6-r2-p071", 106.70454615571934, 10.783968869277102),
("tour6-r2-p072", 106.70448100885385, 10.784027298262265),
("tour6-r2-p073", 106.70445880008462, 10.784048340956154),
("tour6-r2-p074", 106.70440283956344, 10.78409503186576),
("tour6-r2-p075", 106.70432220084058, 10.784168012026068),
("tour6-r2-p076", 106.70423776587577, 10.784240486910685),
("tour6-r2-p077", 106.70417935081116, 10.784290495569662),
("tour6-r2-p078", 106.70413677074308, 10.784329283513177),
("tour6-r2-p079", 106.70402463662242, 10.784426681351666),
("tour6-r2-p080", 106.70393446217834, 10.78450494750794),
("tour6-r2-p081", 106.70390231692483, 10.784532568250963),
("tour6-r2-p082", 106.70377452540946, 10.784644254772973),
("tour6-r2-p083", 106.70368661318801, 10.784725480223884),
("tour6-r2-p084", 106.70359770483219, 10.784810273965553),
("tour6-r2-p085", 106.70350947036978, 10.784896094680558),
("tour6-r2-p086", 106.7034028801611, 10.784999083264797),
("tour6-r2-p087", 106.70333928868101, 10.785060997431883),
("tour6-r2-p088", 106.7032841855257, 10.785114304503107),
("tour6-r2-p089", 106.70320070936393, 10.785120976853168),
("tour6-r2-p090", 106.70310517739377, 10.785223053731764),
("tour6-r2-p091", 106.70313186630418, 10.78525150622229),
("tour6-r2-p092", 106.70317129399086, 10.785288294119438),
("tour6-r2-p093", 106.70325275007762, 10.785367436349384),
("tour6-r2-p094", 106.70328981446053, 10.785405825970843),
("tour6-r2-p095", 106.70337642222854, 10.78549841484457),
("tour6-r2-p096", 106.70350598293666, 10.785635483873376),
("tour6-r2-p097", 106.70361543871722, 10.785752066895462),
("tour6-r2-p098", 106.70373931953701, 10.785882955475488),
("tour6-r2-p099", 106.70383070728819, 10.785982082355012),
("tour6-r2-p100", 106.70395980767503, 10.786118586923756),
("tour6-r2-p101", 106.7040310979446, 10.786197407997449),
("tour6-r2-p102", 106.70413107094811, 10.786304866125935),
("tour6-r2-p103", 106.70428200497581, 10.786466228820666),
("tour6-r2-p104", 106.70439983818963, 10.786592984568616),
("tour6-r2-p105", 106.7045211050526, 10.786723495127339),
("tour6-r2-p106", 106.70426739597602, 10.786939522953505);

-- tour
INSERT INTO TOUR 
(id, name, price, date_start, total_time, description, thumbnail_img, center_point_id, zoom_val, admin_id)
VALUES
("tour6", "Tour Bến Nhà Rồng - Bến Bạch Đằng - Bảo tàng chiến dịch Hồ Chí Minh", 5500000, "2024-12-12", "4 ngày 3 đêm", "Tour tham quan 3 điểm đến nổi tiếng tại Thành phố Hồ Chí Minh", "https://static.hotdeal.vn/images/1598/1598345/500x500/356818-tour-sai-gon-city-tour-1-ngay-dinh-doc-lap-nha-tho-duc-ba-buu-dien-thanh-pho-cho-ben-thanh-khoi-hanh-hang-ngay-ko-phu-thu-cuoi-tuan.jpg", "tour6-center", 15, 1);

-- route 
INSERT INTO ROUTE (id, name, description, tour_id) VALUES 
("tour6-route1", "Từ Bến Nhà Rồng đến Bến Bạch Đằng", "Từ Bến Nhà Rồng đến Bến Bạch Đằng", "tour6"),
("tour6-route2", "Từ Bến Bạch Đằng đến Bảo tàng chiến dịch Hồ Chí Minh", "Từ Bến Bạch Đằng đến Bảo tàng chiến dịch Hồ Chí Minh", "tour6");

-- route point
INSERT INTO ROUTE_POINT (route_id, point_id) VALUES 
("tour6-route1", "tour6-r1-p001"),
("tour6-route1", "tour6-r1-p002"),
("tour6-route1", "tour6-r1-p003"),
("tour6-route1", "tour6-r1-p004"),
("tour6-route1", "tour6-r1-p005"),
("tour6-route1", "tour6-r1-p006"),
("tour6-route1", "tour6-r1-p007"),
("tour6-route1", "tour6-r1-p008"),
("tour6-route1", "tour6-r1-p009"),
("tour6-route1", "tour6-r1-p010"),
("tour6-route1", "tour6-r1-p011"),
("tour6-route1", "tour6-r1-p012"),
("tour6-route1", "tour6-r1-p013"),
("tour6-route1", "tour6-r1-p014"),
("tour6-route1", "tour6-r1-p015"),
("tour6-route1", "tour6-r1-p016"),
("tour6-route1", "tour6-r1-p017"),
("tour6-route1", "tour6-r1-p018"),
("tour6-route1", "tour6-r1-p019"),
("tour6-route1", "tour6-r1-p020"),
("tour6-route1", "tour6-r1-p021"),
("tour6-route1", "tour6-r1-p022"),
("tour6-route1", "tour6-r1-p023"),
("tour6-route1", "tour6-r1-p024"),
("tour6-route1", "tour6-r1-p025"),
("tour6-route1", "tour6-r1-p026"),
("tour6-route1", "tour6-r1-p027"),
("tour6-route1", "tour6-r1-p028"),
("tour6-route1", "tour6-r1-p029"),
("tour6-route1", "tour6-r1-p030"),
("tour6-route1", "tour6-r1-p031"),
("tour6-route1", "tour6-r1-p032"),
("tour6-route1", "tour6-r1-p033"),
("tour6-route1", "tour6-r1-p034"),
("tour6-route1", "tour6-r1-p035"),
("tour6-route1", "tour6-r1-p036"),
("tour6-route1", "tour6-r1-p037"),
("tour6-route1", "tour6-r1-p038"),
("tour6-route1", "tour6-r1-p039"),
("tour6-route1", "tour6-r1-p040"),
("tour6-route1", "tour6-r1-p041"),
("tour6-route1", "tour6-r1-p042"),
("tour6-route1", "tour6-r1-p043"),
("tour6-route1", "tour6-r1-p044"),
("tour6-route1", "tour6-r1-p045"),
("tour6-route1", "tour6-r1-p046"),
("tour6-route1", "tour6-r1-p047"),
("tour6-route1", "tour6-r1-p048"),
("tour6-route1", "tour6-r1-p049"),
("tour6-route1", "tour6-r1-p050"),
("tour6-route1", "tour6-r1-p051"),
("tour6-route1", "tour6-r1-p052"),
("tour6-route1", "tour6-r1-p053"),
("tour6-route1", "tour6-r1-p054"),
("tour6-route1", "tour6-r1-p055"),
("tour6-route1", "tour6-r1-p056"),
("tour6-route1", "tour6-r1-p057"),
("tour6-route1", "tour6-r1-p058"),
("tour6-route1", "tour6-r1-p059"),
("tour6-route1", "tour6-r1-p060"),
("tour6-route1", "tour6-r1-p061"),
("tour6-route1", "tour6-r1-p062"),
("tour6-route1", "tour6-r1-p063"),
("tour6-route1", "tour6-r1-p064"),
("tour6-route1", "tour6-r1-p065"),
("tour6-route1", "tour6-r1-p066"),
("tour6-route1", "tour6-r1-p067"),
("tour6-route1", "tour6-r1-p068"),
("tour6-route1", "tour6-r1-p069"),
("tour6-route1", "tour6-r1-p070"),
("tour6-route1", "tour6-r1-p071"),
("tour6-route1", "tour6-r1-p072"),
("tour6-route1", "tour6-r1-p073"),
("tour6-route1", "tour6-r1-p074"),
("tour6-route1", "tour6-r1-p075"),
("tour6-route1", "tour6-r1-p076"),
("tour6-route1", "tour6-r1-p077"),
("tour6-route1", "tour6-r1-p078"),
("tour6-route1", "tour6-r1-p079"),
("tour6-route1", "tour6-r1-p080"),
("tour6-route1", "tour6-r1-p081"),
("tour6-route1", "tour6-r1-p082"),
("tour6-route1", "tour6-r1-p083"),
("tour6-route1", "tour6-r1-p084"),
("tour6-route1", "tour6-r1-p085"),
("tour6-route1", "tour6-r1-p086"),
("tour6-route1", "tour6-r1-p087"),
("tour6-route1", "tour6-r1-p088"),
("tour6-route1", "tour6-r1-p089"),
("tour6-route1", "tour6-r1-p090"),
("tour6-route1", "tour6-r1-p091"),
("tour6-route1", "tour6-r1-p092"),
("tour6-route1", "tour6-r1-p093"),
("tour6-route1", "tour6-r1-p094"),
("tour6-route1", "tour6-r1-p095"),
("tour6-route1", "tour6-r1-p096"),
("tour6-route1", "tour6-r1-p097"),
("tour6-route1", "tour6-r1-p098"),
("tour6-route1", "tour6-r1-p099"),
("tour6-route1", "tour6-r1-p100"),
("tour6-route1", "tour6-r1-p101"),
("tour6-route1", "tour6-r1-p102"),
("tour6-route2", "tour6-r2-p001"),
("tour6-route2", "tour6-r2-p002"),
("tour6-route2", "tour6-r2-p003"),
("tour6-route2", "tour6-r2-p004"),
("tour6-route2", "tour6-r2-p005"),
("tour6-route2", "tour6-r2-p006"),
("tour6-route2", "tour6-r2-p007"),
("tour6-route2", "tour6-r2-p008"),
("tour6-route2", "tour6-r2-p009"),
("tour6-route2", "tour6-r2-p010"),
("tour6-route2", "tour6-r2-p011"),
("tour6-route2", "tour6-r2-p012"),
("tour6-route2", "tour6-r2-p013"),
("tour6-route2", "tour6-r2-p014"),
("tour6-route2", "tour6-r2-p015"),
("tour6-route2", "tour6-r2-p016"),
("tour6-route2", "tour6-r2-p017"),
("tour6-route2", "tour6-r2-p018"),
("tour6-route2", "tour6-r2-p019"),
("tour6-route2", "tour6-r2-p020"),
("tour6-route2", "tour6-r2-p021"),
("tour6-route2", "tour6-r2-p022"),
("tour6-route2", "tour6-r2-p023"),
("tour6-route2", "tour6-r2-p024"),
("tour6-route2", "tour6-r2-p025"),
("tour6-route2", "tour6-r2-p026"),
("tour6-route2", "tour6-r2-p027"),
("tour6-route2", "tour6-r2-p028"),
("tour6-route2", "tour6-r2-p029"),
("tour6-route2", "tour6-r2-p030"),
("tour6-route2", "tour6-r2-p031"),
("tour6-route2", "tour6-r2-p032"),
("tour6-route2", "tour6-r2-p033"),
("tour6-route2", "tour6-r2-p034"),
("tour6-route2", "tour6-r2-p035"),
("tour6-route2", "tour6-r2-p036"),
("tour6-route2", "tour6-r2-p037"),
("tour6-route2", "tour6-r2-p038"),
("tour6-route2", "tour6-r2-p039"),
("tour6-route2", "tour6-r2-p040"),
("tour6-route2", "tour6-r2-p041"),
("tour6-route2", "tour6-r2-p042"),
("tour6-route2", "tour6-r2-p043"),
("tour6-route2", "tour6-r2-p044"),
("tour6-route2", "tour6-r2-p045"),
("tour6-route2", "tour6-r2-p046"),
("tour6-route2", "tour6-r2-p047"),
("tour6-route2", "tour6-r2-p048"),
("tour6-route2", "tour6-r2-p049"),
("tour6-route2", "tour6-r2-p050"),
("tour6-route2", "tour6-r2-p051"),
("tour6-route2", "tour6-r2-p052"),
("tour6-route2", "tour6-r2-p053"),
("tour6-route2", "tour6-r2-p054"),
("tour6-route2", "tour6-r2-p055"),
("tour6-route2", "tour6-r2-p056"),
("tour6-route2", "tour6-r2-p057"),
("tour6-route2", "tour6-r2-p058"),
("tour6-route2", "tour6-r2-p059"),
("tour6-route2", "tour6-r2-p060"),
("tour6-route2", "tour6-r2-p061"),
("tour6-route2", "tour6-r2-p062"),
("tour6-route2", "tour6-r2-p063"),
("tour6-route2", "tour6-r2-p064"),
("tour6-route2", "tour6-r2-p065"),
("tour6-route2", "tour6-r2-p066"),
("tour6-route2", "tour6-r2-p067"),
("tour6-route2", "tour6-r2-p068"),
("tour6-route2", "tour6-r2-p069"),
("tour6-route2", "tour6-r2-p070"),
("tour6-route2", "tour6-r2-p071"),
("tour6-route2", "tour6-r2-p072"),
("tour6-route2", "tour6-r2-p073"),
("tour6-route2", "tour6-r2-p074"),
("tour6-route2", "tour6-r2-p075"),
("tour6-route2", "tour6-r2-p076"),
("tour6-route2", "tour6-r2-p077"),
("tour6-route2", "tour6-r2-p078"),
("tour6-route2", "tour6-r2-p079"),
("tour6-route2", "tour6-r2-p080"),
("tour6-route2", "tour6-r2-p081"),
("tour6-route2", "tour6-r2-p082"),
("tour6-route2", "tour6-r2-p083"),
("tour6-route2", "tour6-r2-p084"),
("tour6-route2", "tour6-r2-p085"),
("tour6-route2", "tour6-r2-p086"),
("tour6-route2", "tour6-r2-p087"),
("tour6-route2", "tour6-r2-p088"),
("tour6-route2", "tour6-r2-p089"),
("tour6-route2", "tour6-r2-p090"),
("tour6-route2", "tour6-r2-p091"),
("tour6-route2", "tour6-r2-p092"),
("tour6-route2", "tour6-r2-p093"),
("tour6-route2", "tour6-r2-p094"),
("tour6-route2", "tour6-r2-p095"),
("tour6-route2", "tour6-r2-p096"),
("tour6-route2", "tour6-r2-p097"),
("tour6-route2", "tour6-r2-p098"),
("tour6-route2", "tour6-r2-p099"),
("tour6-route2", "tour6-r2-p100"),
("tour6-route2", "tour6-r2-p101"),
("tour6-route2", "tour6-r2-p102"),
("tour6-route2", "tour6-r2-p103"),
("tour6-route2", "tour6-r2-p104"),
("tour6-route2", "tour6-r2-p105"),
("tour6-route2", "tour6-r2-p106");

-- tour - location
INSERT INTO TOUR_LOCATION (tour_id, location_id) VALUES 
("tour6", "BenNhaRong"),
("tour6", "BenBachDang"),
("tour6", "BaoTangChienDichHCM");


-- "tour1"
INSERT INTO TOUR_IMAGE (url, tour_id)
VALUES
("https://i1-vnexpress.vnecdn.net/2023/04/30/TTT-8035-1682842760.jpg?w=1200&h=0&q=100&dpr=1&fit=crop&s=_K4v4WUvwR4ikKH-5U7AAg", "tour1"),
("https://i1-vnexpress.vnecdn.net/2023/04/30/TTT-8199-1682842767.jpg?w=1200&h=0&q=100&dpr=1&fit=crop&s=LqslUIPYlvIMyWzCBi2syw", "tour1"),
("https://bizweb.dktcdn.net/100/366/377/files/hinh-anh-khuon-vien-o-dinh-doc-lap.jpg?v=1678447724113", "tour1"),
("https://gotrangtri.vn/wp-content/uploads/2018/06/dinh-doc-lap-2.jpg", "tour1"),
("https://halotravel.vn/wp-content/uploads/2021/11/kham-pha-chua-ba-thien-hau-sai-gon.jpeg", "tour1"),
("https://halotravel.vn/wp-content/uploads/2021/11/checkin-chua-ba-thien-hau-sai-gon.jpg", "tour1"),
("https://i.ex-cdn.com/vntravellive.com/files/content/2023/07/06/z4492495272677_f0224331e3c3538775df0a2ebd8a3b67-1659.jpg", "tour1"),
("https://static.vinwonders.com/production/cho-binh-tay-2.jpg", "tour1"),
("https://static.vinwonders.com/production/cho-binh-tay-8.jpg", "tour1"),
("https://static.vinwonders.com/production/cho-binh-tay-9.jpg", "tour1"),
("https://disaigon.com/wp-content/uploads/2023/05/cho-dem-Binh-Tay-1.jpg", "tour1");

-- "tour2"
INSERT INTO TOUR_IMAGE (url, tour_id)
VALUES
("https://i1-vnexpress.vnecdn.net/2023/04/30/TTT-8035-1682842760.jpg?w=1200&h=0&q=100&dpr=1&fit=crop&s=_K4v4WUvwR4ikKH-5U7AAg", "tour2"),
("https://i1-vnexpress.vnecdn.net/2023/04/30/TTT-8199-1682842767.jpg?w=1200&h=0&q=100&dpr=1&fit=crop&s=LqslUIPYlvIMyWzCBi2syw", "tour2"),
("https://bizweb.dktcdn.net/100/366/377/files/hinh-anh-khuon-vien-o-dinh-doc-lap.jpg?v=1678447724113", "tour2"),
("https://gotrangtri.vn/wp-content/uploads/2018/06/dinh-doc-lap-2.jpg", "tour2"),
("https://static.vinwonders.com/production/cho-ben-thanh-1.jpg", "tour2"),
("https://static.vinwonders.com/production/cho-ben-thanh-2.jpg", "tour2"),
("https://static.vinwonders.com/production/cho-ben-thanh-7.jpg", "tour2"),
("https://lh6.googleusercontent.com/MJFY5BM6UUfmBQVzXKLGltC1ubeN3S1FvaZ4dSLgUDC-fU2i-enqaxSl6hxm3MJm8lQLCX1QFM81liP5Y2UfkQ9Y_LIboeB3_NJUnMy_uuC18rEv0o6ylRduHpyBfNt5AfAm0jsHBgJDSh7MhJYboC8", "tour2"),
("https://mia.vn/media/uploads/blog-du-lich/bao-tang-my-thuat-tphcm-07-1692972940.jpg", "tour2"),
("https://mia.vn/media/uploads/blog-du-lich/bao-tang-my-thuat-tphcm-01-1692972910.jpg", "tour2"),
("https://mia.vn/media/uploads/blog-du-lich/bao-tang-my-thuat-tphcm-02-1692972910.jpg", "tour2"),
("https://static.vinwonders.com/production/bao-tang-my-thuat-thanh-pho-ho-chi-minh-3.jpg", "tour2");

-- "tour3"
INSERT INTO TOUR_IMAGE (url, tour_id)
VALUES
("https://image.vietgoing.com/editor/image_zav1638606424.jpg", "tour3"),
("https://iwater.vn/Image/Picture/New/333/nha-tho-duc-ba-sai-gon.jpg", "tour3"),
("https://static.vinwonders.com/production/cho-ben-thanh-15.jpg", "tour3"),
("https://i.ex-cdn.com/vntravellive.com/files/f1/uploaded/images/photo_news/800x800/news_20120524033118/nhathoducba0.jpg.jpg", "tour3"),
("https://image.vietgoing.com/editor/image_bch1638606400.jpg", "tour3"),
("https://image.vietgoing.com/editor/image_eze1638606432.jpg", "tour3"),
("https://owa.bestprice.vn/images/destinations/uploads/nha-hat-lon-60a36be9205c3.jpg", "tour3"),
("https://owa.bestprice.vn/images/destinations/uploads/nha-hat-lon-60a36be9204ea.jpeg", "tour3"),
("https://static1.cafeland.vn/cafelandnew/hinh-anh/2023/06/18/95/nha-hat-4-1539258640.jpg", "tour3"),
("https://upload.wikimedia.org/wikipedia/commons/5/57/Vietnam_History_Museum_HCMC.JPG", "tour3"),
("https://i2.ex-cdn.com/crystalbay.com/files/content/2024/11/14/top-nhung-bao-tang-dang-tham-quan-nhat-o-viet-nam-hanh-trinh-kham-pha-lich-su-va-van-hoa-1-0951.jpeg", "tour3"),
("https://image.vietgoing.com/editor/image_jnt1639377575.jpg", "tour3"),
("https://cdn3.ivivu.com/2023/03/B%E1%BA%A3o-t%C3%A0ng-L%E1%BB%8Bch-s%E1%BB%AD-Vi%E1%BB%87t-Nam-ivivu.jpg", "tour3"),
("https://cdn3.ivivu.com/2023/03/bao-tang-sai-gon-ivivu-4.jpg", "tour3");

-- "tour4"
INSERT INTO TOUR_IMAGE (url, tour_id)
VALUES
("https://cdn.tcdulichtphcm.vn/upload/1-2024/images/2024-03-14/1710407840-5107_dsc03878.jpg", "tour4"),
("https://media-cdn-v2.laodong.vn/Storage/NewsPortal/2021/9/26/957604/DSC05341-01.JPG", "tour4"),
("https://media-cdn-v2.laodong.vn/Storage/NewsPortal/2021/9/26/957604/DSC04827.JPG", "tour4"),
("https://api.nongthonviet.com.vn/media/2024/03/06/65e83a0fd3c3b930bcc2a1b6_thao_cam_vien_1_high.jpg", "tour4"),
("https://api.nongthonviet.com.vn/media/2024/03/06/65e83a29d3c3b930bcc2c26a_thao_cam_vien_3_high.jpg", "tour4"),
("https://nld.mediacdn.vn/thumb_w/640/291774122806476800/2024/12/11/z6118774158552d66f286247f6997086e49af0adb03e60-17338886352471319607210.jpg", "tour4"),
("https://i2.ex-cdn.com/crystalbay.com/files/content/2024/09/06/pho-di-bo-nguyen-hue-5-1418.jpg", "tour4"),
("https://static.vinwonders.com/production/pho-di-bo-nguyen-hue-o-dau-1.jpg", "tour4"),
("https://i2.ex-cdn.com/crystalbay.com/files/content/2024/09/06/pho-di-bo-nguyen-hue-2-1418.jpg", "tour4"),
("https://i2.ex-cdn.com/crystalbay.com/files/content/2024/09/06/pho-di-bo-nguyen-hue-1-1418.jpg", "tour4"),
("https://cdnmedia.baotintuc.vn/Upload/of1YDQmgYWjUVVEP2wPLg/files/2022/08/PhoDiBo/p4.jpg", "tour4"),
("https://static.vinwonders.com/production/pho-tay-bui-vien-1.jpg", "tour4"),
("https://r2.nucuoimekong.com/wp-content/uploads/pho-tay-bui-vien.jpg", "tour4"),
("https://cdn.vntrip.vn/cam-nang/wp-content/uploads/2017/09/co-gi-hot-o-pho-di-bo-bui-vien-e1505380369394.jpg", "tour4"),
("https://ik.imagekit.io/tvlk/blog/2022/12/pho-di-bo-bui-vien-1.jpg?tr=q-70w-625dpr-2", "tour4"),
("https://ik.imagekit.io/tvlk/blog/2022/12/pho-di-bo-bui-vien-2.jpg?tr=q-70w-625dpr-2", "tour4"),
("https://ik.imagekit.io/tvlk/blog/2022/12/pho-di-bo-bui-vien-3.jpg?tr=q-70w-625dpr-2", "tour4");

-- "tour5"
INSERT INTO TOUR_IMAGE (url, tour_id)
VALUES
("https://upload.wikimedia.org/wikipedia/commons/5/57/Vietnam_History_Museum_HCMC.JPG", "tour5"),
("https://i2.ex-cdn.com/crystalbay.com/files/content/2024/11/14/top-nhung-bao-tang-dang-tham-quan-nhat-o-viet-nam-hanh-trinh-kham-pha-lich-su-va-van-hoa-1-0951.jpeg", "tour5"),
("https://image.vietgoing.com/editor/image_jnt1639377575.jpg", "tour5"),
("https://cdn3.ivivu.com/2023/03/B%E1%BA%A3o-t%C3%A0ng-L%E1%BB%8Bch-s%E1%BB%AD-Vi%E1%BB%87t-Nam-ivivu.jpg", "tour5"),
("https://cdn3.ivivu.com/2023/03/bao-tang-sai-gon-ivivu-4.jpg", "tour5"),
("https://statics.vinpearl.com/duong-sach-nguyen-van-binh-1_1630417343.jpg", "tour5"),
("https://statics.vinpearl.com/duong-sach-nguyen-van-binh-2_1630417432.jpg", "tour5"),
("https://static.vinwonders.com/production/duong-sach-nguyen-van-binh-2.jpg", "tour5"),
("https://static.vinwonders.com/production/duong-sach-nguyen-van-binh-3.jpg", "tour5"),
("https://static.vinwonders.com/production/duong-sach-nguyen-van-binh-7.jpg", "tour5"),
("https://i1-vnexpress.vnecdn.net/2023/04/30/TTT-8035-1682842760.jpg?w=1200&h=0&q=100&dpr=1&fit=crop&s=_K4v4WUvwR4ikKH-5U7AAg", "tour5"),
("https://i1-vnexpress.vnecdn.net/2023/04/30/TTT-8199-1682842767.jpg?w=1200&h=0&q=100&dpr=1&fit=crop&s=LqslUIPYlvIMyWzCBi2syw", "tour5"),
("https://bizweb.dktcdn.net/100/366/377/files/hinh-anh-khuon-vien-o-dinh-doc-lap.jpg?v=1678447724113", "tour5"),
("https://gotrangtri.vn/wp-content/uploads/2018/06/dinh-doc-lap-2.jpg", "tour5");

-- "tour6"
INSERT INTO TOUR_IMAGE (url, tour_id)
VALUES
("https://hnm.1cdn.vn/2019/07/06/hanoimoi.com.vn-uploads-images-anhthu-2019-07-06-_ben_nharong-01-.jpg", "tour6"),
("https://media-cdn-v2.laodong.vn/Storage/NewsPortal/2023/4/28/1185683/4-VHTT-1002754-01.jpg", "tour6"),
("https://static.vinwonders.com/production/ben-nha-rong-5.jpg", "tour6"),
("https://static.vinwonders.com/production/ben-nha-rong-4.jpg", "tour6"),
("https://static.vinwonders.com/production/ben-bach-dang-1.jpeg", "tour6"),
("https://static.vinwonders.com/production/ben-bach-dang-4.jpeg", "tour6"),
("https://static.vinwonders.com/production/ben-bach-dang-2.jpeg", "tour6"),
("https://static.vinwonders.com/production/ben-bach-dang-3.jpeg", "tour6"),
("https://ik.imagekit.io/tvlk/blog/2023/08/cong-vien-ben-bach-dang-1-1024x683.jpeg?tr=q-70w-625dpr-2", "tour6"),
("https://file1.dangcongsan.vn/data/0/images/2023/02/08/upload_100/dl2.jpg?dpi=150&quality=100&w=780", "tour6"),
("https://mia.vn/media/uploads/blog-du-lich/bao-tang-chien-dich-ho-chi-minh-01-1712929892.jpg", "tour6"),
("https://media.thanhtra.com.vn/public/data/images/0/2021/04/29/thangbientap/bt4.jpg", "tour6"),
("https://mia.vn/media/uploads/blog-du-lich/bao-tang-chien-dich-ho-chi-minh-04-1712929892.jpg", "tour6"),
("https://mia.vn/media/uploads/blog-du-lich/bao-tang-chien-dich-ho-chi-minh-07-1712929946.jpg", "tour6");

