-- center point for tour5 
INSERT INTO points (id, longitude, latitude) VALUES 
("tour5-center", 106.69970950570034, 10.782194163940128);

-- tour5 - route1
INSERT INTO points (id, longitude, latitude) VALUES 
("tour5-r1-p1", 106.70470317034483, 10.787728769561706),
("tour5-r1-p2", 106.70470317034483, 10.787728769561706),
("tour5-r1-p3", 106.70468981334386, 10.78771401151232),
("tour5-r1-p4", 106.70467282603374, 10.787699373688435),
("tour5-r1-p5", 106.70464958020864, 10.78767595317478),
("tour5-r1-p6", 106.7046257383496, 10.787639358619174),
("tour5-r1-p7", 106.70460159846847, 10.787615059834758),
("tour5-r1-p8", 106.70460017443602, 10.787613680029402),
("tour5-r1-p9", 106.70460017443602, 10.787613680029402),
("tour5-r1-p10", 106.70462239613845, 10.787593191370771),
("tour5-r1-p11", 106.70463446607901, 10.787581773860408),
("tour5-r1-p12", 106.70463997950297, 10.787577089759008),
("tour5-r1-p13", 106.70465190042736, 10.78756611139119),
("tour5-r1-p14", 106.70465979803838, 10.787558938853449),
("tour5-r1-p15", 106.70467618931967, 10.78754356913345),
("tour5-r1-p16", 106.70469317664003, 10.787527467513991),
("tour5-r1-p17", 106.7047039054812, 10.787518099309434),
("tour5-r1-p18", 106.70471716751008, 10.787504486130207),
("tour5-r1-p19", 106.70473133677521, 10.787491371790907),
("tour5-r1-p20", 106.70474310868858, 10.78748068617545),
("tour5-r1-p21", 106.70475741380501, 10.787466926611755),
("tour5-r1-p22", 106.70476799363517, 10.787457412030044),
("tour5-r1-p23", 106.70477156991556, 10.787454191706813),
("tour5-r1-p24", 106.7047825967737, 10.787444530744438),
("tour5-r1-p25", 106.70479928608222, 10.787428429127218),
("tour5-r1-p26", 106.70481254812142, 10.787416572486066),
("tour5-r1-p27", 106.70482104178672, 10.787408521676813),
("tour5-r1-p28", 106.70483519788706, 10.787394908482575),
("tour5-r1-p29", 106.70484905596527, 10.787382319949865),
("tour5-r1-p30", 106.70485337730089, 10.787378221359052),
("tour5-r1-p31", 106.7048579966637, 10.787374122768178),
("tour5-r1-p32", 106.7048675334063, 10.787364900931616),
("tour5-r1-p33", 106.7048794543512, 10.787353776175728),
("tour5-r1-p34", 106.70489234362132, 10.787341789672071),
("tour5-r1-p35", 106.70490098629256, 10.787334177995527),
("tour5-r1-p36", 106.70490724478195, 10.787327590968566),
("tour5-r1-p37", 106.70491126810057, 10.787324517024272),
("tour5-r1-p38", 106.70491678152453, 10.787319686530997),
("tour5-r1-p39", 106.7049272123385, 10.787309440042932),
("tour5-r1-p40", 106.70493823920688, 10.787299339942402),
("tour5-r1-p41", 106.70494270955865, 10.787295241342914),
("tour5-r1-p42", 106.70494554076336, 10.78729231377613),
("tour5-r1-p43", 106.70495045815338, 10.787288068798711),
("tour5-r1-p44", 106.70495477948899, 10.787284116581949),
("tour5-r1-p45", 106.70496699843547, 10.78727225993132),
("tour5-r1-p46", 106.70495835577455, 10.787263184464457),
("tour5-r1-p47", 106.70494598781191, 10.787249132140117),
("tour5-r1-p48", 106.70493182936941, 10.78723304830679),
("tour5-r1-p49", 106.70491663018672, 10.787215775657769),
("tour5-r1-p50", 106.70491648118586, 10.787215775652731),
("tour5-r1-p51", 106.70490351716369, 10.787201284182489),
("tour5-r1-p52", 106.70489025513474, 10.787186060827112),
("tour5-r1-p53", 106.7048701385671, 10.78716234751266),
("tour5-r1-p54", 106.70486730735213, 10.787141269013805),
("tour5-r1-p55", 106.70486522118735, 10.787122825326101),
("tour5-r1-p56", 106.7048634330446, 10.787107016455046),
("tour5-r1-p57", 106.70486194292903, 10.787093110496322),
("tour5-r1-p58", 106.704861793918, 10.787091061195184),
("tour5-r1-p59", 106.70485131324685, 10.787079781354088),
("tour5-r1-p60", 106.70485131324685, 10.787079781354088),
("tour5-r1-p61", 106.70483730614734, 10.787064704373028),
("tour5-r1-p62", 106.70483104765789, 10.787057970957196),
("tour5-r1-p63", 106.70482300103085, 10.78704889548887),
("tour5-r1-p64", 106.70480705677757, 10.787032208333594),
("tour5-r1-p65", 106.7047940927758, 10.787018302373927),
("tour5-r1-p66", 106.70477680741803, 10.786999565915185),
("tour5-r1-p67", 106.70476458846642, 10.786985952707473),
("tour5-r1-p68", 106.70475116649159, 10.78697240342942),
("tour5-r1-p69", 106.70473835149575, 10.786958643852518),
("tour5-r1-p70", 106.70472404637927, 10.786943274111897),
("tour5-r1-p71", 106.70471078434524, 10.786928782628511),
("tour5-r1-p72", 106.7046927539425, 10.786909460654615),
("tour5-r1-p73", 106.70467800179294, 10.786893212625685),
("tour5-r1-p74", 106.70466280260001, 10.786876964610956),
("tour5-r1-p75", 106.7046499875991, 10.786863497778247),
("tour5-r1-p76", 106.70463791765852, 10.786850470081596),
("tour5-r1-p77", 106.70462301649279, 10.78683436843509),
("tour5-r1-p78", 106.70461362876124, 10.786824121930485),
("tour5-r1-p79", 106.70460766829393, 10.786818120409647),
("tour5-r1-p80", 106.70459500230918, 10.786803921683916),
("tour5-r1-p81", 106.70458054818687, 10.786788405540962),
("tour5-r1-p82", 106.70457294859293, 10.786779915579382),
("tour5-r1-p83", 106.70457279958184, 10.786780208338067),
("tour5-r1-p84", 106.70456177271859, 10.78676849804818),
("tour5-r1-p85", 106.70454432128716, 10.786749665303809),
("tour5-r1-p86", 106.70452867507132, 10.78673253899506),
("tour5-r1-p87", 106.70451258181205, 10.786715559071023),
("tour5-r1-p88", 106.70449663756901, 10.786697993628485),
("tour5-r1-p89", 106.70448456762338, 10.78668525868848),
("tour5-r1-p90", 106.70446892140752, 10.786668425142413),
("tour5-r1-p91", 106.70445118902686, 10.786649395920648),
("tour5-r1-p92", 106.70444656966919, 10.786644272672772),
("tour5-r1-p93", 106.70442913531058, 10.786625828957105),
("tour5-r1-p94", 106.70441021083641, 10.786605335933341),
("tour5-r1-p95", 106.70439769385763, 10.78659172270525),
("tour5-r1-p96", 106.70437891838942, 10.78657152243806),
("tour5-r1-p97", 106.70436655042161, 10.786558201972378),
("tour5-r1-p98", 106.70435284134419, 10.78654371047547),
("tour5-r1-p99", 106.70433689711652, 10.78652643777177),
("tour5-r1-p100", 106.70432303903318, 10.786511360755444),
("tour5-r1-p101", 106.70431454537302, 10.786502285275654),
("tour5-r1-p102", 106.70429994223957, 10.786486915504168),
("tour5-r1-p103", 106.70428429601859, 10.786469789182991),
("tour5-r1-p104", 106.70426447747818, 10.786449149767837),
("tour5-r1-p105", 106.70424853325557, 10.786431584309751),
("tour5-r1-p106", 106.70424555302445, 10.78642836396923),
("tour5-r1-p107", 106.70423631430396, 10.786418117454577),
("tour5-r1-p108", 106.70422945977039, 10.786410798508665),
("tour5-r1-p109", 106.70421709181285, 10.786397770789902),
("tour5-r1-p110", 106.70420412781111, 10.786383864804664),
("tour5-r1-p111", 106.70420338274565, 10.78638357205061),
("tour5-r1-p112", 106.70418495383178, 10.78636321087669),
("tour5-r1-p113", 106.70416602935249, 10.786342571461752),
("tour5-r1-p114", 106.70414874400491, 10.786324127720043),
("tour5-r1-p115", 106.70412773337611, 10.786301438998422),
("tour5-r1-p116", 106.70410910690872, 10.786281238716754),
("tour5-r1-p117", 106.70408690418134, 10.78625723257175),
("tour5-r1-p118", 106.70406589354744, 10.786234836589221),
("tour5-r1-p119", 106.70404428685912, 10.786211562349912),
("tour5-r1-p120", 106.70403236592962, 10.786198388241628),
("tour5-r1-p121", 106.70401090824723, 10.78617555313466),
("tour5-r1-p122", 106.7039930268504, 10.786156963004307),
("tour5-r1-p123", 106.70397991383251, 10.78614232511218),
("tour5-r1-p124", 106.70396620475508, 10.786127248069036),
("tour5-r1-p125", 106.7039474844857, 10.786107477206293),
("tour5-r1-p126", 106.7039306461713, 10.786089472585436),
("tour5-r1-p127", 106.70391410588402, 10.786072199865705),
("tour5-r1-p128", 106.70390009879476, 10.786056244553453),
("tour5-r1-p129", 106.70388475060099, 10.7860402892504),
("tour5-r1-p130", 106.70386746525853, 10.786021991876137),
("tour5-r1-p131", 106.70385074282318, 10.786003385804031),
("tour5-r1-p132", 106.70383405352491, 10.785985673938907),
("tour5-r1-p133", 106.70382257963874, 10.785973524485167),
("tour5-r1-p134", 106.70381334091313, 10.785962985189233),
("tour5-r1-p135", 106.70380395318668, 10.785953031414433),
("tour5-r1-p136", 106.70379992987316, 10.78594878642063),
("tour5-r1-p137", 106.70378309156382, 10.78593048902825),
("tour5-r1-p138", 106.70376729479014, 10.785914086327447),
("tour5-r1-p139", 106.70376148333379, 10.785906767379334),
("tour5-r1-p140", 106.70374717822251, 10.785891836712963),
("tour5-r1-p141", 106.70373689641954, 10.78588115103565),
("tour5-r1-p142", 106.70372586956648, 10.785868708815606),
("tour5-r1-p143", 106.70371484271345, 10.785857876766457),
("tour5-r1-p144", 106.7036993454984, 10.785841189547607),
("tour5-r1-p145", 106.70367937794694, 10.785819671815473),
("tour5-r1-p146", 106.70367446056201, 10.785814255783785),
("tour5-r1-p147", 106.70360603701987, 10.785742046521833),
("tour5-r1-p148", 106.7035932143081, 10.785728726502612),
("tour5-r1-p149", 106.70358218744995, 10.785717162547872),
("tour5-r1-p150", 106.70356773331731, 10.785701939117383),
("tour5-r1-p151", 106.70354523256267, 10.78567793292864),
("tour5-r1-p152", 106.70351990058808, 10.78565217018181),
("tour5-r1-p153", 106.70350455239941, 10.785634165541234),
("tour5-r1-p154", 106.70348160460664, 10.785609866592281),
("tour5-r1-p155", 106.70346148802875, 10.785588348838582),
("tour5-r1-p156", 106.70344613984012, 10.785572539884361),
("tour5-r1-p157", 106.70342512919603, 10.785550436618255),
("tour5-r1-p158", 106.70339875414413, 10.785522917326173),
("tour5-r1-p159", 106.70338504507694, 10.785507986628199),
("tour5-r1-p160", 106.70337252810073, 10.78549481249914),
("tour5-r1-p161", 106.70335986212105, 10.785481638377053),
("tour5-r1-p162", 106.70335077241673, 10.785471830965044),
("tour5-r1-p163", 106.70334138468519, 10.785461877163948),
("tour5-r1-p164", 106.7033339340972, 10.785453679924885),
("tour5-r1-p165", 106.70332454636053, 10.785444311653206),
("tour5-r1-p166", 106.70330532385404, 10.785423379417715),
("tour5-r1-p167", 106.70329936338672, 10.785417231487664),
("tour5-r1-p168", 106.70328505827541, 10.785402447178269),
("tour5-r1-p169", 106.70327090217002, 10.785386930969286),
("tour5-r1-p170", 106.70325376583347, 10.785368779929037),
("tour5-r1-p171", 106.70324035478835, 10.78535560578887),
("tour5-r1-p172", 106.70322455955633, 10.78533950405981),
("tour5-r1-p173", 106.70320548607116, 10.78532135302423),
("tour5-r1-p174", 106.70318313432766, 10.785300128010016),
("tour5-r1-p175", 106.7031664450192, 10.785284465426997),
("tour5-r1-p176", 106.70314379525362, 10.785263094038887),
("tour5-r1-p177", 106.70313172531306, 10.785252261965427),
("tour5-r1-p178", 106.70311965536993, 10.785238941441314),
("tour5-r1-p179", 106.70310460519828, 10.78522342522391),
("tour5-r1-p180", 106.7030904270367, 10.785207546426694),
("tour5-r1-p181", 106.70307716500265, 10.785192908480814),
("tour5-r1-p182", 106.70305734646219, 10.785172561733267),
("tour5-r1-p183", 106.7030484057638, 10.785162754306144),
("tour5-r1-p184", 106.70304065715884, 10.785154703432797),
("tour5-r1-p185", 106.70302426587752, 10.78513816255884),
("tour5-r1-p186", 106.70301130187066, 10.785124110132696),
("tour5-r1-p187", 106.70300593745775, 10.785118254951799),
("tour5-r1-p188", 106.70298954617634, 10.785100543034565),
("tour5-r1-p189", 106.70297002565806, 10.785079757154067),
("tour5-r1-p190", 106.70295870077783, 10.785068046790443),
("tour5-r1-p191", 106.70294901501906, 10.785057507472843),
("tour5-r1-p192", 106.70293292176494, 10.785040527449203),
("tour5-r1-p193", 106.70292249095095, 10.785029548986273),
("tour5-r1-p194", 106.702914891357, 10.785021644498348),
("tour5-r1-p195", 106.70290058624052, 10.785006713790567),
("tour5-r1-p196", 106.70288851630508, 10.784993539634536),
("tour5-r1-p197", 106.70287272107302, 10.784977291509644),
("tour5-r1-p198", 106.70285856497269, 10.784961921652664),
("tour5-r1-p199", 106.70285618078064, 10.784959286826142),
("tour5-r1-p200", 106.70284887921393, 10.784951821468269),
("tour5-r1-p201", 106.70283651124612, 10.784938647309835),
("tour5-r1-p202", 106.70282131206343, 10.784922252797967),
("tour5-r1-p203", 106.70280902549457, 10.784909087206229),
("tour5-r1-p204", 106.70279665753189, 10.784896352185452),
("tour5-r1-p205", 106.70278309747573, 10.784882299745506),
("tour5-r1-p206", 106.7027722196133, 10.78487044299516),
("tour5-r1-p207", 106.70276134177124, 10.784858439870371),
("tour5-r1-p208", 106.70274778172026, 10.784844387431162),
("tour5-r1-p209", 106.70273139667209, 10.784827125569107),
("tour5-r1-p210", 106.70271217417584, 10.784806778806853),
("tour5-r1-p211", 106.70270189236776, 10.78479565395131),
("tour5-r1-p212", 106.70268371295394, 10.784776624606039),
("tour5-r1-p213", 106.70266508650697, 10.784756716972563),
("tour5-r1-p214", 106.70264511895043, 10.784734760025597),
("tour5-r1-p215", 106.70261628978216, 10.784704733493214),
("tour5-r1-p216", 106.70259930245156, 10.784687167928212),
("tour5-r1-p217", 106.70258142105982, 10.78466769943621),
("tour5-r1-p218", 106.7025665198941, 10.784652036810202),
("tour5-r1-p219", 106.70254804245309, 10.784632129168482),
("tour5-r1-p220", 106.70253746262296, 10.78462085792987),
("tour5-r1-p221", 106.70252434960511, 10.78460709824539),
("tour5-r1-p222", 106.70250915041728, 10.784591289237088),
("tour5-r1-p223", 106.70249156705276, 10.784572552629662),
("tour5-r1-p224", 106.70247577181567, 10.784556011721174),
("tour5-r1-p225", 106.70246221175442, 10.78454093460606),
("tour5-r1-p226", 106.70244358530749, 10.784521466099557),
("tour5-r1-p227", 106.70242629994455, 10.784503022246184),
("tour5-r1-p228", 106.70241076360846, 10.784486220123753),
("tour5-r1-p229", 106.70238513360661, 10.784459286246145),
("tour5-r1-p230", 106.70237380873661, 10.784447429479146),
("tour5-r1-p231", 106.70235041391068, 10.784422398530621),
("tour5-r1-p232", 106.70233804594294, 10.784409663481691),
("tour5-r1-p233", 106.70231375706095, 10.784383607880288),
("tour5-r1-p234", 106.7022925860357, 10.784361035030217),
("tour5-r1-p235", 106.70226337975862, 10.784330295257545),
("tour5-r1-p236", 106.7022516078401, 10.784317852978381),
("tour5-r1-p237", 106.70222582882725, 10.784290479950315),
("tour5-r1-p238", 106.70220541423747, 10.78426910849409),
("tour5-r1-p239", 106.7021812743512, 10.784242906496157),
("tour5-r1-p240", 106.70216190284394, 10.78422270607373),
("tour5-r1-p241", 106.70214059418798, 10.7842004563291),
("tour5-r1-p242", 106.70212196774101, 10.784180548657481),
("tour5-r1-p243", 106.70210021204677, 10.784157713397311),
("tour5-r1-p244", 106.70209276146903, 10.784149223358966),
("tour5-r1-p245", 106.7020678765224, 10.784122728571727),
("tour5-r1-p246", 106.70205163425219, 10.784106041261634),
("tour5-r1-p247", 106.7020243651289, 10.784076765274522),
("tour5-r1-p248", 106.70200901693005, 10.784060077961884),
("tour5-r1-p249", 106.7019915825663, 10.784041634090256),
("tour5-r1-p250", 106.70197340315246, 10.784022751059124),
("tour5-r1-p251", 106.70195850199696, 10.78400664926373),
("tour5-r1-p252", 106.7019379384013, 10.783984838641477),
("tour5-r1-p253", 106.70191350050321, 10.783959075767221),
("tour5-r1-p254", 106.70189248985905, 10.783936826003085),
("tour5-r1-p255", 106.7018845922533, 10.783928335948444),
("tour5-r1-p256", 106.70186507172474, 10.783908135504884),
("tour5-r1-p257", 106.70184763736616, 10.783888959713911),
("tour5-r1-p258", 106.70183512038732, 10.783876517411452),
("tour5-r1-p259", 106.70180859631925, 10.783848119681604),
("tour5-r1-p260", 106.70179160900146, 10.78382923663831),
("tour5-r1-p261", 106.70177074738116, 10.783807426010727),
("tour5-r1-p262", 106.7017467565111, 10.783781809493282),
("tour5-r1-p263", 106.70172607622405, 10.783760251621503),
("tour5-r1-p264", 106.70170879088165, 10.783741514964829),
("tour5-r1-p265", 106.70168882333022, 10.783720436226234),
("tour5-r1-p266", 106.70166378937769, 10.783694380557609),
("tour5-r1-p267", 106.70164322577693, 10.783672423538112),
("tour5-r1-p268", 106.70162132106657, 10.783648709951661),
("tour5-r1-p269", 106.70159345589398, 10.783619287537906),
("tour5-r1-p270", 106.7015764685685, 10.783601282765591),
("tour5-r1-p271", 106.70155217967637, 10.783575666235615),
("tour5-r1-p272", 106.70153176508667, 10.783554148351463),
("tour5-r1-p273", 106.70151269160152, 10.783533508741264),
("tour5-r1-p274", 106.70149376712479, 10.783513308276218),
("tour5-r1-p275", 106.70147782288174, 10.783497206446027),
("tour5-r1-p276", 106.70146277271009, 10.783481104619998),
("tour5-r1-p277", 106.70144757352224, 10.783464710033705),
("tour5-r1-p278", 106.70142805300391, 10.783444216789555),
("tour5-r1-p279", 106.7014067443377, 10.783421527848182),
("tour5-r1-p280", 106.70139437638012, 10.78340820724551),
("tour5-r1-p281", 106.7013744088287, 10.783387421243043),
("tour5-r1-p282", 106.701353994239, 10.78336561057588),
("tour5-r1-p283", 106.70132970534684, 10.783339554868972),
("tour5-r1-p284", 106.70131271801625, 10.78332169647979),
("tour5-r1-p285", 106.70129513464407, 10.783303252557872),
("tour5-r1-p286", 106.70127919039841, 10.78328583329332),
("tour5-r1-p287", 106.70126726946891, 10.78327295182151),
("tour5-r1-p288", 106.70124447069223, 10.783249238203572),
("tour5-r1-p289", 106.70122852645432, 10.783232404460183),
("tour5-r1-p290", 106.70121213516535, 10.783214985191535),
("tour5-r1-p291", 106.70119291266657, 10.783194345560586),
("tour5-r1-p292", 106.70117518028464, 10.783175462486302),
("tour5-r1-p293", 106.70115660365465, 10.783155778648231),
("tour5-r1-p294", 106.70114095743881, 10.783139530419042),
("tour5-r1-p295", 106.70112069187037, 10.783118012493656),
("tour5-r1-p296", 106.70110489664349, 10.783101178740418),
("tour5-r1-p297", 106.70109059152705, 10.783085955177517),
("tour5-r1-p298", 106.70106540856347, 10.783059167561964),
("tour5-r1-p299", 106.70104737815812, 10.783039991714364),
("tour5-r1-p300", 106.70102323827443, 10.783014375134071),
("tour5-r1-p301", 106.70099894938738, 10.782988904921494),
("tour5-r1-p302", 106.70098106799311, 10.78297002184436),
("tour5-r1-p303", 106.70095022259203, 10.782937525365053),
("tour5-r1-p304", 106.7009247416115, 10.782910298586323),
("tour5-r1-p305", 106.70089523730209, 10.782879119530488),
("tour5-r1-p306", 106.70086185145863, 10.782843300409711),
("tour5-r1-p307", 106.70083324123084, 10.782813292399632),
("tour5-r1-p308", 106.70081565785863, 10.782793970161356),
("tour5-r1-p309", 106.70078972983481, 10.78276688974465),
("tour5-r1-p310", 106.70077140140737, 10.782747860263493),
("tour5-r1-p311", 106.70074562239708, 10.782719901572312),
("tour5-r1-p312", 106.70072809598726, 10.782701558576681),
("tour5-r1-p313", 106.70071051261765, 10.782683114616749),
("tour5-r1-p314", 106.70068622372547, 10.78265749800105),
("tour5-r1-p315", 106.70066372296583, 10.782633637959508),
("tour5-r1-p316", 106.70063734791398, 10.78260582563281),
("tour5-r1-p317", 106.7006120159394, 10.782578891589342),
("tour5-r1-p318", 106.70058534285772, 10.782550347354341),
("tour5-r1-p319", 106.7005507721601, 10.782513898550263),
("tour5-r1-p320", 106.70052916547436, 10.782491355928947),
("tour5-r1-p321", 106.70050204535191, 10.782462226162393),
("tour5-r1-p322", 106.70047100303194, 10.782429170706466),
("tour5-r1-p323", 106.70044820425532, 10.782405017881368),
("tour5-r1-p324", 106.7004285347221, 10.782383353523207),
("tour5-r1-p325", 106.70040305373132, 10.782356273079595),
("tour5-r1-p326", 106.70038457630055, 10.782335633384692),
("tour5-r1-p327", 106.70036118147212, 10.782310163129724),
("tour5-r1-p328", 106.7003380846708, 10.782284107341445),
("tour5-r1-p329", 106.7003099214736, 10.782253220981294),
("tour5-r1-p330", 106.7002816092679, 10.782221749091727),
("tour5-r1-p331", 106.70024942275715, 10.78218573940387),
("tour5-r1-p332", 106.70021857736373, 10.782151925416796),
("tour5-r1-p333", 106.70019920585388, 10.782129968279708),
("tour5-r1-p334", 106.70017551300845, 10.782104058846128),
("tour5-r1-p335", 106.70015822766347, 10.782084443801573),
("tour5-r1-p336", 106.70013930318673, 10.782063511332286),
("tour5-r1-p337", 106.70011784551463, 10.78203994399438),
("tour5-r1-p338", 106.70009474871851, 10.782014180953565),
("tour5-r1-p339", 106.70006733057906, 10.781984319233672),
("tour5-r1-p340", 106.70003886935211, 10.781952700950614),
("tour5-r1-p341", 106.70001264330865, 10.781924010273233),
("tour5-r1-p342", 106.6999864172627, 10.781894294924857),
("tour5-r1-p343", 106.69995780702469, 10.781863262134157),
("tour5-r1-p344", 106.69993320372919, 10.781835520955056),
("tour5-r1-p345", 106.69992004082059, 10.781820873526772),
("tour5-r1-p346", 106.69989634796747, 10.781794817696117),
("tour5-r1-p347", 106.69987563536078, 10.781771689488782),
("tour5-r1-p348", 106.69985685989765, 10.781751196134318),
("tour5-r1-p349", 106.69983033583216, 10.781721919905484),
("tour5-r1-p350", 106.6998079840861, 10.781697035125825),
("tour5-r1-p351", 106.69978041694327, 10.781666587852152),
("tour5-r1-p352", 106.69975448892069, 10.781637457990652),
("tour5-r1-p353", 106.69972513363001, 10.781605400519275),
("tour5-r1-p354", 106.69969592735293, 10.781572903902621),
("tour5-r1-p355", 106.69967342659841, 10.781547872724982),
("tour5-r1-p356", 106.69965196892116, 10.781524451732349),
("tour5-r1-p357", 106.69962902113224, 10.781498981398656),
("tour5-r1-p358", 106.69964669370863, 10.781482405260322),
("tour5-r1-p359", 106.6996635320205, 10.781468059899545),
("tour5-r1-p360", 106.69968022131874, 10.78145239710446),
("tour5-r1-p361", 106.69969482447269, 10.781439515559168),
("tour5-r1-p362", 106.69971106673272, 10.78142399914579),
("tour5-r1-p363", 106.6997285010964, 10.781408921868685),
("tour5-r1-p364", 106.69974101807014, 10.781397064991511),
("tour5-r1-p365", 106.69975845243899, 10.78138140219523),
("tour5-r1-p366", 106.69977946307287, 10.781362226243205),
("tour5-r1-p367", 106.69980106976118, 10.781342757533526),
("tour5-r1-p368", 106.69981611994305, 10.781329144079844),
("tour5-r1-p369", 106.69983429936204, 10.781313042140294),
("tour5-r1-p370", 106.69985769418285, 10.78129093856122),
("tour5-r1-p371", 106.69988973168513, 10.781262247815736),
("tour5-r1-p372", 106.69990908401267, 10.7812446621889),
("tour5-r1-p373", 106.6999236871512, 10.78123178062969),
("tour5-r1-p374", 106.69994708197198, 10.781210701715263),
("tour5-r1-p375", 106.69996257917677, 10.781196649105665),
("tour5-r1-p376", 106.69997241394657, 10.781187427074695),
("tour5-r1-p377", 106.69999193448024, 10.781169714923498),
("tour5-r1-p378", 106.69999849099685, 10.781163420528216),
("tour5-r1-p379", 106.70001264710227, 10.781151124491338),
("tour5-r1-p380", 106.7000376810497, 10.781128288983632),
("tour5-r1-p381", 106.70004617471503, 10.78112067715488),
("tour5-r1-p382", 106.70006927151374, 10.781099744613522),
("tour5-r1-p383", 106.70008715291067, 10.781083642656682),
("tour5-r1-p384", 106.70011844534744, 10.781055683805825),
("tour5-r1-p385", 106.70014035005784, 10.781035922314548),
("tour5-r1-p386", 106.70014690656421, 10.781030067059113);

-- tour5 - route2
INSERT INTO points (id, longitude, latitude) VALUES 
("tour5-r2-p1", 106.70014690656421, 10.781030067059113),
("tour5-r2-p2", 106.70016037395565, 10.781017094720257),
("tour5-r2-p3", 106.70017303995066, 10.781005384193458),
("tour5-r2-p4", 106.70018063953947, 10.780997918722393),
("tour5-r2-p5", 106.70020477942059, 10.780975961503605),
("tour5-r2-p6", 106.70021997860331, 10.78096190888556),
("tour5-r2-p7", 106.70023279360424, 10.780950637514458),
("tour5-r2-p8", 106.7002566354531, 10.780928094760947),
("tour5-r2-p9", 106.70026185086522, 10.780923410545887),
("tour5-r2-p10", 106.7002803283165, 10.78090672304828),
("tour5-r2-p11", 106.70030878950256, 10.780880520772596),
("tour5-r2-p12", 106.70032234957405, 10.780868371092554),
("tour5-r2-p13", 106.70035766532435, 10.780835142488899),
("tour5-r2-p14", 106.70037465264477, 10.780819479660861),
("tour5-r2-p15", 106.70040609410285, 10.780790788872924),
("tour5-r2-p16", 106.70043112804512, 10.780767514199852),
("tour5-r2-p17", 106.70046152641052, 10.78073955531963),
("tour5-r2-p18", 106.70048149396708, 10.780721111229358),
("tour5-r2-p19", 106.70050530779497, 10.780698681296812),
("tour5-r2-p20", 106.70053034175261, 10.780675553000206),
("tour5-r2-p21", 106.70054375278234, 10.78066325694591),
("tour5-r2-p22", 106.70055194841534, 10.780656377010729),
("tour5-r2-p23", 106.70056804166944, 10.780641592462333),
("tour5-r2-p24", 106.70059322463297, 10.780618025028133),
("tour5-r2-p25", 106.70060663568825, 10.7806054362093),
("tour5-r2-p26", 106.70060663568825, 10.7806054362093),
("tour5-r2-p27", 106.7006511901796, 10.78056459572122),
("tour5-r2-p28", 106.7006693695781, 10.780548200973495),
("tour5-r2-p29", 106.70069738376684, 10.780522145030133),
("tour5-r2-p30", 106.70071913946107, 10.780501944357866),
("tour5-r2-p31", 106.70074566353422, 10.780478230513982),
("tour5-r2-p32", 106.70076578010182, 10.78045920088807),
("tour5-r2-p33", 106.70078813184026, 10.780438414691933),
("tour5-r2-p34", 106.70080884445208, 10.78041997059325),
("tour5-r2-p35", 106.7008344744539, 10.780395671220635),
("tour5-r2-p36", 106.70085488904868, 10.780376934356944),
("tour5-r2-p37", 106.70088394630965, 10.780349853732755),
("tour5-r2-p38", 106.70091047036745, 10.780325115215826),
("tour5-r2-p39", 106.70092864978638, 10.780309159606293),
("tour5-r2-p40", 106.70095666397002, 10.78028325002599),
("tour5-r2-p41", 106.70098408211457, 10.78025807234975),
("tour5-r2-p42", 106.70101150025914, 10.780232455537634),
("tour5-r2-p43", 106.70102506031014, 10.780220159460221),
("tour5-r2-p44", 106.70104905118536, 10.780198202187197),
("tour5-r2-p45", 106.70106112112592, 10.780186930777447),
("tour5-r2-p46", 106.70104472984974, 10.78016804751944),
("tour5-r2-p47", 106.70102297416577, 10.780144040894148),
("tour5-r2-p48", 106.70100106946563, 10.780119887875557),
("tour5-r2-p49", 106.70097597048996, 10.780091448373959),
("tour5-r2-p50", 106.70095600293335, 10.780070222993269),
("tour5-r2-p51", 106.70093037293665, 10.780040946610942),
("tour5-r2-p52", 106.70089982555506, 10.78000771790837),
("tour5-r2-p53", 106.70087598368063, 10.779981515539319),
("tour5-r2-p54", 106.70084975763469, 10.779951799999093),
("tour5-r2-p55", 106.7008125047408, 10.779910666649418),
("tour5-r2-p56", 106.70077703997427, 10.779871436273025),
("tour5-r2-p57", 106.70073859497667, 10.779828692716181),
("tour5-r2-p58", 106.70070685550166, 10.779794000170291),
("tour5-r2-p59", 106.70067586108435, 10.779758868470863),
("tour5-r2-p60", 106.7006493370214, 10.77972973843975),
("tour5-r2-p61", 106.70062027975791, 10.779697241620532),
("tour5-r2-p62", 106.70058986365954, 10.779664015686787),
("tour5-r2-p63", 106.70055812418452, 10.779627712924682),
("tour5-r2-p64", 106.7005247455778, 10.779591410163215),
("tour5-r2-p65", 106.70048734366003, 10.779549837639546),
("tour5-r2-p66", 106.70045709430568, 10.779516316119501),
("tour5-r2-p67", 106.70042565285526, 10.77948118439772),
("tour5-r2-p68", 106.7003962975671, 10.779449126691595),
("tour5-r2-p69", 106.70037752210399, 10.779428047652297),
("tour5-r2-p70", 106.70035263716765, 10.779400088632528),
("tour5-r2-p71", 106.70032596408852, 10.779370812190038),
("tour5-r2-p72", 106.70029824793468, 10.779340071912547),
("tour5-r2-p73", 106.70024445474338, 10.77928020156233),
("tour5-r2-p74", 106.70022016584866, 10.779254731043693),
("tour5-r2-p75", 106.70017874061742, 10.779210377204826),
("tour5-r2-p76", 106.70015132248052, 10.779181393502407),
("tour5-r2-p77", 106.70011287748298, 10.779140845577128),
("tour5-r2-p78", 106.70007905045368, 10.779104340588157),
("tour5-r2-p79", 106.70003688016729, 10.77905940119472),
("tour5-r2-p80", 106.70000305452996, 10.779023244746554),
("tour5-r2-p81", 106.69997384825548, 10.77899177252921),
("tour5-r2-p82", 106.699937936461, 10.778953713093234),
("tour5-r2-p83", 106.69991679544822, 10.778930328500458),
("tour5-r2-p84", 106.69988863224843, 10.778899734559893),
("tour5-r2-p85", 106.69986419434007, 10.778872361038893),
("tour5-r2-p86", 106.69984214091777, 10.778848757625608),
("tour5-r2-p87", 106.69980682516746, 10.778809380721302),
("tour5-r2-p88", 106.6997829833135, 10.77878273909947),
("tour5-r2-p89", 106.69975467110531, 10.778751413238975),
("tour5-r2-p90", 106.69972725296842, 10.77872067290323),
("tour5-r2-p91", 106.69970221901852, 10.778693152978905),
("tour5-r2-p92", 106.69968389059363, 10.778673537712002),
("tour5-r2-p93", 106.69965781356127, 10.778644407570816),
("tour5-r2-p94", 106.69962085868434, 10.778603859585768),
("tour5-r2-p95", 106.69959239746757, 10.778571509027055),
("tour5-r2-p96", 106.69954694892539, 10.778521592547447),
("tour5-r2-p97", 106.69951133515555, 10.778482361992497),
("tour5-r2-p98", 106.69947423125994, 10.778440642928448),
("tour5-r2-p99", 106.69942997481124, 10.778392483008137),
("tour5-r2-p100", 106.69939301992922, 10.778351788617003),
("tour5-r2-p101", 106.69937640529758, 10.778333855278394),
("tour5-r2-p102", 106.6993492851802, 10.778303114894992),
("tour5-r2-p103", 106.69932171803482, 10.778273252806828),
("tour5-r2-p104", 106.6993033896048, 10.778252320072436),
("tour5-r2-p105", 106.69927388530569, 10.778219969475938),
("tour5-r2-p106", 106.69925714009442, 10.778201409716257),
("tour5-r2-p107", 106.69923046701788, 10.77817198676233),
("tour5-r2-p108", 106.69920242012215, 10.77814113772394),
("tour5-r2-p109", 106.69916933954777, 10.778104834773101),
("tour5-r2-p110", 106.6991334277405, 10.778065457784027),
("tour5-r2-p111", 106.6990961748415, 10.778024324184043),
("tour5-r2-p112", 106.69906801163924, 10.77799270546983),
("tour5-r2-p113", 106.69903046071815, 10.777951132725317),
("tour5-r2-p114", 106.69898665129739, 10.777903411888975),
("tour5-r2-p115", 106.6989489513512, 10.777861985499479),
("tour5-r2-p116", 106.6989055889751, 10.777814557408872),
("tour5-r2-p117", 106.69885879932649, 10.777762445051552),
("tour5-r2-p118", 106.69882601677797, 10.77779303910771),
("tour5-r2-p119", 106.69878101526372, 10.77783505103142),
("tour5-r2-p120", 106.69875046788208, 10.77786388847603),
("tour5-r2-p121", 106.69871962247971, 10.777892140398286),
("tour5-r2-p122", 106.69868892608582, 10.777920685087711),
("tour5-r2-p123", 106.69865405736603, 10.777952742951605),
("tour5-r2-p124", 106.69861531434888, 10.777988753161086),
("tour5-r2-p125", 106.69857955156031, 10.778021689316848),
("tour5-r2-p126", 106.6985406595271, 10.778058577800742),
("tour5-r2-p127", 106.69850012837998, 10.778095612669972),
("tour5-r2-p128", 106.69846695164011, 10.778125846407208),
("tour5-r2-p129", 106.69843729831966, 10.778153219996096),
("tour5-r2-p130", 106.69840973116919, 10.778178836992735),
("tour5-r2-p131", 106.69836726285806, 10.778216310997689),
("tour5-r2-p132", 106.69833820559712, 10.778243391808857),
("tour5-r2-p133", 106.69830572106174, 10.778272375609134),
("tour5-r2-p134", 106.69827711082888, 10.77829828535755),
("tour5-r2-p135", 106.69824909664523, 10.778323755959631),
("tour5-r2-p136", 106.69821661210983, 10.778353325278424),
("tour5-r2-p137", 106.69818502164583, 10.778381869916565),
("tour5-r2-p138", 106.69814225532284, 10.778420222191682),
("tour5-r2-p139", 106.69810172415269, 10.778457257017669),
("tour5-r2-p140", 106.69806819654005, 10.778487411856846),
("tour5-r2-p141", 106.6980377981695, 10.778515370941284),
("tour5-r2-p142", 106.69800412154576, 10.778545379387518),
("tour5-r2-p143", 106.69798057771135, 10.778566751250294),
("tour5-r2-p144", 106.6979482421896, 10.77859646692979),
("tour5-r2-p145", 106.69791605567883, 10.778624865157788),
("tour5-r2-p146", 106.69789087271789, 10.77864784723249),
("tour5-r2-p147", 106.69785853719361, 10.778677270129855),
("tour5-r2-p148", 106.69782545661916, 10.778707424944477),
("tour5-r2-p149", 106.697789395806, 10.778740653785594),
("tour5-r2-p150", 106.69774782156627, 10.778779737922372),
("tour5-r2-p151", 106.69772245368573, 10.778802973393367),
("tour5-r2-p152", 106.69769101222764, 10.778832396278084),
("tour5-r2-p153", 106.69766046484607, 10.778860208951043),
("tour5-r2-p154", 106.69762976845857, 10.77888919268187),
("tour5-r2-p155", 106.6975843199189, 10.778931350836988),
("tour5-r2-p156", 106.69755749782617, 10.778955650322807),
("tour5-r2-p157", 106.6975151785312, 10.778995612735487),
("tour5-r2-p158", 106.69747718057188, 10.779030598127083),
("tour5-r2-p159", 106.69745274266356, 10.779053433786425),
("tour5-r2-p160", 106.69741489371526, 10.77908695535049),
("tour5-r2-p161", 106.69738583644923, 10.779114328851962),
("tour5-r2-p162", 106.6973503716904, 10.779146825751724),
("tour5-r2-p163", 106.69731699308112, 10.779177419657112),
("tour5-r2-p164", 106.69728406151515, 10.779208159951216),
("tour5-r2-p165", 106.69725470622451, 10.779235972589456),
("tour5-r2-p166", 106.69721328099452, 10.779273300076026),
("tour5-r2-p167", 106.6971867569226, 10.77929833145544),
("tour5-r2-p168", 106.69714070933969, 10.779340766546605),
("tour5-r2-p169", 106.69709809202776, 10.779379704228791),
("tour5-r2-p170", 106.69705204743627, 10.779422301452662),
("tour5-r2-p171", 106.69700943010646, 10.779462117416704),
("tour5-r2-p172", 106.69696368353452, 10.77950398272202),
("tour5-r2-p173", 106.69692091720127, 10.779543652292393),
("tour5-r2-p174", 106.69687457459024, 10.779585956739934),
("tour5-r2-p175", 106.69683925884247, 10.779618746349389),
("tour5-r2-p176", 106.69681616123093, 10.779594731050965),
("tour5-r2-p177", 106.69679246836758, 10.779569114172338),
("tour5-r2-p178", 106.69677473598182, 10.779551109175246),
("tour5-r2-p179", 106.69675149017205, 10.779526663345836),
("tour5-r2-p180", 106.69673450284147, 10.779509536635954),
("tour5-r2-p181", 106.69671542935625, 10.779488750364159),
("tour5-r2-p182", 106.6967027633664, 10.779475283198193),
("tour5-r2-p183", 106.69667206697376, 10.779443811028125),
("tour5-r2-p184", 106.69664390378169, 10.779414241821506),
("tour5-r2-p185", 106.69662140302718, 10.779389795996064),
("tour5-r2-p186", 106.69659607103978, 10.77936315442811),
("tour5-r2-p187", 106.6965615003447, 10.779327876296682),
("tour5-r2-p188", 106.69653795651286, 10.779302552163813),
("tour5-r2-p189", 106.6964948921525, 10.779257466418235),
("tour5-r2-p190", 106.69645465901982, 10.779215454698106),
("tour5-r2-p191", 106.69641159466194, 10.779170515316235),
("tour5-r2-p192", 106.69637165955137, 10.779127918051701),
("tour5-r2-p193", 106.69632829717142, 10.779082832269891),
("tour5-r2-p194", 106.6962880640388, 10.779040674143538),
("tour5-r2-p195", 106.69624485066352, 10.778996320258031),
("tour5-r2-p196", 106.6962043195023, 10.77895460127529),
("tour5-r2-p197", 106.69616170218404, 10.77890951547255),
("tour5-r2-p198", 106.69612146904754, 10.778867503698823),
("tour5-r2-p199", 106.69608809044205, 10.77883339655486),
("tour5-r2-p200", 106.69606141736804, 10.778804851962049),
("tour5-r2-p201", 106.69603802254471, 10.77878084522298),
("tour5-r2-p202", 106.69599510719789, 10.77873619855528),
("tour5-r2-p203", 106.69596925512623, 10.7787081628153),
("tour5-r2-p204", 106.69594735041842, 10.778686351803925),
("tour5-r2-p205", 106.69596791401659, 10.778667614828777),
("tour5-r2-p206", 106.69598549738623, 10.778651805510892),
("tour5-r2-p207", 106.69598698750177, 10.778650195300902),
("tour5-r2-p208", 106.69600099459105, 10.778637606392223),
("tour5-r2-p209", 106.69601678981279, 10.778623260895841),
("tour5-r2-p210", 106.69602975381959, 10.778611403906394),
("tour5-r2-p211", 106.69603973760557, 10.778602913706502),
("tour5-r2-p212", 106.6960574032801, 10.778587017304382),
("tour5-r2-p213", 106.69607692379837, 10.778569158623085),
("tour5-r2-p214", 106.69608035106774, 10.778566084584265),
("tour5-r2-p215", 106.6960825862385, 10.778563888847998),
("tour5-r2-p216", 106.69609897751978, 10.778548665050524),
("tour5-r2-p217", 106.69611402769144, 10.778535929763038),
("tour5-r2-p218", 106.69613762821737, 10.778514536270494),
("tour5-r2-p219", 106.69615863886146, 10.778494628227705),
("tour5-r2-p220", 106.69616757955477, 10.77848730909156),
("tour5-r2-p221", 106.6961808415837, 10.77847574485347),
("tour5-r2-p222", 106.69618918623281, 10.778467547429106),
("tour5-r2-p223", 106.69620691862374, 10.778451591716065),
("tour5-r2-p224", 106.69622852530689, 10.778432561962015),
("tour5-r2-p225", 106.69624744978618, 10.778415142415502),
("tour5-r2-p226", 106.69626190390345, 10.778402114358036),
("tour5-r2-p227", 106.69626190389324, 10.778402699886676),
("tour5-r2-p228", 106.69628216946678, 10.77838381651674),
("tour5-r2-p229", 106.69629453743966, 10.778372837810917),
("tour5-r2-p230", 106.69631793227069, 10.778351465926832),
("tour5-r2-p231", 106.69633536661908, 10.778335510207647),
("tour5-r2-p232", 106.69635116184088, 10.77832175022567),
("tour5-r2-p233", 106.69636814916124, 10.77830608726429),
("tour5-r2-p234", 106.69638454044767, 10.778291595372409),
("tour5-r2-p235", 106.69639899457518, 10.77827812816292),
("tour5-r2-p236", 106.69642134631357, 10.77825836649427),
("tour5-r2-p237", 106.69643535338234, 10.778245338424986),
("tour5-r2-p238", 106.69644861541127, 10.778233774180126),
("tour5-r2-p239", 106.69647123756627, 10.77821261406292),
("tour5-r2-p240", 106.69649656953575, 10.77819065664341),
("tour5-r2-p241", 106.69650759639389, 10.778180702608964),
("tour5-r2-p242", 106.69651519598268, 10.778173529847452),
("tour5-r2-p243", 106.69648151939494, 10.778144271516211),
("tour5-r2-p244", 106.69645082299208, 10.778117483460736),
("tour5-r2-p245", 106.69641535821022, 10.778086450295621),
("tour5-r2-p246", 106.69636618438165, 10.778043852877659),
("tour5-r2-p247", 106.69632908048861, 10.778011648631065),
("tour5-r2-p248", 106.69630538764318, 10.777990715873441),
("tour5-r2-p249", 106.69627901258872, 10.777968319285602),
("tour5-r2-p250", 106.69630650045812, 10.77793845434275),
("tour5-r2-p251", 106.6963282561523, 10.777914740301886),
("tour5-r2-p252", 106.69633764388385, 10.777904639880935),
("tour5-r2-p253", 106.69636237981425, 10.777868044134225),
("tour5-r2-p254", 106.69637936714486, 10.777841109656649),
("tour5-r2-p255", 106.69639009598092, 10.777818127527905),
("tour5-r2-p256", 106.69640350702599, 10.777788850926488),
("tour5-r2-p257", 106.69641572596227, 10.777762355599304),
("tour5-r2-p258", 106.69642690182633, 10.777723271327886),
("tour5-r2-p259", 106.696437034608, 10.777688139396787),
("tour5-r2-p260", 106.69644016384508, 10.777652568301454),
("tour5-r2-p261", 106.69644239901581, 10.77761977849286),
("tour5-r2-p262", 106.69643703459775, 10.777565177588084),
("tour5-r2-p263", 106.69642839192657, 10.77751760305806),
("tour5-r2-p264", 106.69642064332163, 10.777483934939111),
("tour5-r2-p265", 106.69641200064018, 10.777452608953482),
("tour5-r2-p266", 106.69638353942342, 10.777382491401648),
("tour5-r2-p267", 106.69635761140972, 10.777337112603082),
("tour5-r2-p268", 106.69634405133314, 10.777314130435851),
("tour5-r2-p269", 106.69631126878079, 10.777276363553133),
("tour5-r2-p270", 106.69625479337533, 10.777233034101847),
("tour5-r2-p271", 106.69619846698347, 10.777202147213204),
("tour5-r2-p272", 106.69615540263585, 10.77718048249555),
("tour5-r2-p273", 106.69610503671385, 10.777159110526798),
("tour5-r2-p274", 106.69602337833459, 10.777140519839365),
("tour5-r2-p275", 106.69595572706511, 10.777136860254842),
("tour5-r2-p276", 106.6958809232322, 10.777133786201404),
("tour5-r2-p277", 106.69583696480052, 10.777176091002763),
("tour5-r2-p278", 106.69578540677482, 10.77722586132278),
("tour5-r2-p279", 106.69574308746964, 10.777267287789767),
("tour5-r2-p280", 106.69569525472515, 10.7773129593718);

-- tour
INSERT INTO tours 
(id, name, price, date_start, total_time, description, thumbnail_img, center_point_id, zoom_val, admin_id)
VALUES
("tour5", "Tour Bảo tàng lịch sử Tp.HCM - đường sách Nguyễn Văn Bình - Dinh Độc Lập", 2500000, "2024-12-12", "4 ngày 3 đêm", "Tour tham quan 3 điểm đến nổi tiếng tại Thành phố Hồ Chí Minh", "https://static.hotdeal.vn/images/1598/1598345/500x500/356818-tour-sai-gon-city-tour-1-ngay-dinh-doc-lap-nha-tho-duc-ba-buu-dien-thanh-pho-cho-ben-thanh-khoi-hanh-hang-ngay-ko-phu-thu-cuoi-tuan.jpg", "tour5-center", 16, 1);

-- route 
INSERT INTO routes (id, name, description, tour_id) VALUES 
("tour5-route1", "Đường đi từ Bảo tàng lịch sử Tp.HCM đến đường sách Nguyễn Văn Bình", "Đường đi từ Bảo tàng lịch sử Tp.HCM đến đường sách Nguyễn Văn Bình", "tour5"),
("tour5-route2", "Đường đi từ đường sách Nguyễn Văn Bình đến Dinh Độc Lập", "Đường đi từ đường sách Nguyễn Văn Bình đến Dinh Độc Lập", "tour5");

-- route point
INSERT INTO route_points (route_id, point_id) VALUES 
("tour5-route1", "tour5-r1-p1"),
("tour5-route1", "tour5-r1-p2"),
("tour5-route1", "tour5-r1-p3"),
("tour5-route1", "tour5-r1-p4"),
("tour5-route1", "tour5-r1-p5"),
("tour5-route1", "tour5-r1-p6"),
("tour5-route1", "tour5-r1-p7"),
("tour5-route1", "tour5-r1-p8"),
("tour5-route1", "tour5-r1-p9"),
("tour5-route1", "tour5-r1-p10"),
("tour5-route1", "tour5-r1-p11"),
("tour5-route1", "tour5-r1-p12"),
("tour5-route1", "tour5-r1-p13"),
("tour5-route1", "tour5-r1-p14"),
("tour5-route1", "tour5-r1-p15"),
("tour5-route1", "tour5-r1-p16"),
("tour5-route1", "tour5-r1-p17"),
("tour5-route1", "tour5-r1-p18"),
("tour5-route1", "tour5-r1-p19"),
("tour5-route1", "tour5-r1-p20"),
("tour5-route1", "tour5-r1-p21"),
("tour5-route1", "tour5-r1-p22"),
("tour5-route1", "tour5-r1-p23"),
("tour5-route1", "tour5-r1-p24"),
("tour5-route1", "tour5-r1-p25"),
("tour5-route1", "tour5-r1-p26"),
("tour5-route1", "tour5-r1-p27"),
("tour5-route1", "tour5-r1-p28"),
("tour5-route1", "tour5-r1-p29"),
("tour5-route1", "tour5-r1-p30"),
("tour5-route1", "tour5-r1-p31"),
("tour5-route1", "tour5-r1-p32"),
("tour5-route1", "tour5-r1-p33"),
("tour5-route1", "tour5-r1-p34"),
("tour5-route1", "tour5-r1-p35"),
("tour5-route1", "tour5-r1-p36"),
("tour5-route1", "tour5-r1-p37"),
("tour5-route1", "tour5-r1-p38"),
("tour5-route1", "tour5-r1-p39"),
("tour5-route1", "tour5-r1-p40"),
("tour5-route1", "tour5-r1-p41"),
("tour5-route1", "tour5-r1-p42"),
("tour5-route1", "tour5-r1-p43"),
("tour5-route1", "tour5-r1-p44"),
("tour5-route1", "tour5-r1-p45"),
("tour5-route1", "tour5-r1-p46"),
("tour5-route1", "tour5-r1-p47"),
("tour5-route1", "tour5-r1-p48"),
("tour5-route1", "tour5-r1-p49"),
("tour5-route1", "tour5-r1-p50"),
("tour5-route1", "tour5-r1-p51"),
("tour5-route1", "tour5-r1-p52"),
("tour5-route1", "tour5-r1-p53"),
("tour5-route1", "tour5-r1-p54"),
("tour5-route1", "tour5-r1-p55"),
("tour5-route1", "tour5-r1-p56"),
("tour5-route1", "tour5-r1-p57"),
("tour5-route1", "tour5-r1-p58"),
("tour5-route1", "tour5-r1-p59"),
("tour5-route1", "tour5-r1-p60"),
("tour5-route1", "tour5-r1-p61"),
("tour5-route1", "tour5-r1-p62"),
("tour5-route1", "tour5-r1-p63"),
("tour5-route1", "tour5-r1-p64"),
("tour5-route1", "tour5-r1-p65"),
("tour5-route1", "tour5-r1-p66"),
("tour5-route1", "tour5-r1-p67"),
("tour5-route1", "tour5-r1-p68"),
("tour5-route1", "tour5-r1-p69"),
("tour5-route1", "tour5-r1-p70"),
("tour5-route1", "tour5-r1-p71"),
("tour5-route1", "tour5-r1-p72"),
("tour5-route1", "tour5-r1-p73"),
("tour5-route1", "tour5-r1-p74"),
("tour5-route1", "tour5-r1-p75"),
("tour5-route1", "tour5-r1-p76"),
("tour5-route1", "tour5-r1-p77"),
("tour5-route1", "tour5-r1-p78"),
("tour5-route1", "tour5-r1-p79"),
("tour5-route1", "tour5-r1-p80"),
("tour5-route1", "tour5-r1-p81"),
("tour5-route1", "tour5-r1-p82"),
("tour5-route1", "tour5-r1-p83"),
("tour5-route1", "tour5-r1-p84"),
("tour5-route1", "tour5-r1-p85"),
("tour5-route1", "tour5-r1-p86"),
("tour5-route1", "tour5-r1-p87"),
("tour5-route1", "tour5-r1-p88"),
("tour5-route1", "tour5-r1-p89"),
("tour5-route1", "tour5-r1-p90"),
("tour5-route1", "tour5-r1-p91"),
("tour5-route1", "tour5-r1-p92"),
("tour5-route1", "tour5-r1-p93"),
("tour5-route1", "tour5-r1-p94"),
("tour5-route1", "tour5-r1-p95"),
("tour5-route1", "tour5-r1-p96"),
("tour5-route1", "tour5-r1-p97"),
("tour5-route1", "tour5-r1-p98"),
("tour5-route1", "tour5-r1-p99"),
("tour5-route1", "tour5-r1-p100"),
("tour5-route1", "tour5-r1-p101"),
("tour5-route1", "tour5-r1-p102"),
("tour5-route1", "tour5-r1-p103"),
("tour5-route1", "tour5-r1-p104"),
("tour5-route1", "tour5-r1-p105"),
("tour5-route1", "tour5-r1-p106"),
("tour5-route1", "tour5-r1-p107"),
("tour5-route1", "tour5-r1-p108"),
("tour5-route1", "tour5-r1-p109"),
("tour5-route1", "tour5-r1-p110"),
("tour5-route1", "tour5-r1-p111"),
("tour5-route1", "tour5-r1-p112"),
("tour5-route1", "tour5-r1-p113"),
("tour5-route1", "tour5-r1-p114"),
("tour5-route1", "tour5-r1-p115"),
("tour5-route1", "tour5-r1-p116"),
("tour5-route1", "tour5-r1-p117"),
("tour5-route1", "tour5-r1-p118"),
("tour5-route1", "tour5-r1-p119"),
("tour5-route1", "tour5-r1-p120"),
("tour5-route1", "tour5-r1-p121"),
("tour5-route1", "tour5-r1-p122"),
("tour5-route1", "tour5-r1-p123"),
("tour5-route1", "tour5-r1-p124"),
("tour5-route1", "tour5-r1-p125"),
("tour5-route1", "tour5-r1-p126"),
("tour5-route1", "tour5-r1-p127"),
("tour5-route1", "tour5-r1-p128"),
("tour5-route1", "tour5-r1-p129"),
("tour5-route1", "tour5-r1-p130"),
("tour5-route1", "tour5-r1-p131"),
("tour5-route1", "tour5-r1-p132"),
("tour5-route1", "tour5-r1-p133"),
("tour5-route1", "tour5-r1-p134"),
("tour5-route1", "tour5-r1-p135"),
("tour5-route1", "tour5-r1-p136"),
("tour5-route1", "tour5-r1-p137"),
("tour5-route1", "tour5-r1-p138"),
("tour5-route1", "tour5-r1-p139"),
("tour5-route1", "tour5-r1-p140"),
("tour5-route1", "tour5-r1-p141"),
("tour5-route1", "tour5-r1-p142"),
("tour5-route1", "tour5-r1-p143"),
("tour5-route1", "tour5-r1-p144"),
("tour5-route1", "tour5-r1-p145"),
("tour5-route1", "tour5-r1-p146"),
("tour5-route1", "tour5-r1-p147"),
("tour5-route1", "tour5-r1-p148"),
("tour5-route1", "tour5-r1-p149"),
("tour5-route1", "tour5-r1-p150"),
("tour5-route1", "tour5-r1-p151"),
("tour5-route1", "tour5-r1-p152"),
("tour5-route1", "tour5-r1-p153"),
("tour5-route1", "tour5-r1-p154"),
("tour5-route1", "tour5-r1-p155"),
("tour5-route1", "tour5-r1-p156"),
("tour5-route1", "tour5-r1-p157"),
("tour5-route1", "tour5-r1-p158"),
("tour5-route1", "tour5-r1-p159"),
("tour5-route1", "tour5-r1-p160"),
("tour5-route1", "tour5-r1-p161"),
("tour5-route1", "tour5-r1-p162"),
("tour5-route1", "tour5-r1-p163"),
("tour5-route1", "tour5-r1-p164"),
("tour5-route1", "tour5-r1-p165"),
("tour5-route1", "tour5-r1-p166"),
("tour5-route1", "tour5-r1-p167"),
("tour5-route1", "tour5-r1-p168"),
("tour5-route1", "tour5-r1-p169"),
("tour5-route1", "tour5-r1-p170"),
("tour5-route1", "tour5-r1-p171"),
("tour5-route1", "tour5-r1-p172"),
("tour5-route1", "tour5-r1-p173"),
("tour5-route1", "tour5-r1-p174"),
("tour5-route1", "tour5-r1-p175"),
("tour5-route1", "tour5-r1-p176"),
("tour5-route1", "tour5-r1-p177"),
("tour5-route1", "tour5-r1-p178"),
("tour5-route1", "tour5-r1-p179"),
("tour5-route1", "tour5-r1-p180"),
("tour5-route1", "tour5-r1-p181"),
("tour5-route1", "tour5-r1-p182"),
("tour5-route1", "tour5-r1-p183"),
("tour5-route1", "tour5-r1-p184"),
("tour5-route1", "tour5-r1-p185"),
("tour5-route1", "tour5-r1-p186"),
("tour5-route1", "tour5-r1-p187"),
("tour5-route1", "tour5-r1-p188"),
("tour5-route1", "tour5-r1-p189"),
("tour5-route1", "tour5-r1-p190"),
("tour5-route1", "tour5-r1-p191"),
("tour5-route1", "tour5-r1-p192"),
("tour5-route1", "tour5-r1-p193"),
("tour5-route1", "tour5-r1-p194"),
("tour5-route1", "tour5-r1-p195"),
("tour5-route1", "tour5-r1-p196"),
("tour5-route1", "tour5-r1-p197"),
("tour5-route1", "tour5-r1-p198"),
("tour5-route1", "tour5-r1-p199"),
("tour5-route1", "tour5-r1-p200"),
("tour5-route1", "tour5-r1-p201"),
("tour5-route1", "tour5-r1-p202"),
("tour5-route1", "tour5-r1-p203"),
("tour5-route1", "tour5-r1-p204"),
("tour5-route1", "tour5-r1-p205"),
("tour5-route1", "tour5-r1-p206"),
("tour5-route1", "tour5-r1-p207"),
("tour5-route1", "tour5-r1-p208"),
("tour5-route1", "tour5-r1-p209"),
("tour5-route1", "tour5-r1-p210"),
("tour5-route1", "tour5-r1-p211"),
("tour5-route1", "tour5-r1-p212"),
("tour5-route1", "tour5-r1-p213"),
("tour5-route1", "tour5-r1-p214"),
("tour5-route1", "tour5-r1-p215"),
("tour5-route1", "tour5-r1-p216"),
("tour5-route1", "tour5-r1-p217"),
("tour5-route1", "tour5-r1-p218"),
("tour5-route1", "tour5-r1-p219"),
("tour5-route1", "tour5-r1-p220"),
("tour5-route1", "tour5-r1-p221"),
("tour5-route1", "tour5-r1-p222"),
("tour5-route1", "tour5-r1-p223"),
("tour5-route1", "tour5-r1-p224"),
("tour5-route1", "tour5-r1-p225"),
("tour5-route1", "tour5-r1-p226"),
("tour5-route1", "tour5-r1-p227"),
("tour5-route1", "tour5-r1-p228"),
("tour5-route1", "tour5-r1-p229"),
("tour5-route1", "tour5-r1-p230"),
("tour5-route1", "tour5-r1-p231"),
("tour5-route1", "tour5-r1-p232"),
("tour5-route1", "tour5-r1-p233"),
("tour5-route1", "tour5-r1-p234"),
("tour5-route1", "tour5-r1-p235"),
("tour5-route1", "tour5-r1-p236"),
("tour5-route1", "tour5-r1-p237"),
("tour5-route1", "tour5-r1-p238"),
("tour5-route1", "tour5-r1-p239"),
("tour5-route1", "tour5-r1-p240"),
("tour5-route1", "tour5-r1-p241"),
("tour5-route1", "tour5-r1-p242"),
("tour5-route1", "tour5-r1-p243"),
("tour5-route1", "tour5-r1-p244"),
("tour5-route1", "tour5-r1-p245"),
("tour5-route1", "tour5-r1-p246"),
("tour5-route1", "tour5-r1-p247"),
("tour5-route1", "tour5-r1-p248"),
("tour5-route1", "tour5-r1-p249"),
("tour5-route1", "tour5-r1-p250"),
("tour5-route1", "tour5-r1-p251"),
("tour5-route1", "tour5-r1-p252"),
("tour5-route1", "tour5-r1-p253"),
("tour5-route1", "tour5-r1-p254"),
("tour5-route1", "tour5-r1-p255"),
("tour5-route1", "tour5-r1-p256"),
("tour5-route1", "tour5-r1-p257"),
("tour5-route1", "tour5-r1-p258"),
("tour5-route1", "tour5-r1-p259"),
("tour5-route1", "tour5-r1-p260"),
("tour5-route1", "tour5-r1-p261"),
("tour5-route1", "tour5-r1-p262"),
("tour5-route1", "tour5-r1-p263"),
("tour5-route1", "tour5-r1-p264"),
("tour5-route1", "tour5-r1-p265"),
("tour5-route1", "tour5-r1-p266"),
("tour5-route1", "tour5-r1-p267"),
("tour5-route1", "tour5-r1-p268"),
("tour5-route1", "tour5-r1-p269"),
("tour5-route1", "tour5-r1-p270"),
("tour5-route1", "tour5-r1-p271"),
("tour5-route1", "tour5-r1-p272"),
("tour5-route1", "tour5-r1-p273"),
("tour5-route1", "tour5-r1-p274"),
("tour5-route1", "tour5-r1-p275"),
("tour5-route1", "tour5-r1-p276"),
("tour5-route1", "tour5-r1-p277"),
("tour5-route1", "tour5-r1-p278"),
("tour5-route1", "tour5-r1-p279"),
("tour5-route1", "tour5-r1-p280"),
("tour5-route1", "tour5-r1-p281"),
("tour5-route1", "tour5-r1-p282"),
("tour5-route1", "tour5-r1-p283"),
("tour5-route1", "tour5-r1-p284"),
("tour5-route1", "tour5-r1-p285"),
("tour5-route1", "tour5-r1-p286"),
("tour5-route1", "tour5-r1-p287"),
("tour5-route1", "tour5-r1-p288"),
("tour5-route1", "tour5-r1-p289"),
("tour5-route1", "tour5-r1-p290"),
("tour5-route1", "tour5-r1-p291"),
("tour5-route1", "tour5-r1-p292"),
("tour5-route1", "tour5-r1-p293"),
("tour5-route1", "tour5-r1-p294"),
("tour5-route1", "tour5-r1-p295"),
("tour5-route1", "tour5-r1-p296"),
("tour5-route1", "tour5-r1-p297"),
("tour5-route1", "tour5-r1-p298"),
("tour5-route1", "tour5-r1-p299"),
("tour5-route1", "tour5-r1-p300"),
("tour5-route1", "tour5-r1-p301"),
("tour5-route1", "tour5-r1-p302"),
("tour5-route1", "tour5-r1-p303"),
("tour5-route1", "tour5-r1-p304"),
("tour5-route1", "tour5-r1-p305"),
("tour5-route1", "tour5-r1-p306"),
("tour5-route1", "tour5-r1-p307"),
("tour5-route1", "tour5-r1-p308"),
("tour5-route1", "tour5-r1-p309"),
("tour5-route1", "tour5-r1-p310"),
("tour5-route1", "tour5-r1-p311"),
("tour5-route1", "tour5-r1-p312"),
("tour5-route1", "tour5-r1-p313"),
("tour5-route1", "tour5-r1-p314"),
("tour5-route1", "tour5-r1-p315"),
("tour5-route1", "tour5-r1-p316"),
("tour5-route1", "tour5-r1-p317"),
("tour5-route1", "tour5-r1-p318"),
("tour5-route1", "tour5-r1-p319"),
("tour5-route1", "tour5-r1-p320"),
("tour5-route1", "tour5-r1-p321"),
("tour5-route1", "tour5-r1-p322"),
("tour5-route1", "tour5-r1-p323"),
("tour5-route1", "tour5-r1-p324"),
("tour5-route1", "tour5-r1-p325"),
("tour5-route1", "tour5-r1-p326"),
("tour5-route1", "tour5-r1-p327"),
("tour5-route1", "tour5-r1-p328"),
("tour5-route1", "tour5-r1-p329"),
("tour5-route1", "tour5-r1-p330"),
("tour5-route1", "tour5-r1-p331"),
("tour5-route1", "tour5-r1-p332"),
("tour5-route1", "tour5-r1-p333"),
("tour5-route1", "tour5-r1-p334"),
("tour5-route1", "tour5-r1-p335"),
("tour5-route1", "tour5-r1-p336"),
("tour5-route1", "tour5-r1-p337"),
("tour5-route1", "tour5-r1-p338"),
("tour5-route1", "tour5-r1-p339"),
("tour5-route1", "tour5-r1-p340"),
("tour5-route1", "tour5-r1-p341"),
("tour5-route1", "tour5-r1-p342"),
("tour5-route1", "tour5-r1-p343"),
("tour5-route1", "tour5-r1-p344"),
("tour5-route1", "tour5-r1-p345"),
("tour5-route1", "tour5-r1-p346"),
("tour5-route1", "tour5-r1-p347"),
("tour5-route1", "tour5-r1-p348"),
("tour5-route1", "tour5-r1-p349"),
("tour5-route1", "tour5-r1-p350"),
("tour5-route1", "tour5-r1-p351"),
("tour5-route1", "tour5-r1-p352"),
("tour5-route1", "tour5-r1-p353"),
("tour5-route1", "tour5-r1-p354"),
("tour5-route1", "tour5-r1-p355"),
("tour5-route1", "tour5-r1-p356"),
("tour5-route1", "tour5-r1-p357"),
("tour5-route1", "tour5-r1-p358"),
("tour5-route1", "tour5-r1-p359"),
("tour5-route1", "tour5-r1-p360"),
("tour5-route1", "tour5-r1-p361"),
("tour5-route1", "tour5-r1-p362"),
("tour5-route1", "tour5-r1-p363"),
("tour5-route1", "tour5-r1-p364"),
("tour5-route1", "tour5-r1-p365"),
("tour5-route1", "tour5-r1-p366"),
("tour5-route1", "tour5-r1-p367"),
("tour5-route1", "tour5-r1-p368"),
("tour5-route1", "tour5-r1-p369"),
("tour5-route1", "tour5-r1-p370"),
("tour5-route1", "tour5-r1-p371"),
("tour5-route1", "tour5-r1-p372"),
("tour5-route1", "tour5-r1-p373"),
("tour5-route1", "tour5-r1-p374"),
("tour5-route1", "tour5-r1-p375"),
("tour5-route1", "tour5-r1-p376"),
("tour5-route1", "tour5-r1-p377"),
("tour5-route1", "tour5-r1-p378"),
("tour5-route1", "tour5-r1-p379"),
("tour5-route1", "tour5-r1-p380"),
("tour5-route1", "tour5-r1-p381"),
("tour5-route1", "tour5-r1-p382"),
("tour5-route1", "tour5-r1-p383"),
("tour5-route1", "tour5-r1-p384"),
("tour5-route1", "tour5-r1-p385"),
("tour5-route1", "tour5-r1-p386"),
("tour5-route2", "tour5-r2-p1"),
("tour5-route2", "tour5-r2-p2"),
("tour5-route2", "tour5-r2-p3"),
("tour5-route2", "tour5-r2-p4"),
("tour5-route2", "tour5-r2-p5"),
("tour5-route2", "tour5-r2-p6"),
("tour5-route2", "tour5-r2-p7"),
("tour5-route2", "tour5-r2-p8"),
("tour5-route2", "tour5-r2-p9"),
("tour5-route2", "tour5-r2-p10"),
("tour5-route2", "tour5-r2-p11"),
("tour5-route2", "tour5-r2-p12"),
("tour5-route2", "tour5-r2-p13"),
("tour5-route2", "tour5-r2-p14"),
("tour5-route2", "tour5-r2-p15"),
("tour5-route2", "tour5-r2-p16"),
("tour5-route2", "tour5-r2-p17"),
("tour5-route2", "tour5-r2-p18"),
("tour5-route2", "tour5-r2-p19"),
("tour5-route2", "tour5-r2-p20"),
("tour5-route2", "tour5-r2-p21"),
("tour5-route2", "tour5-r2-p22"),
("tour5-route2", "tour5-r2-p23"),
("tour5-route2", "tour5-r2-p24"),
("tour5-route2", "tour5-r2-p25"),
("tour5-route2", "tour5-r2-p26"),
("tour5-route2", "tour5-r2-p27"),
("tour5-route2", "tour5-r2-p28"),
("tour5-route2", "tour5-r2-p29"),
("tour5-route2", "tour5-r2-p30"),
("tour5-route2", "tour5-r2-p31"),
("tour5-route2", "tour5-r2-p32"),
("tour5-route2", "tour5-r2-p33"),
("tour5-route2", "tour5-r2-p34"),
("tour5-route2", "tour5-r2-p35"),
("tour5-route2", "tour5-r2-p36"),
("tour5-route2", "tour5-r2-p37"),
("tour5-route2", "tour5-r2-p38"),
("tour5-route2", "tour5-r2-p39"),
("tour5-route2", "tour5-r2-p40"),
("tour5-route2", "tour5-r2-p41"),
("tour5-route2", "tour5-r2-p42"),
("tour5-route2", "tour5-r2-p43"),
("tour5-route2", "tour5-r2-p44"),
("tour5-route2", "tour5-r2-p45"),
("tour5-route2", "tour5-r2-p46"),
("tour5-route2", "tour5-r2-p47"),
("tour5-route2", "tour5-r2-p48"),
("tour5-route2", "tour5-r2-p49"),
("tour5-route2", "tour5-r2-p50"),
("tour5-route2", "tour5-r2-p51"),
("tour5-route2", "tour5-r2-p52"),
("tour5-route2", "tour5-r2-p53"),
("tour5-route2", "tour5-r2-p54"),
("tour5-route2", "tour5-r2-p55"),
("tour5-route2", "tour5-r2-p56"),
("tour5-route2", "tour5-r2-p57"),
("tour5-route2", "tour5-r2-p58"),
("tour5-route2", "tour5-r2-p59"),
("tour5-route2", "tour5-r2-p60"),
("tour5-route2", "tour5-r2-p61"),
("tour5-route2", "tour5-r2-p62"),
("tour5-route2", "tour5-r2-p63"),
("tour5-route2", "tour5-r2-p64"),
("tour5-route2", "tour5-r2-p65"),
("tour5-route2", "tour5-r2-p66"),
("tour5-route2", "tour5-r2-p67"),
("tour5-route2", "tour5-r2-p68"),
("tour5-route2", "tour5-r2-p69"),
("tour5-route2", "tour5-r2-p70"),
("tour5-route2", "tour5-r2-p71"),
("tour5-route2", "tour5-r2-p72"),
("tour5-route2", "tour5-r2-p73"),
("tour5-route2", "tour5-r2-p74"),
("tour5-route2", "tour5-r2-p75"),
("tour5-route2", "tour5-r2-p76"),
("tour5-route2", "tour5-r2-p77"),
("tour5-route2", "tour5-r2-p78"),
("tour5-route2", "tour5-r2-p79"),
("tour5-route2", "tour5-r2-p80"),
("tour5-route2", "tour5-r2-p81"),
("tour5-route2", "tour5-r2-p82"),
("tour5-route2", "tour5-r2-p83"),
("tour5-route2", "tour5-r2-p84"),
("tour5-route2", "tour5-r2-p85"),
("tour5-route2", "tour5-r2-p86"),
("tour5-route2", "tour5-r2-p87"),
("tour5-route2", "tour5-r2-p88"),
("tour5-route2", "tour5-r2-p89"),
("tour5-route2", "tour5-r2-p90"),
("tour5-route2", "tour5-r2-p91"),
("tour5-route2", "tour5-r2-p92"),
("tour5-route2", "tour5-r2-p93"),
("tour5-route2", "tour5-r2-p94"),
("tour5-route2", "tour5-r2-p95"),
("tour5-route2", "tour5-r2-p96"),
("tour5-route2", "tour5-r2-p97"),
("tour5-route2", "tour5-r2-p98"),
("tour5-route2", "tour5-r2-p99"),
("tour5-route2", "tour5-r2-p100"),
("tour5-route2", "tour5-r2-p101"),
("tour5-route2", "tour5-r2-p102"),
("tour5-route2", "tour5-r2-p103"),
("tour5-route2", "tour5-r2-p104"),
("tour5-route2", "tour5-r2-p105"),
("tour5-route2", "tour5-r2-p106"),
("tour5-route2", "tour5-r2-p107"),
("tour5-route2", "tour5-r2-p108"),
("tour5-route2", "tour5-r2-p109"),
("tour5-route2", "tour5-r2-p110"),
("tour5-route2", "tour5-r2-p111"),
("tour5-route2", "tour5-r2-p112"),
("tour5-route2", "tour5-r2-p113"),
("tour5-route2", "tour5-r2-p114"),
("tour5-route2", "tour5-r2-p115"),
("tour5-route2", "tour5-r2-p116"),
("tour5-route2", "tour5-r2-p117"),
("tour5-route2", "tour5-r2-p118"),
("tour5-route2", "tour5-r2-p119"),
("tour5-route2", "tour5-r2-p120"),
("tour5-route2", "tour5-r2-p121"),
("tour5-route2", "tour5-r2-p122"),
("tour5-route2", "tour5-r2-p123"),
("tour5-route2", "tour5-r2-p124"),
("tour5-route2", "tour5-r2-p125"),
("tour5-route2", "tour5-r2-p126"),
("tour5-route2", "tour5-r2-p127"),
("tour5-route2", "tour5-r2-p128"),
("tour5-route2", "tour5-r2-p129"),
("tour5-route2", "tour5-r2-p130"),
("tour5-route2", "tour5-r2-p131"),
("tour5-route2", "tour5-r2-p132"),
("tour5-route2", "tour5-r2-p133"),
("tour5-route2", "tour5-r2-p134"),
("tour5-route2", "tour5-r2-p135"),
("tour5-route2", "tour5-r2-p136"),
("tour5-route2", "tour5-r2-p137"),
("tour5-route2", "tour5-r2-p138"),
("tour5-route2", "tour5-r2-p139"),
("tour5-route2", "tour5-r2-p140"),
("tour5-route2", "tour5-r2-p141"),
("tour5-route2", "tour5-r2-p142"),
("tour5-route2", "tour5-r2-p143"),
("tour5-route2", "tour5-r2-p144"),
("tour5-route2", "tour5-r2-p145"),
("tour5-route2", "tour5-r2-p146"),
("tour5-route2", "tour5-r2-p147"),
("tour5-route2", "tour5-r2-p148"),
("tour5-route2", "tour5-r2-p149"),
("tour5-route2", "tour5-r2-p150"),
("tour5-route2", "tour5-r2-p151"),
("tour5-route2", "tour5-r2-p152"),
("tour5-route2", "tour5-r2-p153"),
("tour5-route2", "tour5-r2-p154"),
("tour5-route2", "tour5-r2-p155"),
("tour5-route2", "tour5-r2-p156"),
("tour5-route2", "tour5-r2-p157"),
("tour5-route2", "tour5-r2-p158"),
("tour5-route2", "tour5-r2-p159"),
("tour5-route2", "tour5-r2-p160"),
("tour5-route2", "tour5-r2-p161"),
("tour5-route2", "tour5-r2-p162"),
("tour5-route2", "tour5-r2-p163"),
("tour5-route2", "tour5-r2-p164"),
("tour5-route2", "tour5-r2-p165"),
("tour5-route2", "tour5-r2-p166"),
("tour5-route2", "tour5-r2-p167"),
("tour5-route2", "tour5-r2-p168"),
("tour5-route2", "tour5-r2-p169"),
("tour5-route2", "tour5-r2-p170"),
("tour5-route2", "tour5-r2-p171"),
("tour5-route2", "tour5-r2-p172"),
("tour5-route2", "tour5-r2-p173"),
("tour5-route2", "tour5-r2-p174"),
("tour5-route2", "tour5-r2-p175"),
("tour5-route2", "tour5-r2-p176"),
("tour5-route2", "tour5-r2-p177"),
("tour5-route2", "tour5-r2-p178"),
("tour5-route2", "tour5-r2-p179"),
("tour5-route2", "tour5-r2-p180"),
("tour5-route2", "tour5-r2-p181"),
("tour5-route2", "tour5-r2-p182"),
("tour5-route2", "tour5-r2-p183"),
("tour5-route2", "tour5-r2-p184"),
("tour5-route2", "tour5-r2-p185"),
("tour5-route2", "tour5-r2-p186"),
("tour5-route2", "tour5-r2-p187"),
("tour5-route2", "tour5-r2-p188"),
("tour5-route2", "tour5-r2-p189"),
("tour5-route2", "tour5-r2-p190"),
("tour5-route2", "tour5-r2-p191"),
("tour5-route2", "tour5-r2-p192"),
("tour5-route2", "tour5-r2-p193"),
("tour5-route2", "tour5-r2-p194"),
("tour5-route2", "tour5-r2-p195"),
("tour5-route2", "tour5-r2-p196"),
("tour5-route2", "tour5-r2-p197"),
("tour5-route2", "tour5-r2-p198"),
("tour5-route2", "tour5-r2-p199"),
("tour5-route2", "tour5-r2-p200"),
("tour5-route2", "tour5-r2-p201"),
("tour5-route2", "tour5-r2-p202"),
("tour5-route2", "tour5-r2-p203"),
("tour5-route2", "tour5-r2-p204"),
("tour5-route2", "tour5-r2-p205"),
("tour5-route2", "tour5-r2-p206"),
("tour5-route2", "tour5-r2-p207"),
("tour5-route2", "tour5-r2-p208"),
("tour5-route2", "tour5-r2-p209"),
("tour5-route2", "tour5-r2-p210"),
("tour5-route2", "tour5-r2-p211"),
("tour5-route2", "tour5-r2-p212"),
("tour5-route2", "tour5-r2-p213"),
("tour5-route2", "tour5-r2-p214"),
("tour5-route2", "tour5-r2-p215"),
("tour5-route2", "tour5-r2-p216"),
("tour5-route2", "tour5-r2-p217"),
("tour5-route2", "tour5-r2-p218"),
("tour5-route2", "tour5-r2-p219"),
("tour5-route2", "tour5-r2-p220"),
("tour5-route2", "tour5-r2-p221"),
("tour5-route2", "tour5-r2-p222"),
("tour5-route2", "tour5-r2-p223"),
("tour5-route2", "tour5-r2-p224"),
("tour5-route2", "tour5-r2-p225"),
("tour5-route2", "tour5-r2-p226"),
("tour5-route2", "tour5-r2-p227"),
("tour5-route2", "tour5-r2-p228"),
("tour5-route2", "tour5-r2-p229"),
("tour5-route2", "tour5-r2-p230"),
("tour5-route2", "tour5-r2-p231"),
("tour5-route2", "tour5-r2-p232"),
("tour5-route2", "tour5-r2-p233"),
("tour5-route2", "tour5-r2-p234"),
("tour5-route2", "tour5-r2-p235"),
("tour5-route2", "tour5-r2-p236"),
("tour5-route2", "tour5-r2-p237"),
("tour5-route2", "tour5-r2-p238"),
("tour5-route2", "tour5-r2-p239"),
("tour5-route2", "tour5-r2-p240"),
("tour5-route2", "tour5-r2-p241"),
("tour5-route2", "tour5-r2-p242"),
("tour5-route2", "tour5-r2-p243"),
("tour5-route2", "tour5-r2-p244"),
("tour5-route2", "tour5-r2-p245"),
("tour5-route2", "tour5-r2-p246"),
("tour5-route2", "tour5-r2-p247"),
("tour5-route2", "tour5-r2-p248"),
("tour5-route2", "tour5-r2-p249"),
("tour5-route2", "tour5-r2-p250"),
("tour5-route2", "tour5-r2-p251"),
("tour5-route2", "tour5-r2-p252"),
("tour5-route2", "tour5-r2-p253"),
("tour5-route2", "tour5-r2-p254"),
("tour5-route2", "tour5-r2-p255"),
("tour5-route2", "tour5-r2-p256"),
("tour5-route2", "tour5-r2-p257"),
("tour5-route2", "tour5-r2-p258"),
("tour5-route2", "tour5-r2-p259"),
("tour5-route2", "tour5-r2-p260"),
("tour5-route2", "tour5-r2-p261"),
("tour5-route2", "tour5-r2-p262"),
("tour5-route2", "tour5-r2-p263"),
("tour5-route2", "tour5-r2-p264"),
("tour5-route2", "tour5-r2-p265"),
("tour5-route2", "tour5-r2-p266"),
("tour5-route2", "tour5-r2-p267"),
("tour5-route2", "tour5-r2-p268"),
("tour5-route2", "tour5-r2-p269"),
("tour5-route2", "tour5-r2-p270"),
("tour5-route2", "tour5-r2-p271"),
("tour5-route2", "tour5-r2-p272"),
("tour5-route2", "tour5-r2-p273"),
("tour5-route2", "tour5-r2-p274"),
("tour5-route2", "tour5-r2-p275"),
("tour5-route2", "tour5-r2-p276"),
("tour5-route2", "tour5-r2-p277"),
("tour5-route2", "tour5-r2-p278"),
("tour5-route2", "tour5-r2-p279"),
("tour5-route2", "tour5-r2-p280");

-- tour - location
INSERT INTO tour_locations (tour_id, location_id) VALUES 
("tour5", "BaoTangLichSu"),
("tour5", "DuongSachNguyenVanBinh"),
("tour5", "DinhDocLap");
