-- center point for tour 1 
INSERT INTO points (id, longitude, latitude) VALUES 
("tour1-center", 106.68207978217887, 10.75777890460275);

-- tour1 - route1
INSERT INTO points (id, longitude, latitude) VALUES 
("tour1-r1-p1", 106.69507659020289, 10.776678902128303),
("tour1-r1-p2", 106.69507104696854, 10.776673895810278),
("tour1-r1-p3", 106.69506684484382, 10.776668889493422),
("tour1-r1-p4", 106.69505987109935, 10.776662653553172),
("tour1-r1-p5", 106.69505486430884, 10.776657383744702),
("tour1-r1-p6", 106.69504780115878, 10.776651147804223),
("tour1-r1-p7", 106.69503984393734, 10.776644560543366),
("tour1-r1-p8", 106.69503519477438, 10.776639290734563),
("tour1-r1-p9", 106.69502947272882, 10.776633933091844),
("tour1-r1-p10", 106.6950205320304, 10.776626379698621),
("tour1-r1-p11", 106.69502341482094, 10.776624005406868),
("tour1-r1-p12", 106.69502976271856, 10.776618120785969),
("tour1-r1-p13", 106.69503584239163, 10.776612587482727),
("tour1-r1-p14", 106.69504219028921, 10.776606878521765),
("tour1-r1-p15", 106.69504746529651, 10.776602135695276),
("tour1-r1-p16", 106.69505309793647, 10.776596778054401),
("tour1-r1-p17", 106.69505881998202, 10.776591508244772),
("tour1-r1-p18", 106.69506785008603, 10.776583515696323),
("tour1-r1-p19", 106.69507428739689, 10.776577631079649),
("tour1-r1-p20", 106.69508474800588, 10.776567881925375),
("tour1-r1-p21", 106.69509145352843, 10.776561909474554),
("tour1-r1-p22", 106.69509780142344, 10.77655620051261),
("tour1-r1-p23", 106.69510665271115, 10.776547944476718),
("tour1-r1-p24", 106.69511174891235, 10.776543465135804),
("tour1-r1-p25", 106.69511952731237, 10.776536350889513),
("tour1-r1-p26", 106.695127663345, 10.776528621836164),
("tour1-r1-p27", 106.69514214728034, 10.776515798629344),
("tour1-r1-p28", 106.69514894221105, 10.77650956268342),
("tour1-r1-p29", 106.69515841935075, 10.776500779663102),
("tour1-r1-p30", 106.69516485665136, 10.776495158533882),
("tour1-r1-p31", 106.69517361853346, 10.776487165985381),
("tour1-r1-p32", 106.69518238041556, 10.776479173434145),
("tour1-r1-p33", 106.69519051645332, 10.776471971362513),
("tour1-r1-p34", 106.69520696733493, 10.776456601069059),
("tour1-r1-p35", 106.69521501396196, 10.776449398992476),
("tour1-r1-p36", 106.69522359703029, 10.776441582104255),
("tour1-r1-p37", 106.69523074959108, 10.776435433988166),
("tour1-r1-p38", 106.69524112079961, 10.77642550917532),
("tour1-r1-p39", 106.69525202844686, 10.776415760022383),
("tour1-r1-p40", 106.6952657077139, 10.776403815112088),
("tour1-r1-p41", 106.69527446959857, 10.77639608605281),
("tour1-r1-p42", 106.69528242681488, 10.776388532653607),
("tour1-r1-p43", 106.69529655312022, 10.776375533775516),
("tour1-r1-p44", 106.69530549381352, 10.776367980375806),
("tour1-r1-p45", 106.69531318282328, 10.776360339147011),
("tour1-r1-p46", 106.69532856081217, 10.776346374138578),
("tour1-r1-p47", 106.69533669684483, 10.776339259887633),
("tour1-r1-p48", 106.69534420703313, 10.776332321299332),
("tour1-r1-p49", 106.69535395239221, 10.776323626102743),
("tour1-r1-p50", 106.69536182020293, 10.776316336190945),
("tour1-r1-p51", 106.69537210200588, 10.776307201849368),
("tour1-r1-p52", 106.69538148973741, 10.776298506654571),
("tour1-r1-p53", 106.69539025162463, 10.776290426269417),
("tour1-r1-p54", 106.69539722536396, 10.776284014663519),
("tour1-r1-p55", 106.69540554021806, 10.776276724743223),
("tour1-r1-p56", 106.69540616605728, 10.776276109940833),
("tour1-r1-p57", 106.69540393088653, 10.776272596729012),
("tour1-r1-p58", 106.6953984770629, 10.776263813701785),
("tour1-r1-p59", 106.69539516900954, 10.776258016907782),
("tour1-r1-p60", 106.6953923079791, 10.776253098412935),
("tour1-r1-p61", 106.69538873170383, 10.776247652934416),
("tour1-r1-p62", 106.69538372491334, 10.776239221227188),
("tour1-r1-p63", 106.69537523124279, 10.776225519703665),
("tour1-r1-p64", 106.69537013504669, 10.776216473188272),
("tour1-r1-p65", 106.6953653070674, 10.776208919784567),
("tour1-r1-p66", 106.6953611049478, 10.77620259600587),
("tour1-r1-p67", 106.69535690281283, 10.776194076468428),
("tour1-r1-p68", 106.6953493926346, 10.776182570701579),
("tour1-r1-p69", 106.69534501168333, 10.776175632109677),
("tour1-r1-p70", 106.69534116718613, 10.776169220498806),
("tour1-r1-p71", 106.6953371438726, 10.776162633224894),
("tour1-r1-p72", 106.69533070657201, 10.776151566611631),
("tour1-r1-p73", 106.69532489511572, 10.77614225659208),
("tour1-r1-p74", 106.69531890485337, 10.776132858758354),
("tour1-r1-p75", 106.69531389805505, 10.776121352980983),
("tour1-r1-p76", 106.69530996415224, 10.776112657779558),
("tour1-r1-p77", 106.69530334803532, 10.776099658894584),
("tour1-r1-p78", 106.69529852005857, 10.776089821899612),
("tour1-r1-p79", 106.6952943179313, 10.77608024839627),
("tour1-r1-p80", 106.69528832766382, 10.776067688662286),
("tour1-r1-p81", 106.69527849289636, 10.776045818910609),
("tour1-r1-p82", 106.6952727708508, 10.776033083514704),
("tour1-r1-p83", 106.69526803228223, 10.776023861330533),
("tour1-r1-p84", 106.69526248905045, 10.77601033546023),
("tour1-r1-p85", 106.69525631996919, 10.775998302702327),
("tour1-r1-p86", 106.69524693223501, 10.775977926066547),
("tour1-r1-p87", 106.69524094196751, 10.775965015004752),
("tour1-r1-p88", 106.6952350411082, 10.775952894416037),
("tour1-r1-p89", 106.69522985550394, 10.77594165213201),
("tour1-r1-p90", 106.69522386523646, 10.775928301916045),
("tour1-r1-p91", 106.69522529575154, 10.775931375972373),
("tour1-r1-p92", 106.69521966311159, 10.775919343211937),
("tour1-r1-p93", 106.69521474572667, 10.77590748611472),
("tour1-r1-p94", 106.69521210639749, 10.775902545749044),
("tour1-r1-p95", 106.6952096029997, 10.775897451586566),
("tour1-r1-p96", 106.69520718901006, 10.775893323563373),
("tour1-r1-p97", 106.69519587906073, 10.775899175267579),
("tour1-r1-p98", 106.69518497140837, 10.775904884241964),
("tour1-r1-p99", 106.69517272265405, 10.775910768874288),
("tour1-r1-p100", 106.69515984805025, 10.775917795301316),
("tour1-r1-p101", 106.69514634759639, 10.775924558241142),
("tour1-r1-p102", 106.69513070136715, 10.775932726465125),
("tour1-r1-p103", 106.69511451870746, 10.775941597328522),
("tour1-r1-p104", 106.69510039240734, 10.775949238572965),
("tour1-r1-p105", 106.69508385210973, 10.775957933770306),
("tour1-r1-p106", 106.69506614952667, 10.77596706813253),
("tour1-r1-p107", 106.69504791050613, 10.77597655380796),
("tour1-r1-p108", 106.6950315490298, 10.77598489768978),
("tour1-r1-p109", 106.6949960544622, 10.776003693385004),
("tour1-r1-p110", 106.6949737027187, 10.776015638308671),
("tour1-r1-p111", 106.69495000987199, 10.776028198043571),
("tour1-r1-p112", 106.6949110284317, 10.776049892137628),
("tour1-r1-p113", 106.69489261059613, 10.776058236016166),
("tour1-r1-p114", 106.69487794785216, 10.776066140745838),
("tour1-r1-p115", 106.69483503250852, 10.776089240118237),
("tour1-r1-p116", 106.6948218896841, 10.776095915222722),
("tour1-r1-p117", 106.69479837565109, 10.776111900335282),
("tour1-r1-p118", 106.69478272943013, 10.776122000821424),
("tour1-r1-p119", 106.69476770906118, 10.77613280394891),
("tour1-r1-p120", 106.69473525432717, 10.776154673694585),
("tour1-r1-p121", 106.69471621064214, 10.776168375222584),
("tour1-r1-p122", 106.69469671992502, 10.77618163760145),
("tour1-r1-p123", 106.69468330887484, 10.776190684120406),
("tour1-r1-p124", 106.6946744575846, 10.77619718356101),
("tour1-r1-p125", 106.69467222241127, 10.776198676673017),
("tour1-r1-p126", 106.69466506985303, 10.776205878758732),
("tour1-r1-p127", 106.69465443042257, 10.776216594053027),
("tour1-r1-p128", 106.69463708546684, 10.77623442359926),
("tour1-r1-p129", 106.69462966468924, 10.776241537850181),
("tour1-r1-p130", 106.69462881532067, 10.776241779384748),
("tour1-r1-p131", 106.69462327208633, 10.776235455604219),
("tour1-r1-p132", 106.69461737122957, 10.776229043994633),
("tour1-r1-p133", 106.69461388435988, 10.776225442953333),
("tour1-r1-p134", 106.69460753646233, 10.776218240870593),
("tour1-r1-p135", 106.69459564533551, 10.776205681142372),
("tour1-r1-p136", 106.6945743664744, 10.776183108756332),
("tour1-r1-p137", 106.69456167068695, 10.776168704593678),
("tour1-r1-p138", 106.69455049481516, 10.776157462312693),
("tour1-r1-p139", 106.69454182233868, 10.776147537488168),
("tour1-r1-p140", 106.69453708376753, 10.776142004178782),
("tour1-r1-p141", 106.69453028883683, 10.776134977756982),
("tour1-r1-p142", 106.69452286805924, 10.776127248688303),
("tour1-r1-p143", 106.69452152695474, 10.77612619472575),
("tour1-r1-p144", 106.69452689137286, 10.776121364050178),
("tour1-r1-p145", 106.69453753080332, 10.776112405358106),
("tour1-r1-p146", 106.69454548802219, 10.77610502761473),
("tour1-r1-p147", 106.6945522829529, 10.776099055154734),
("tour1-r1-p148", 106.69456247534765, 10.776090096459482),
("tour1-r1-p149", 106.6945706113803, 10.776082894368486),
("tour1-r1-p150", 106.69458071437714, 10.776073584361884),
("tour1-r1-p151", 106.6945880457389, 10.776067172751368),
("tour1-r1-p152", 106.69459770169516, 10.776058038394703),
("tour1-r1-p153", 106.69461155977335, 10.776046005643733),
("tour1-r1-p154", 106.69461987462232, 10.776038803556707),
("tour1-r1-p155", 106.69463185515733, 10.776027385612899),
("tour1-r1-p156", 106.694643299251, 10.776017372952571),
("tour1-r1-p157", 106.69465215053869, 10.776009292564899),
("tour1-r1-p158", 106.69466198530337, 10.77599998254597),
("tour1-r1-p159", 106.6946751281343, 10.775988828090215),
("tour1-r1-p160", 106.69468505230715, 10.775979693733676),
("tour1-r1-p161", 106.6946931883398, 10.77597266730306),
("tour1-r1-p162", 106.69470177141068, 10.77596511389826),
("tour1-r1-p163", 106.69471518245577, 10.77595360812266),
("tour1-r1-p164", 106.69473440496094, 10.77593533940592),
("tour1-r1-p165", 106.69474298802928, 10.775927873824173),
("tour1-r1-p166", 106.6947513922864, 10.7759201447552),
("tour1-r1-p167", 106.69476069061234, 10.775911976530875),
("tour1-r1-p168", 106.69476829020115, 10.775905564911874),
("tour1-r1-p169", 106.69477615801699, 10.775898011495345),
("tour1-r1-p170", 106.69478429405476, 10.775891160730923),
("tour1-r1-p171", 106.69479582755295, 10.775879742779011),
("tour1-r1-p172", 106.69481451361044, 10.775863845483169),
("tour1-r1-p173", 106.69482390134213, 10.775855325926083),
("tour1-r1-p174", 106.69484705774629, 10.775834685782824),
("tour1-r1-p175", 106.69486395566615, 10.775819139808315),
("tour1-r1-p176", 106.69488174765226, 10.77580289118302),
("tour1-r1-p177", 106.69490499346475, 10.775782690197786),
("tour1-r1-p178", 106.6949157223008, 10.77577355583499),
("tour1-r1-p179", 106.6949256464762, 10.775764245813809),
("tour1-r1-p180", 106.6949382528606, 10.775752652196413),
("tour1-r1-p181", 106.69494790881178, 10.775744044820943),
("tour1-r1-p182", 106.69496239274197, 10.775730870254367),
("tour1-r1-p183", 106.69497455208815, 10.775720067117478),
("tour1-r1-p184", 106.69498948305404, 10.775706629062595),
("tour1-r1-p185", 106.69500745385406, 10.775690380437517),
("tour1-r1-p186", 106.69502310007503, 10.775676766723143),
("tour1-r1-p187", 106.69504822343069, 10.7756541064633),
("tour1-r1-p188", 106.69505546726181, 10.775648604995249),
("tour1-r1-p189", 106.69506306685317, 10.775640788087486),
("tour1-r1-p190", 106.69507513679372, 10.77562989711323),
("tour1-r1-p191", 106.69508720673427, 10.77561883047535),
("tour1-r1-p192", 106.69509874023612, 10.775608378650865),
("tour1-r1-p193", 106.69510955847777, 10.775599068624583),
("tour1-r1-p194", 106.69512770808639, 10.775582468668423),
("tour1-r1-p195", 106.69514013565448, 10.775571226365544),
("tour1-r1-p196", 106.69515202678384, 10.77556051105204),
("tour1-r1-p197", 106.69516069926054, 10.775552869797737),
("tour1-r1-p198", 106.69517214335164, 10.775542593634244),
("tour1-r1-p199", 106.69518483914166, 10.775531175676644),
("tour1-r1-p200", 106.69519735611536, 10.775520723844094),
("tour1-r1-p201", 106.69521747269327, 10.775502103780779),
("tour1-r1-p202", 106.69523365535296, 10.775487436093087),
("tour1-r1-p203", 106.69524679818122, 10.775475666801736),
("tour1-r1-p204", 106.69525636472397, 10.775466971590452),
("tour1-r1-p205", 106.69527022280475, 10.77545485097666),
("tour1-r1-p206", 106.6952818457173, 10.77544422348566),
("tour1-r1-p207", 106.69529185929319, 10.775435616092583),
("tour1-r1-p208", 106.69530509153218, 10.775423495487567),
("tour1-r1-p209", 106.69532181063587, 10.775408652127677),
("tour1-r1-p210", 106.69533236066584, 10.775399166436866),
("tour1-r1-p211", 106.6953446094125, 10.775387748468809),
("tour1-r1-p212", 106.69536410013578, 10.775370533689218),
("tour1-r1-p213", 106.69537161031896, 10.775363682907775),
("tour1-r1-p214", 106.69538323322404, 10.775353758053924),
("tour1-r1-p215", 106.69539986292197, 10.775338739032227),
("tour1-r1-p216", 106.69541899601772, 10.775321260752204),
("tour1-r1-p217", 106.6954353574886, 10.77530685654833),
("tour1-r1-p218", 106.69545565286752, 10.775287972979774),
("tour1-r1-p219", 106.69546825925194, 10.775276730665889),
("tour1-r1-p220", 106.69547728935595, 10.775268386765699),
("tour1-r1-p221", 106.69549561779104, 10.775252313779157),
("tour1-r1-p222", 106.69551028053502, 10.775239490517961),
("tour1-r1-p223", 106.69552673142688, 10.775224734983249),
("tour1-r1-p224", 106.69554550687975, 10.775207432355083),
("tour1-r1-p225", 106.69555552046076, 10.775198473638316),
("tour1-r1-p226", 106.69556884210022, 10.775186440847971),
("tour1-r1-p227", 106.69559244554522, 10.77516606415661),
("tour1-r1-p228", 106.69560925405946, 10.775151045120522),
("tour1-r1-p229", 106.6956333045402, 10.775128911809139),
("tour1-r1-p230", 106.69564841431219, 10.775115034576599),
("tour1-r1-p231", 106.69566683214777, 10.775099137240376),
("tour1-r1-p232", 106.6956856970166, 10.77508244942614),
("tour1-r1-p233", 106.69570474070674, 10.775065058963024),
("tour1-r1-p234", 106.69572646659566, 10.775045121417348),
("tour1-r1-p235", 106.69576473278717, 10.775010779635991),
("tour1-r1-p236", 106.69577975314843, 10.77499804419379),
("tour1-r1-p237", 106.69580022734874, 10.77497942410568),
("tour1-r1-p238", 106.69581569475083, 10.774964405067813),
("tour1-r1-p239", 106.6958291057959, 10.774953514064068),
("tour1-r1-p240", 106.69584859651663, 10.774936035762519),
("tour1-r1-p241", 106.69586853427302, 10.774918030478249),
("tour1-r1-p242", 106.6958882932131, 10.774900200856548),
("tour1-r1-p243", 106.69593773526869, 10.774856461190105),
("tour1-r1-p244", 106.69594348023624, 10.774850847658033),
("tour1-r1-p245", 106.69595635484, 10.774839078349329),
("tour1-r1-p246", 106.69596940826268, 10.774827660360014),
("tour1-r1-p247", 106.69598308752455, 10.774815364066834),
("tour1-r1-p248", 106.69600382995195, 10.774796480466827),
("tour1-r1-p249", 106.69602037024426, 10.774781549251683),
("tour1-r1-p250", 106.69603521179437, 10.774768374642996),
("tour1-r1-p251", 106.6960441524928, 10.774760382056188),
("tour1-r1-p252", 106.69605058979852, 10.774754760886932),
("tour1-r1-p253", 106.69605532836708, 10.774750193695011),
("tour1-r1-p254", 106.69605649065528, 10.774749051888222),
("tour1-r1-p255", 106.69605076860965, 10.774744923853056),
("tour1-r1-p256", 106.69604307961525, 10.774739654011011),
("tour1-r1-p257", 106.69603548002134, 10.774734735491345),
("tour1-r1-p258", 106.69603190374094, 10.77473113443217),
("tour1-r1-p259", 106.69602689695557, 10.774727357709205),
("tour1-r1-p260", 106.69602019143304, 10.774723141829295),
("tour1-r1-p261", 106.69600937319639, 10.77471593970811),
("tour1-r1-p262", 106.69600159478105, 10.774709703729934),
("tour1-r1-p263", 106.69599426340905, 10.77470381907162),
("tour1-r1-p264", 106.6959871108534, 10.774700042348298),
("tour1-r1-p265", 106.69597834897131, 10.774693718537897),
("tour1-r1-p266", 106.69596949768359, 10.774686340759764),
("tour1-r1-p267", 106.69595617603886, 10.774677030704947),
("tour1-r1-p268", 106.69594669889658, 10.774670443400897),
("tour1-r1-p269", 106.695939278119, 10.774665173557553),
("tour1-r1-p270", 106.69593132089756, 10.774659201068985),
("tour1-r1-p271", 106.69592229079353, 10.774653052916497),
("tour1-r1-p272", 106.69591031026859, 10.77464426983949),
("tour1-r1-p273", 106.69590280007516, 10.774638736505015),
("tour1-r1-p274", 106.69589645218015, 10.774634432799495),
("tour1-r1-p275", 106.69589162420596, 10.774630919571031),
("tour1-r1-p276", 106.69588769029805, 10.774627757662607),
("tour1-r1-p277", 106.6958801801123, 10.774622575647903),
("tour1-r1-p278", 106.69587418984737, 10.77461827193714),
("tour1-r1-p279", 106.69585943769764, 10.774608259239372),
("tour1-r1-p280", 106.69584781479021, 10.774599037011551),
("tour1-r1-p281", 106.69583377789567, 10.774589639124647),
("tour1-r1-p282", 106.6958203668506, 10.774579714250924),
("tour1-r1-p283", 106.69580472062692, 10.774568471907779),
("tour1-r1-p284", 106.69579318713019, 10.774559864493735),
("tour1-r1-p285", 106.69578648160767, 10.774555033801828),
("tour1-r1-p286", 106.6957783455699, 10.774550817924538),
("tour1-r1-p287", 106.69577494810584, 10.774547129033737),
("tour1-r1-p288", 106.6957643980861, 10.774539399926802),
("tour1-r1-p289", 106.69575402687757, 10.774531846478492),
("tour1-r1-p290", 106.69574079464371, 10.774522887741623),
("tour1-r1-p291", 106.69573864887599, 10.774520779800257),
("tour1-r1-p292", 106.69572300265759, 10.774509976619946),
("tour1-r1-p293", 106.6957095916097, 10.77450031523317),
("tour1-r1-p294", 106.69569519708766, 10.774489775540417),
("tour1-r1-p295", 106.69568178604257, 10.774480114156757),
("tour1-r1-p296", 106.69566506693383, 10.774467993510765),
("tour1-r1-p297", 106.6956495995292, 10.774458068630528),
("tour1-r1-p298", 106.69564021179765, 10.774449549043736),
("tour1-r1-p299", 106.6956107074985, 10.774428908806613),
("tour1-r1-p300", 106.69558433244403, 10.774409937352907),
("tour1-r1-p301", 106.6955611760347, 10.774392986008303),
("tour1-r1-p302", 106.69554713914019, 10.774382621973247),
("tour1-r1-p303", 106.69552845308255, 10.774369183858695),
("tour1-r1-p304", 106.69551218101213, 10.774357765854075),
("tour1-r1-p305", 106.69549814412271, 10.774347401812784),
("tour1-r1-p306", 106.69548518011077, 10.774338794392126),
("tour1-r1-p307", 106.69547051736673, 10.774327903369514),
("tour1-r1-p308", 106.69544959613334, 10.774312972128644),
("tour1-r1-p309", 106.69543296643798, 10.774300939302893),
("tour1-r1-p310", 106.69541347571854, 10.774286798541194),
("tour1-r1-p311", 106.69539934941184, 10.77427696148199),
("tour1-r1-p312", 106.69538477607347, 10.774266070459657),
("tour1-r1-p313", 106.69537100740088, 10.774256233404778),
("tour1-r1-p314", 106.69535661287883, 10.774246220685548),
("tour1-r1-p315", 106.69534275479808, 10.774236383630031),
("tour1-r1-p316", 106.69532532043303, 10.774223384664042),
("tour1-r1-p317", 106.69531012125033, 10.774212932791123),
("tour1-r1-p318", 106.69529912419235, 10.774204413197385),
("tour1-r1-p319", 106.69528490848214, 10.774194224817391),
("tour1-r1-p320", 106.69526649064584, 10.774181138012521),
("tour1-r1-p321", 106.6952436024636, 10.774164713639761),
("tour1-r1-p322", 106.69522134012827, 10.774149167576516),
("tour1-r1-p323", 106.69520479983711, 10.774136871245563),
("tour1-r1-p324", 106.69517368621152, 10.774114298706907),
("tour1-r1-p325", 106.69515008277169, 10.7740976986714),
("tour1-r1-p326", 106.69512245601835, 10.774077234066757),
("tour1-r1-p327", 106.69510403818278, 10.774064235096404),
("tour1-r1-p328", 106.69508471504695, 10.774050781246707),
("tour1-r1-p329", 106.69505923406132, 10.774032248920788),
("tour1-r1-p330", 106.69503893867738, 10.774017317667756),
("tour1-r1-p331", 106.6950122059902, 10.773997731367245),
("tour1-r1-p332", 106.69499173179761, 10.773983590588793),
("tour1-r1-p333", 106.69497018471479, 10.773968307999922),
("tour1-r1-p334", 106.69495194569265, 10.773954869871886),
("tour1-r1-p335", 106.69492118969097, 10.773932912140582),
("tour1-r1-p336", 106.69489615574102, 10.773914906798833),
("tour1-r1-p337", 106.69487559213678, 10.773900766011462),
("tour1-r1-p338", 106.69485377683034, 10.773884692945622),
("tour1-r1-p339", 106.69482829584598, 10.77386668759848),
("tour1-r1-p340", 106.69479637755215, 10.773843939377814),
("tour1-r1-p341", 106.6947693766444, 10.773823913921644),
("tour1-r1-p342", 106.69473942530819, 10.773803185812003),
("tour1-r1-p343", 106.69470893752693, 10.773780525421198),
("tour1-r1-p344", 106.69468309891374, 10.773762432238177),
("tour1-r1-p345", 106.69464885604081, 10.773737312571285),
("tour1-r1-p346", 106.69462113988183, 10.773717199270829),
("tour1-r1-p347", 106.69459118854188, 10.773695505014958),
("tour1-r1-p348", 106.69456043254381, 10.773674337738054),
("tour1-r1-p349", 106.69453852783602, 10.773658440325764),
("tour1-r1-p350", 106.69452440153447, 10.773648339762005),
("tour1-r1-p351", 106.69450571548096, 10.773634462459963),
("tour1-r1-p352", 106.69449203621397, 10.773625328037028),
("tour1-r1-p353", 106.694487387051, 10.773621551300183),
("tour1-r1-p354", 106.69446065436892, 10.77360240413873),
("tour1-r1-p355", 106.69443606744444, 10.773585101424855),
("tour1-r1-p356", 106.69440557967089, 10.77356323149252),
("tour1-r1-p357", 106.69436650882642, 10.773535476879951),
("tour1-r1-p358", 106.69432171593637, 10.773504209023208),
("tour1-r1-p359", 106.69427084336554, 10.773468110447576),
("tour1-r1-p360", 106.69421916613412, 10.773431572716396),
("tour1-r1-p361", 106.69416713128278, 10.773394683656745),
("tour1-r1-p362", 106.69413049307101, 10.773368220102045),
("tour1-r1-p363", 106.6941031345319, 10.773349248582768),
("tour1-r1-p364", 106.69404054965055, 10.773304806036462),
("tour1-r1-p365", 106.69400067413257, 10.773276612243603),
("tour1-r1-p366", 106.69394652447714, 10.773237992140489),
("tour1-r1-p367", 106.69389529428395, 10.773201981362744),
("tour1-r1-p368", 106.69385506114858, 10.773173524070803),
("tour1-r1-p369", 106.69379292330298, 10.773128993668735),
("tour1-r1-p370", 106.69374070962753, 10.773092280234861),
("tour1-r1-p371", 106.69369064172763, 10.773056269449114),
("tour1-r1-p372", 106.69363762339148, 10.773019116845102),
("tour1-r1-p373", 106.69359023769292, 10.772985740983875),
("tour1-r1-p374", 106.69353257018882, 10.772944460308796),
("tour1-r1-p375", 106.69348017770224, 10.77290748335958),
("tour1-r1-p376", 106.69342671233817, 10.772871033384611),
("tour1-r1-p377", 106.69337414104042, 10.772834583415941),
("tour1-r1-p378", 106.69332004981412, 10.772796903798724),
("tour1-r1-p379", 106.69326300816587, 10.772757994543817),
("tour1-r1-p380", 106.69322447376527, 10.772731293831487),
("tour1-r1-p381", 106.69317082957984, 10.772694316858596),
("tour1-r1-p382", 106.69312246040944, 10.77266085313265),
("tour1-r1-p383", 106.69308839635282, 10.772637226501038),
("tour1-r1-p384", 106.6930478949906, 10.772608944815687),
("tour1-r1-p385", 106.69300238684285, 10.772578028185217),
("tour1-r1-p386", 106.69296152785557, 10.772549482996777),
("tour1-r1-p387", 106.69292719557968, 10.772526207691524),
("tour1-r1-p388", 106.69288776710762, 10.772498716473423),
("tour1-r1-p389", 106.69282312586931, 10.772454185970302),
("tour1-r1-p390", 106.69278414443038, 10.77242669474813),
("tour1-r1-p391", 106.69273264601006, 10.772391386532588),
("tour1-r1-p392", 106.69267685605433, 10.772352565057858),
("tour1-r1-p393", 106.69263671232473, 10.772325161653969),
("tour1-r1-p394", 106.69257242870762, 10.772280806791624),
("tour1-r1-p395", 106.69253273201237, 10.772253491218816),
("tour1-r1-p396", 106.69247479628889, 10.772213264420873),
("tour1-r1-p397", 106.69242553304194, 10.772179624978747),
("tour1-r1-p398", 106.69238610456735, 10.772151870234898),
("tour1-r1-p399", 106.69233102987438, 10.772114190537291),
("tour1-r1-p400", 106.692314489582, 10.772102245456313),
("tour1-r1-p401", 106.69228730986434, 10.772118055123142),
("tour1-r1-p402", 106.69223759959452, 10.772145370715759),
("tour1-r1-p403", 106.6921864588018, 10.772173301121683),
("tour1-r1-p404", 106.69214962313318, 10.772193678013052),
("tour1-r1-p405", 106.69209982344881, 10.772220905766202),
("tour1-r1-p406", 106.6920277614291, 10.772260078594568),
("tour1-r1-p407", 106.69197957107238, 10.772286515855942),
("tour1-r1-p408", 106.69192851968268, 10.772314270576091),
("tour1-r1-p409", 106.69186146445472, 10.772350808445344),
("tour1-r1-p410", 106.69180817790699, 10.772380056300552),
("tour1-r1-p411", 106.69175667949055, 10.772409128490338),
("tour1-r1-p412", 106.69167862720084, 10.7724512875504),
("tour1-r1-p413", 106.69163661769312, 10.772475648488301),
("tour1-r1-p414", 106.69155677726692, 10.77252246259485),
("tour1-r1-p415", 106.69150527884156, 10.77255056862581),
("tour1-r1-p416", 106.69144770075326, 10.77258245139905),
("tour1-r1-p417", 106.69139915276907, 10.77260888863213),
("tour1-r1-p418", 106.69134023357115, 10.772640771401706),
("tour1-r1-p419", 106.69128033089889, 10.772673444645108),
("tour1-r1-p420", 106.69123374986606, 10.772698915724336),
("tour1-r1-p421", 106.69119852351872, 10.7727179751158),
("tour1-r1-p422", 106.69117706584655, 10.772729656674946),
("tour1-r1-p423", 106.69113316702405, 10.772753810273937),
("tour1-r1-p424", 106.69107397960296, 10.772786395685204),
("tour1-r1-p425", 106.69100790784691, 10.772822230840237),
("tour1-r1-p426", 106.69093414709636, 10.772862106235918),
("tour1-r1-p427", 106.6908865825814, 10.772886435494145),
("tour1-r1-p428", 106.6908247129603, 10.77292112883108),
("tour1-r1-p429", 106.69076650901742, 10.772951869760252),
("tour1-r1-p430", 106.69071518941605, 10.772979800091395),
("tour1-r1-p431", 106.69063990874973, 10.773020641613575),
("tour1-r1-p432", 106.69058259887319, 10.773051294701489),
("tour1-r1-p433", 106.69054299159247, 10.773072813351622),
("tour1-r1-p434", 106.69048639698123, 10.773103378609422),
("tour1-r1-p435", 106.69042551082684, 10.773136139634989),
("tour1-r1-p436", 106.69037285012095, 10.77316512392446),
("tour1-r1-p437", 106.69032474916979, 10.773191034122467),
("tour1-r1-p438", 106.69025170367692, 10.773230294649425),
("tour1-r1-p439", 106.69019510905927, 10.773260420732228),
("tour1-r1-p440", 106.69014030258434, 10.77328966850161),
("tour1-r1-p441", 106.69007887999761, 10.77332234167962),
("tour1-r1-p442", 106.69002157013124, 10.773353346060919),
("tour1-r1-p443", 106.68996130983271, 10.773385580073207),
("tour1-r1-p444", 106.68989693680874, 10.773420185530409),
("tour1-r1-p445", 106.68983381548485, 10.773454088328187),
("tour1-r1-p446", 106.68980946326282, 10.773467284949314),
("tour1-r1-p447", 106.68978013776973, 10.773483709360127),
("tour1-r1-p448", 106.6897285499413, 10.773511903136104),
("tour1-r1-p449", 106.68966784260584, 10.773545893753258),
("tour1-r1-p450", 106.68961509249438, 10.773575492816216),
("tour1-r1-p451", 106.68956341525778, 10.773603950072689),
("tour1-r1-p452", 106.68951594015358, 10.773630826367016),
("tour1-r1-p453", 106.68950425018684, 10.773636447552216),
("tour1-r1-p454", 106.68948574294568, 10.773646196795148),
("tour1-r1-p455", 106.68945757974588, 10.773660249759759),
("tour1-r1-p456", 106.68942664493407, 10.773675005366137),
("tour1-r1-p457", 106.68942038644722, 10.773678782102294),
("tour1-r1-p458", 106.68942029704168, 10.773678606440438),
("tour1-r1-p459", 106.68939866055325, 10.773654452913124),
("tour1-r1-p460", 106.68938328255413, 10.773637589355685),
("tour1-r1-p461", 106.68936093081065, 10.773613874978547),
("tour1-r1-p462", 106.68935461439759, 10.773606959703802),
("tour1-r1-p463", 106.68932689823606, 10.77357621884273),
("tour1-r1-p464", 106.68927709855542, 10.773522202736455),
("tour1-r1-p465", 106.6892104009549, 10.773449654266246),
("tour1-r1-p466", 106.6891359069791, 10.773370193906292),
("tour1-r1-p467", 106.68905230593859, 10.773282702289302),
("tour1-r1-p468", 106.68896407293595, 10.773189327871455),
("tour1-r1-p469", 106.68888389361405, 10.773106010468512),
("tour1-r1-p470", 106.68878336469898, 10.772999725497378),
("tour1-r1-p471", 106.68870525505969, 10.772915075657817),
("tour1-r1-p472", 106.68861796145453, 10.77282027346068),
("tour1-r1-p473", 106.68851664716735, 10.772711313838116),
("tour1-r1-p474", 106.68843039900985, 10.772618522365269),
("tour1-r1-p475", 106.68835110648372, 10.77253507330035),
("tour1-r1-p476", 106.68826528583644, 10.77244508497305),
("tour1-r1-p477", 106.68819545612622, 10.772369428630958),
("tour1-r1-p478", 106.6880688713086, 10.772235982248413),
("tour1-r1-p479", 106.68798547230632, 10.7721495327436),
("tour1-r1-p480", 106.6879012582774, 10.772063235918871),
("tour1-r1-p481", 106.68777802752717, 10.771934902382577),
("tour1-r1-p482", 106.68769552127846, 10.771847466102152),
("tour1-r1-p483", 106.68761332226879, 10.771759563633296),
("tour1-r1-p484", 106.68751340466963, 10.771652950248251),
("tour1-r1-p485", 106.68742867383801, 10.771563855758073),
("tour1-r1-p486", 106.68736649780038, 10.771498723539905),
("tour1-r1-p487", 106.68726318606181, 10.771390765604897),
("tour1-r1-p488", 106.68713675723008, 10.771258003315568),
("tour1-r1-p489", 106.68703209987387, 10.771145787533852),
("tour1-r1-p490", 106.68694947150297, 10.771058287123635),
("tour1-r1-p491", 106.68685023152814, 10.770951371038992),
("tour1-r1-p492", 106.68677619373481, 10.77087268040627),
("tour1-r1-p493", 106.68667454910538, 10.770763275486868),
("tour1-r1-p494", 106.68658279745563, 10.770664170944569),
("tour1-r1-p495", 106.68650013142911, 10.770574271826623),
("tour1-r1-p496", 106.68639798016427, 10.770468384932366),
("tour1-r1-p497", 106.68631818939475, 10.770382972338963),
("tour1-r1-p498", 106.68623490721377, 10.77029202753321),
("tour1-r1-p499", 106.6861942270415, 10.770246881875307),
("tour1-r1-p500", 106.68611067971526, 10.770160221728007),
("tour1-r1-p501", 106.6860267012623, 10.770075142025032),
("tour1-r1-p502", 106.68591840083931, 10.769964436827038),
("tour1-r1-p503", 106.68579449828755, 10.769836387725917),
("tour1-r1-p504", 106.68571047152415, 10.76974927969171),
("tour1-r1-p505", 106.6856275460495, 10.769662678496946),
("tour1-r1-p506", 106.68552243400764, 10.769549741157242),
("tour1-r1-p507", 106.68542916146224, 10.769449402122161),
("tour1-r1-p508", 106.6853555679485, 10.769372562131453),
("tour1-r1-p509", 106.68527539561997, 10.769290100542177),
("tour1-r1-p510", 106.68517745330497, 10.76918809490452),
("tour1-r1-p511", 106.68510359912966, 10.769111356737872),
("tour1-r1-p512", 106.68502067179728, 10.769024641445084),
("tour1-r1-p513", 106.68494556526986, 10.76894726493868),
("tour1-r1-p514", 106.68489511392727, 10.76889378920956),
("tour1-r1-p515", 106.68481761290786, 10.768814350812125),
("tour1-r1-p516", 106.68476978017874, 10.768765164644206),
("tour1-r1-p517", 106.68469882791287, 10.768690492927062),
("tour1-r1-p518", 106.68463705490025, 10.768626528898933),
("tour1-r1-p519", 106.68457593156468, 10.768564346334722),
("tour1-r1-p520", 106.6844591882685, 10.768442322855703),
("tour1-r1-p521", 106.68438331830431, 10.768363307085195),
("tour1-r1-p522", 106.68432719551559, 10.768305191847936),
("tour1-r1-p523", 106.68424785962515, 10.76822252273361),
("tour1-r1-p524", 106.6841838369948, 10.768155281842143),
("tour1-r1-p525", 106.68411709331262, 10.768083621140951),
("tour1-r1-p526", 106.68403601456708, 10.767996469716115),
("tour1-r1-p527", 106.68397144896018, 10.767929054739351),
("tour1-r1-p528", 106.68390374169239, 10.767856060148983),
("tour1-r1-p529", 106.68383225490552, 10.767780776187047),
("tour1-r1-p530", 106.68376798859278, 10.767712131198087),
("tour1-r1-p531", 106.68365683309189, 10.76759467258038),
("tour1-r1-p532", 106.68365415088287, 10.767591159267276),
("tour1-r1-p533", 106.68353121630378, 10.767461781534385),
("tour1-r1-p534", 106.6834272251011, 10.76735137674001),
("tour1-r1-p535", 106.68327306327424, 10.767188988943191),
("tour1-r1-p536", 106.6831633374966, 10.7670722720739),
("tour1-r1-p537", 106.68305169205665, 10.76695401975928),
("tour1-r1-p538", 106.6829364918615, 10.766830646290163),
("tour1-r1-p539", 106.68284187565921, 10.766731608882417),
("tour1-r1-p540", 106.68272635352477, 10.766610007460942),
("tour1-r1-p541", 106.68261865503052, 10.766494996364079),
("tour1-r1-p542", 106.6825118176279, 10.766383710983982),
("tour1-r1-p543", 106.6824321589149, 10.7662993903415),
("tour1-r1-p544", 106.68235724227247, 10.76621217562285),
("tour1-r1-p545", 106.68229480130411, 10.76614077217496),
("tour1-r1-p546", 106.6822069490096, 10.766052830618461),
("tour1-r1-p547", 106.68218021632502, 10.76602630497558),
("tour1-r1-p548", 106.68217399005724, 10.766006210000588),
("tour1-r1-p549", 106.68216710572082, 10.76598223151935),
("tour1-r1-p550", 106.68216093663958, 10.765961502865046),
("tour1-r1-p551", 106.68215727095358, 10.76594832787557),
("tour1-r1-p552", 106.68214055185256, 10.76593216655972),
("tour1-r1-p553", 106.68211355094864, 10.765906782741503),
("tour1-r1-p554", 106.68208646063783, 10.765881662424519),
("tour1-r1-p555", 106.68200384860222, 10.765805335282975),
("tour1-r1-p556", 106.68192893085147, 10.765735266172438),
("tour1-r1-p557", 106.68184486585224, 10.765657129817413),
("tour1-r1-p558", 106.68182001071605, 10.765634732309833),
("tour1-r1-p559", 106.68181769738464, 10.765631701934378),
("tour1-r1-p560", 106.68176557311494, 10.765664815109687),
("tour1-r1-p561", 106.681753056136, 10.76567026077543),
("tour1-r1-p562", 106.68170289882667, 10.765685368113777),
("tour1-r1-p563", 106.68165238388848, 10.765690198949214),
("tour1-r1-p564", 106.68160034903713, 10.765684928946222),
("tour1-r1-p565", 106.6815511752009, 10.765670612111),
("tour1-r1-p566", 106.68150575645632, 10.765647160607687),
("tour1-r1-p567", 106.68145801313787, 10.765605615428978),
("tour1-r1-p568", 106.68143262155786, 10.76557759658207),
("tour1-r1-p569", 106.68140803463567, 10.765531956156153),
("tour1-r1-p570", 106.68139936215661, 10.765510261308252),
("tour1-r1-p571", 106.68139426595786, 10.765487336792367),
("tour1-r1-p572", 106.68139006383058, 10.765461601603377),
("tour1-r1-p573", 106.68138961679995, 10.7654330557431),
("tour1-r1-p574", 106.68139033205499, 10.765412941890652),
("tour1-r1-p575", 106.68135644681222, 10.765391334867536),
("tour1-r1-p576", 106.68133579380078, 10.765377808514716),
("tour1-r1-p577", 106.68124620801552, 10.765321068116554),
("tour1-r1-p578", 106.68114568495862, 10.765257061196623),
("tour1-r1-p579", 106.6810187396241, 10.76517642123723),
("tour1-r1-p580", 106.68089615350759, 10.7650981598503),
("tour1-r1-p581", 106.68079204333196, 10.765031834580526),
("tour1-r1-p582", 106.68071779429228, 10.764985510508895),
("tour1-r1-p583", 106.68065544720622, 10.764945147122553),
("tour1-r1-p584", 106.68058776224089, 10.764902347991725),
("tour1-r1-p585", 106.68050890528148, 10.764852370689976),
("tour1-r1-p586", 106.68040832243823, 10.764788603498857),
("tour1-r1-p587", 106.68030281771595, 10.76472176818171),
("tour1-r1-p588", 106.68020632617636, 10.764660544368697),
("tour1-r1-p589", 106.68011872513108, 10.764604155712506),
("tour1-r1-p590", 106.68004063188651, 10.764555314433784),
("tour1-r1-p591", 106.67996624528143, 10.764507269416214),
("tour1-r1-p592", 106.67989167285947, 10.764459733401193),
("tour1-r1-p593", 106.67980643528536, 10.764406273619974),
("tour1-r1-p594", 106.67975261227329, 10.764372545468705),
("tour1-r1-p595", 106.67968633641856, 10.764329580589225),
("tour1-r1-p596", 106.67962258924133, 10.764290318904788),
("tour1-r1-p597", 106.6795585428845, 10.764248982319728),
("tour1-r1-p598", 106.67949354402371, 10.764207436945098),
("tour1-r1-p599", 106.67942970744602, 10.764167384742699),
("tour1-r1-p600", 106.67932241961084, 10.764099203231074),
("tour1-r1-p601", 106.67927601739184, 10.764070569405497),
("tour1-r1-p602", 106.6792484800444, 10.764053002644186),
("tour1-r1-p603", 106.67917865319889, 10.76400873439266),
("tour1-r1-p604", 106.67913350267878, 10.763979924892224),
("tour1-r1-p605", 106.67908289833751, 10.763947689869742),
("tour1-r1-p606", 106.67901816769746, 10.763906934960083),
("tour1-r1-p607", 106.67893922133759, 10.76385704532077),
("tour1-r1-p608", 106.67887770934401, 10.763818310576305),
("tour1-r1-p609", 106.67880672021326, 10.763772900454072),
("tour1-r1-p610", 106.67874538703084, 10.763734253535155),
("tour1-r1-p611", 106.67868146104237, 10.763693674261793),
("tour1-r1-p612", 106.67864087028215, 10.763668114590798),
("tour1-r1-p613", 106.67860278290698, 10.763641149572518),
("tour1-r1-p614", 106.67855655950171, 10.763609529348317),
("tour1-r1-p615", 106.6784888784217, 10.76356280167932),
("tour1-r1-p616", 106.67844095628696, 10.763528722103134),
("tour1-r1-p617", 106.67838480870627, 10.763490338652067),
("tour1-r1-p618", 106.67831212083841, 10.763439394936832),
("tour1-r1-p619", 106.67824256220625, 10.763391174062207),
("tour1-r1-p620", 106.67817649045905, 10.763345500382979),
("tour1-r1-p621", 106.67809316316331, 10.763287266416759),
("tour1-r1-p622", 106.67803299226898, 10.763245545242883),
("tour1-r1-p623", 106.67796942391196, 10.76320189170936),
("tour1-r1-p624", 106.67792284288552, 10.763170447108646),
("tour1-r1-p625", 106.6778623143535, 10.7631303069319),
("tour1-r1-p626", 106.67780330575259, 10.763091572095302),
("tour1-r1-p627", 106.67773759162979, 10.76304932389017),
("tour1-r1-p628", 106.6776782253981, 10.763010237704515),
("tour1-r1-p629", 106.67764881050573, 10.762991529030057),
("tour1-r1-p630", 106.67758676206768, 10.762951915835066),
("tour1-r1-p631", 106.6775282899049, 10.762914147147765),
("tour1-r1-p632", 106.67742913757182, 10.762850028200148),
("tour1-r1-p633", 106.67732060023472, 10.762780779663444),
("tour1-r1-p634", 106.67722590834613, 10.762719694805636),
("tour1-r1-p635", 106.67711445247136, 10.762647607074342),
("tour1-r1-p636", 106.67700893079788, 10.762579667507145),
("tour1-r1-p637", 106.67689190578781, 10.762503816788646),
("tour1-r1-p638", 106.6767772906737, 10.762427683675542),
("tour1-r1-p639", 106.67666019692842, 10.762351191657554),
("tour1-r1-p640", 106.676552185228, 10.762279398362434),
("tour1-r1-p641", 106.67647627732721, 10.76222909552015),
("tour1-r1-p642", 106.67642388483559, 10.76219598196642),
("tour1-r1-p643", 106.67638552924744, 10.762171915351514),
("tour1-r1-p644", 106.6763354081523, 10.762142337811905),
("tour1-r1-p645", 106.6762613791824, 10.762094643739372),
("tour1-r1-p646", 106.67618777940483, 10.762048179613172),
("tour1-r1-p647", 106.67605597268275, 10.761965912906163),
("tour1-r1-p648", 106.67591600267929, 10.761878049248002),
("tour1-r1-p649", 106.6757938977835, 10.76179755479293),
("tour1-r1-p650", 106.67571628538548, 10.76174587502415),
("tour1-r1-p651", 106.67569368158867, 10.761730678063204),
("tour1-r1-p652", 106.67564593826768, 10.761699145476783),
("tour1-r1-p653", 106.67554043803945, 10.761627736016052),
("tour1-r1-p654", 106.67543078649904, 10.761554548644504),
("tour1-r1-p655", 106.6753247434425, 10.761483267930604),
("tour1-r1-p656", 106.67522230037504, 10.761414297722956),
("tour1-r1-p657", 106.67510443583434, 10.761335300502283),
("tour1-r1-p658", 106.67503446206904, 10.761288394549254),
("tour1-r1-p659", 106.6748744051051, 10.761184429395573),
("tour1-r1-p660", 106.67478284188604, 10.761125033171558),
("tour1-r1-p661", 106.67469323866224, 10.761069273472216),
("tour1-r1-p662", 106.67463550704908, 10.761032851656518),
("tour1-r1-p663", 106.67461029428027, 10.761016953577176),
("tour1-r1-p664", 106.67452590234637, 10.760961944891132),
("tour1-r1-p665", 106.6744221783174, 10.760895083091183),
("tour1-r1-p666", 106.67434633611636, 10.760846193332934),
("tour1-r1-p667", 106.67424104372029, 10.760777875509543),
("tour1-r1-p668", 106.67414290591951, 10.760714685116175),
("tour1-r1-p669", 106.67410034820027, 10.760687456328288),
("tour1-r1-p670", 106.67405635996829, 10.76065794383265),
("tour1-r1-p671", 106.67399332805645, 10.760617100644724),
("tour1-r1-p672", 106.67391065278557, 10.760563123315276),
("tour1-r1-p673", 106.67379376084962, 10.760488032616347),
("tour1-r1-p674", 106.67370910280434, 10.760434203165275),
("tour1-r1-p675", 106.6735957352765, 10.76036116694175),
("tour1-r1-p676", 106.67349578007433, 10.760296020192902),
("tour1-r1-p677", 106.67338244385452, 10.760221913824237),
("tour1-r1-p678", 106.67328070049525, 10.760157003005004),
("tour1-r1-p679", 106.67327640895981, 10.76015401661568),
("tour1-r1-p680", 106.67321650629012, 10.76011475438107),
("tour1-r1-p681", 106.67311967853982, 10.760050371342125),
("tour1-r1-p682", 106.67301264710419, 10.75997970369528),
("tour1-r1-p683", 106.67290176908996, 10.75990689230612),
("tour1-r1-p684", 106.67280057969458, 10.75983996475711),
("tour1-r1-p685", 106.67270285805188, 10.75977617789253),
("tour1-r1-p686", 106.6725802424221, 10.759693950768096),
("tour1-r1-p687", 106.67257308985619, 10.759689646841577),
("tour1-r1-p688", 106.67245548538092, 10.759612416527016),
("tour1-r1-p689", 106.6723381921656, 10.759536173288376),
("tour1-r1-p690", 106.67223590481811, 10.7594690110735),
("tour1-r1-p691", 106.67211139956947, 10.759388081799848),
("tour1-r1-p692", 106.67199440166937, 10.759311437860923),
("tour1-r1-p693", 106.67188140471363, 10.759237227970127),
("tour1-r1-p694", 106.67178240395572, 10.759172752413198),
("tour1-r1-p695", 106.67171254581832, 10.75912749734368),
("tour1-r1-p696", 106.67157650820623, 10.759038005146346),
("tour1-r1-p697", 106.67146924979177, 10.75896757118993),
("tour1-r1-p698", 106.671373329157, 10.758905099746444),
("tour1-r1-p699", 106.6712927734758, 10.758853101235884),
("tour1-r1-p700", 106.67117101910759, 10.758774297682022),
("tour1-r1-p701", 106.67108593001501, 10.758718872362092),
("tour1-r1-p702", 106.67093710966968, 10.75862241896858),
("tour1-r1-p703", 106.67078634937411, 10.758525018013733),
("tour1-r1-p704", 106.67060132664523, 10.758404846497598),
("tour1-r1-p705", 106.6705214418108, 10.758353819263986),
("tour1-r1-p706", 106.67043180279241, 10.758295569871006),
("tour1-r1-p707", 106.67033558614519, 10.758233151850574),
("tour1-r1-p708", 106.67031442245582, 10.758219169080105),
("tour1-r1-p709", 106.67024709901101, 10.758176041831451),
("tour1-r1-p710", 106.67017816622962, 10.758130982195262),
("tour1-r1-p711", 106.67007409651414, 10.75806422716857),
("tour1-r1-p712", 106.66998416818515, 10.758005216304605),
("tour1-r1-p713", 106.6698735529746, 10.757933559506348),
("tour1-r1-p714", 106.66976607334539, 10.757864182600409),
("tour1-r1-p715", 106.66969370834332, 10.757817104157821),
("tour1-r1-p716", 106.66961613656521, 10.75776713473381),
("tour1-r1-p717", 106.66955533982608, 10.757727169510078),
("tour1-r1-p718", 106.66949293374884, 10.757687379957249),
("tour1-r1-p719", 106.66946226715767, 10.757667353422324),
("tour1-r1-p720", 106.66945270061224, 10.75766120492817),
("tour1-r1-p721", 106.66942748784854, 10.757645218832943),
("tour1-r1-p722", 106.66940236448787, 10.757629320574983),
("tour1-r1-p723", 106.66938323140229, 10.757618253277201),
("tour1-r1-p724", 106.66935980676855, 10.757606131950418),
("tour1-r1-p725", 106.6693421935962, 10.757596909202219),
("tour1-r1-p726", 106.66930052994829, 10.757574423263922),
("tour1-r1-p727", 106.66926369427459, 10.757554484558385),
("tour1-r1-p728", 106.66922319292, 10.757533316145134),
("tour1-r1-p729", 106.669185820805, 10.757513201765603),
("tour1-r1-p730", 106.66911331174711, 10.7574745540409),
("tour1-r1-p731", 106.66900996492708, 10.75742002414707),
("tour1-r1-p732", 106.6688811604605, 10.757351181373867),
("tour1-r1-p733", 106.6687847053776, 10.757299253994656),
("tour1-r1-p734", 106.66867946289422, 10.757243678456186),
("tour1-r1-p735", 106.668572555349, 10.75719054314359),
("tour1-r1-p736", 106.66847298840125, 10.757143075231383),
("tour1-r1-p737", 106.66838558485021, 10.75710190347198),
("tour1-r1-p738", 106.66829652968, 10.757059875358383),
("tour1-r1-p739", 106.66820629663964, 10.757016956911947),
("tour1-r1-p740", 106.66811169343208, 10.756972701850906),
("tour1-r1-p741", 106.66801976587483, 10.7569291525765),
("tour1-r1-p742", 106.66794644860146, 10.756894598422063),
("tour1-r1-p743", 106.66785305473327, 10.756855171991026),
("tour1-r1-p744", 106.66775621002684, 10.756813158541426),
("tour1-r1-p745", 106.66766744227387, 10.75677551569511),
("tour1-r1-p746", 106.66758240854443, 10.75673933909635),
("tour1-r1-p747", 106.66749684640862, 10.756703037014185),
("tour1-r1-p748", 106.66739133184574, 10.756657684958943),
("tour1-r1-p749", 106.66725574928307, 10.756599447329538),
("tour1-r1-p750", 106.66722257929025, 10.75658627193089),
("tour1-r1-p751", 106.66715312430821, 10.756558570053546),
("tour1-r1-p752", 106.66706925366334, 10.756526427983626),
("tour1-r1-p753", 106.66698002607086, 10.756490729145067),
("tour1-r1-p754", 106.6669008508882, 10.756459522399897),
("tour1-r1-p755", 106.66681487964641, 10.756425638446256),
("tour1-r1-p756", 106.66673239337362, 10.75639326734069),
("tour1-r1-p757", 106.66664824502229, 10.756360590988459),
("tour1-r1-p758", 106.66655230740174, 10.756321876007886),
("tour1-r1-p759", 106.66646917252787, 10.756289029631892),
("tour1-r1-p760", 106.66637448860304, 10.756251141826992),
("tour1-r1-p761", 106.66632102323652, 10.756229973329798),
("tour1-r1-p762", 106.66626035330839, 10.756205582101046),
("tour1-r1-p763", 106.66623558757526, 10.75619600796593),
("tour1-r1-p764", 106.66622977612151, 10.756193724226819),
("tour1-r1-p765", 106.66619937775866, 10.756187575697577),
("tour1-r1-p766", 106.6661513662081, 10.756177650212743),
("tour1-r1-p767", 106.66614428647203, 10.756176701425343),
("tour1-r1-p768", 106.66605934984855, 10.756158343676011),
("tour1-r1-p769", 106.6660445082946, 10.756155269408533),
("tour1-r1-p770", 106.66598281748026, 10.756142884518598),
("tour1-r1-p771", 106.66589081229063, 10.756123392248146),
("tour1-r1-p772", 106.66576323846215, 10.756096383646941),
("tour1-r1-p773", 106.66565084635235, 10.756072894166165),
("tour1-r1-p774", 106.66554895603261, 10.756050712212026),
("tour1-r1-p775", 106.66539472880704, 10.756018366717926),
("tour1-r1-p776", 106.66532239856397, 10.7560032589027),
("tour1-r1-p777", 106.66527242006809, 10.755992806400336),
("tour1-r1-p778", 106.66511542143165, 10.755960219183304),
("tour1-r1-p779", 106.66497922516949, 10.755932239779321),
("tour1-r1-p780", 106.6649794039807, 10.755932503286356),
("tour1-r1-p781", 106.66482794653952, 10.755901725504337),
("tour1-r1-p782", 106.66469314048398, 10.755873763630477),
("tour1-r1-p783", 106.66455187029997, 10.755844921532905),
("tour1-r1-p784", 106.66443134219523, 10.755820270183072),
("tour1-r1-p785", 106.66430866426087, 10.755793755277566),
("tour1-r1-p786", 106.66420894972268, 10.755774474892398),
("tour1-r1-p787", 106.66406662472413, 10.755745545148166),
("tour1-r1-p788", 106.66391710115215, 10.755715021219194),
("tour1-r1-p789", 106.66376817424936, 10.755684724686114),
("tour1-r1-p790", 106.6636135246726, 10.755654203633457),
("tour1-r1-p791", 106.66345497787991, 10.75562200155899),
("tour1-r1-p792", 106.66333020960684, 10.755596460356825),
("tour1-r1-p793", 106.6631945950005, 10.755570044042903),
("tour1-r1-p794", 106.66304006859801, 10.755538910075833),
("tour1-r1-p795", 106.66288726827061, 10.755508407886753),
("tour1-r1-p796", 106.66274184033242, 10.75547941125837),
("tour1-r1-p797", 106.66249164127422, 10.75542920948078),
("tour1-r1-p798", 106.66235936787707, 10.755403281594361),
("tour1-r1-p799", 106.66224021853571, 10.755379558401527),
("tour1-r1-p800", 106.66212841289067, 10.755357006624376),
("tour1-r1-p801", 106.66200914174186, 10.755333005960702),
("tour1-r1-p802", 106.66184924516932, 10.75530187226417),
("tour1-r1-p803", 106.66170119801001, 10.755273091581952),
("tour1-r1-p804", 106.66153463347644, 10.755239142941196),
("tour1-r1-p805", 106.66149136049951, 10.755230798486178),
("tour1-r1-p806", 106.66137558625411, 10.755207960634593),
("tour1-r1-p807", 106.66127446863788, 10.755188161465615),
("tour1-r1-p808", 106.66112605410352, 10.755158061649118),
("tour1-r1-p809", 106.66099219944304, 10.755131128490824),
("tour1-r1-p810", 106.66088599268846, 10.755110397882856),
("tour1-r1-p811", 106.66078232316295, 10.755089511423117),
("tour1-r1-p812", 106.66054136944331, 10.755042322142893),
("tour1-r1-p813", 106.66034438535937, 10.755003514264844),
("tour1-r1-p814", 106.6603443710186, 10.755001615048014),
("tour1-r1-p815", 106.66034714263324, 10.754976669495132),
("tour1-r1-p816", 106.66035322230633, 10.754928271595555),
("tour1-r1-p817", 106.66035987624242, 10.754844267524685),
("tour1-r1-p818", 106.66036157497446, 10.754825909696793),
("tour1-r1-p819", 106.66036100501107, 10.754820826159923),
("tour1-r1-p820", 106.66034857744295, 10.754757232521268),
("tour1-r1-p821", 106.66033883207864, 10.7547083075778),
("tour1-r1-p822", 106.66032617847384, 10.754644056765366),
("tour1-r1-p823", 106.66030407452443, 10.754533160279541),
("tour1-r1-p824", 106.66028598836284, 10.754439749689665),
("tour1-r1-p825", 106.66026225408294, 10.754321897177421),
("tour1-r1-p826", 106.66024365027617, 10.75425227272792),
("tour1-r1-p827", 106.66023620815119, 10.754225172197858),
("tour1-r1-p828", 106.660226283986, 10.754169747238718),
("tour1-r1-p829", 106.66020975932113, 10.754077581975219),
("tour1-r1-p830", 106.66019104528115, 10.753978970748935),
("tour1-r1-p831", 106.66017287083642, 10.753888277592665),
("tour1-r1-p832", 106.66016167542375, 10.75382903422528),
("tour1-r1-p833", 106.66013472369305, 10.753691102352127),
("tour1-r1-p834", 106.66012422591167, 10.753635975703686),
("tour1-r1-p835", 106.66009808968097, 10.753499247385411),
("tour1-r1-p836", 106.66007894957231, 10.75340009155363),
("tour1-r1-p837", 106.66006086518816, 10.753306322014966),
("tour1-r1-p838", 106.66004524649027, 10.753225263365662),
("tour1-r1-p839", 106.66002524638242, 10.753122037384403),
("tour1-r1-p840", 106.66000763648279, 10.753027989563309),
("tour1-r1-p841", 106.66000736826086, 10.753027550377332),
("tour1-r1-p842", 106.6600750493434, 10.753028428746793),
("tour1-r1-p843", 106.66021705278087, 10.753030544785204),
("tour1-r1-p844", 106.66038628864712, 10.753032226082258),
("tour1-r1-p845", 106.66056113105708, 10.753034182983678),
("tour1-r1-p846", 106.66061745745151, 10.753033831630868),
("tour1-r1-p847", 106.66072348004464, 10.753033128927767),
("tour1-r1-p848", 106.66083498785977, 10.753034164244179),
("tour1-r1-p849", 106.66091598350515, 10.753035531177932),
("tour1-r1-p850", 106.66115676673606, 10.753040097369887),
("tour1-r1-p851", 106.66115647885755, 10.753108082779246),
("tour1-r1-p852", 106.66115647885755, 10.753197325172456),
("tour1-r1-p853", 106.66115665767896, 10.75322929783901);

-- tour1 - route2
INSERT INTO points (id, longitude, latitude) VALUES 
("tour1-r2-p1", 106.66115658084294, 10.75304044685048),
("tour1-r2-p2", 106.66104602740485, 10.753037875390405),
("tour1-r2-p3", 106.6611609187708, 10.753040113990968),
("tour1-r2-p4", 106.6611610131095, 10.753040014896614),
("tour1-r2-p5", 106.66129007490552, 10.753042039428966),
("tour1-r2-p6", 106.6614209860424, 10.753043840852937),
("tour1-r2-p7", 106.66143690048017, 10.753044631386661),
("tour1-r2-p8", 106.66144113984036, 10.753114733055506),
("tour1-r2-p9", 106.66144654392912, 10.753211927040514),
("tour1-r2-p10", 106.66145145682965, 10.753293056489895),
("tour1-r2-p11", 106.6614557632685, 10.75337457723111),
("tour1-r2-p12", 106.66146094998996, 10.753459670089482),
("tour1-r2-p13", 106.66146578452505, 10.753549798089276),
("tour1-r2-p14", 106.6614728752188, 10.75366312068177),
("tour1-r2-p15", 106.66147953849892, 10.753793999789785),
("tour1-r2-p16", 106.661486539719, 10.753911234558057),
("tour1-r2-p17", 106.66149198663169, 10.754000380512093),
("tour1-r2-p18", 106.66149833453181, 10.754116457495295),
("tour1-r2-p19", 106.66150598372228, 10.75425314005966),
("tour1-r2-p20", 106.66151206340056, 10.75435696299746),
("tour1-r2-p21", 106.66151869407463, 10.75444175476393),
("tour1-r2-p22", 106.66152841164362, 10.754566450234009),
("tour1-r2-p23", 106.66153669987666, 10.754674863165112),
("tour1-r2-p24", 106.66154322656772, 10.754763314567338),
("tour1-r2-p25", 106.66155178800432, 10.754876432094154),
("tour1-r2-p26", 106.66156016337415, 10.754978284946079),
("tour1-r2-p27", 106.66156555071967, 10.75505413796655),
("tour1-r2-p28", 106.66156564012527, 10.75505879329711),
("tour1-r2-p29", 106.66155419604439, 10.755115974814618),
("tour1-r2-p30", 106.66153742846068, 10.755205594617651),
("tour1-r2-p31", 106.66153153154416, 10.755236329696753),
("tour1-r2-p32", 106.66153081629423, 10.755238613443115),
("tour1-r2-p33", 106.66141610055796, 10.75521606576585),
("tour1-r2-p34", 106.66130038409472, 10.755193236364072),
("tour1-r2-p35", 106.6611633232518, 10.755165777519169),
("tour1-r2-p36", 106.66102417470364, 10.755137720652586),
("tour1-r2-p37", 106.66085235570893, 10.755103966803466),
("tour1-r2-p38", 106.66068884887277, 10.755070879401858),
("tour1-r2-p39", 106.6605251471162, 10.75503936238083),
("tour1-r2-p40", 106.66039365232812, 10.755013480146019),
("tour1-r2-p41", 106.66034419729012, 10.755003704550841),
("tour1-r2-p42", 106.66016845817121, 10.754968918923664),
("tour1-r2-p43", 106.65988204279039, 10.754913179971284),
("tour1-r2-p44", 106.65973825771691, 10.75488574100055),
("tour1-r2-p45", 106.65958908574247, 10.754856405474255),
("tour1-r2-p46", 106.65939725760055, 10.75481933044233),
("tour1-r2-p47", 106.65920894027323, 10.754782993676587),
("tour1-r2-p48", 106.65901964584427, 10.754745954678832),
("tour1-r2-p49", 106.65883969405483, 10.754710946506334),
("tour1-r2-p50", 106.65859699832558, 10.754663757020456),
("tour1-r2-p51", 106.6584743708407, 10.754639744712327),
("tour1-r2-p52", 106.65821228986692, 10.754589741684802),
("tour1-r2-p53", 106.65795923938619, 10.754540228940785),
("tour1-r2-p54", 106.65773508078834, 10.754496897716429),
("tour1-r2-p55", 106.65754555570679, 10.754460290231792),
("tour1-r2-p56", 106.65737991787333, 10.754428597154519),
("tour1-r2-p57", 106.65719708249411, 10.754393285847145),
("tour1-r2-p58", 106.65702798771423, 10.754361941996214),
("tour1-r2-p59", 106.65687769038932, 10.754334219060276),
("tour1-r2-p60", 106.65673447870793, 10.754308096337658),
("tour1-r2-p61", 106.65654873068024, 10.754273498493811),
("tour1-r2-p62", 106.65639724671286, 10.754245334556146),
("tour1-r2-p63", 106.65625606722666, 10.75421868079963),
("tour1-r2-p64", 106.65612556987793, 10.754194756645166),
("tour1-r2-p65", 106.6560065692017, 10.754172885312027),
("tour1-r2-p66", 106.65586072864102, 10.754145648320879),
("tour1-r2-p67", 106.6557124348415, 10.754118283118007),
("tour1-r2-p68", 106.65553522287651, 10.754085961035793),
("tour1-r2-p69", 106.65539489470162, 10.75405925490011),
("tour1-r2-p70", 106.65521474005016, 10.754025431041333),
("tour1-r2-p71", 106.65507065820427, 10.753998964634398),
("tour1-r2-p72", 106.6548462289828, 10.753956840244596),
("tour1-r2-p73", 106.65467759982933, 10.753925975977838),
("tour1-r2-p74", 106.65453049440782, 10.753899105401892),
("tour1-r2-p75", 106.65436086568133, 10.753867921742383),
("tour1-r2-p76", 106.65415719795416, 10.753830928426478),
("tour1-r2-p77", 106.6539538208084, 10.753793680148886),
("tour1-r2-p78", 106.65381177276564, 10.75376761464685),
("tour1-r2-p79", 106.65370374733482, 10.753749616376735),
("tour1-r2-p80", 106.65358719841852, 10.753730760871523),
("tour1-r2-p81", 106.65345301866519, 10.753707227321234),
("tour1-r2-p82", 106.6533988360806, 10.753698447283908),
("tour1-r2-p83", 106.65325473666054, 10.753673440016623),
("tour1-r2-p84", 106.65314207812993, 10.753653367042496),
("tour1-r2-p85", 106.6530268064771, 10.753633938822983),
("tour1-r2-p86", 106.65291531671444, 10.75362068662637),
("tour1-r2-p87", 106.65276695500053, 10.753604010973964),
("tour1-r2-p88", 106.6526287305645, 10.753588992902362),
("tour1-r2-p89", 106.65243535605039, 10.753566506367825),
("tour1-r2-p90", 106.65225693303304, 10.753545804937147),
("tour1-r2-p91", 106.65213492610508, 10.75353104127641),
("tour1-r2-p92", 106.65194259195255, 10.753508879440998),
("tour1-r2-p93", 106.65182912832039, 10.753495654091575),
("tour1-r2-p94", 106.65167820783691, 10.753494321224437),
("tour1-r2-p95", 106.65150755434506, 10.753494471845736),
("tour1-r2-p96", 106.6513193311124, 10.75349496315332),
("tour1-r2-p97", 106.6511971026386, 10.753494872577471),
("tour1-r2-p98", 106.65107745697145, 10.753495669863183),
("tour1-r2-p99", 106.65089383576276, 10.753496481415882),
("tour1-r2-p100", 106.65071285164862, 10.753496449540592),
("tour1-r2-p101", 106.6506895737942, 10.753496627681702),
("tour1-r2-p102", 106.65068957379926, 10.75344779036683),
("tour1-r2-p103", 106.65068995686335, 10.753407713851075),
("tour1-r2-p104", 106.65069587798703, 10.753326680096738),
("tour1-r2-p105", 106.65069552035953, 10.753322903105524),
("tour1-r2-p106", 106.65068576385218, 10.753248029586269),
("tour1-r2-p107", 106.65067479009613, 10.753160669191447),
("tour1-r2-p108", 106.65065965797777, 10.753045283177833),
("tour1-r2-p109", 106.65064632189205, 10.752945156638358),
("tour1-r2-p110", 106.65063000607833, 10.752818349761696),
("tour1-r2-p111", 106.6506167641181, 10.752718313290059),
("tour1-r2-p112", 106.65060874099376, 10.752622015619531),
("tour1-r2-p113", 106.65061330075115, 10.752491901355503),
("tour1-r2-p114", 106.65061732405955, 10.75238431110605),
("tour1-r2-p115", 106.65061830753653, 10.752356378866436),
("tour1-r2-p116", 106.65061231726915, 10.752305081923287),
("tour1-r2-p117", 106.65060175027894, 10.75221547938755),
("tour1-r2-p118", 106.65058551321421, 10.752073700454368),
("tour1-r2-p119", 106.65056586122773, 10.751902839893472),
("tour1-r2-p120", 106.65055129257124, 10.751783150824354),
("tour1-r2-p121", 106.650529911831, 10.751619147614537),
("tour1-r2-p122", 106.65051259731484, 10.751480824889075),
("tour1-r2-p123", 106.65050736438263, 10.751429165694057),
("tour1-r2-p124", 106.6504955451442, 10.751306429636646),
("tour1-r2-p125", 106.65048372794695, 10.751188858231698),
("tour1-r2-p126", 106.65047148799191, 10.751059780023512),
("tour1-r2-p127", 106.65046862696656, 10.7510253476717),
("tour1-r2-p128", 106.650437155716, 10.751027104427274),
("tour1-r2-p129", 106.65041444634493, 10.751028861177812),
("tour1-r2-p130", 106.65031171860218, 10.751042720614207),
("tour1-r2-p131", 106.65021977832033, 10.751052997613028),
("tour1-r2-p132", 106.65011746890629, 10.751064106928023),
("tour1-r2-p133", 106.65009958750944, 10.751065600174606),
("tour1-r2-p134", 106.65000782635948, 10.751020564509124),
("tour1-r2-p135", 106.6499024228482, 10.750967824360055),
("tour1-r2-p136", 106.64980586006038, 10.750921314736123),
("tour1-r2-p137", 106.64976482225933, 10.750899970184783),
("tour1-r2-p138", 106.64965256431124, 10.750842763321154),
("tour1-r2-p139", 106.64956048189693, 10.750796270186923),
("tour1-r2-p140", 106.64955502807331, 10.750730567595978),
("tour1-r2-p141", 106.64955011070889, 10.750670398762193),
("tour1-r2-p142", 106.64954246357348, 10.750571176382875),
("tour1-r2-p143", 106.64953543634161, 10.750486490086525),
("tour1-r2-p144", 106.64952632930931, 10.750384556298629),
("tour1-r2-p145", 106.6495179616341, 10.750294955636646),
("tour1-r2-p146", 106.64950860691262, 10.75019249087138),
("tour1-r2-p147", 106.64949757293624, 10.75007350956822),
("tour1-r2-p148", 106.649484379854, 10.749930864946561),
("tour1-r2-p149", 106.64947099996274, 10.749786639137488),
("tour1-r2-p150", 106.64946504334786, 10.749722280426925),
("tour1-r2-p151", 106.64952807525984, 10.749731152059239),
("tour1-r2-p152", 106.64962669059203, 10.749745573583485),
("tour1-r2-p153", 106.64969819674613, 10.749755969842026),
("tour1-r2-p154", 106.64977061730245, 10.74977200053111),
("tour1-r2-p155", 106.64986781165253, 10.749792010781746),
("tour1-r2-p156", 106.64993679911424, 10.749807472314131),
("tour1-r2-p157", 106.65004360587804, 10.749828507126646),
("tour1-r2-p158", 106.65017254461254, 10.749854614622118),
("tour1-r2-p159", 106.65018810142277, 10.749857337602318),
("tour1-r2-p160", 106.65020837926737, 10.749785850553152),
("tour1-r2-p161", 106.65023691143153, 10.749680104482264),
("tour1-r2-p162", 106.65062744108036, 10.749761618181427),
("tour1-r2-p163", 106.65100080460786, 10.749843131818364),
("tour1-r2-p164", 106.65108091325587, 10.74946367156932);

-- tour
INSERT INTO tours 
(id, name, price, date_start, total_time, description, thumbnail_img, center_point_id, zoom_val, admin_id)
VALUES
("tour1", "Tour Dinh c Lp - Hi qun Tu Thanh - Ch Bnh Ty", 3500000, "2024-12-12", "3 ngy 2 m", "Tour tham quan 3 im n ni ting ti Thnh ph H Ch Minh", "https://static.hotdeal.vn/images/1598/1598345/500x500/356818-tour-sai-gon-city-tour-1-ngay-dinh-doc-lap-nha-tho-duc-ba-buu-dien-thanh-pho-cho-ben-thanh-khoi-hanh-hang-ngay-ko-phu-thu-cuoi-tuan.jpg", "tour1-center", 14, 1);

-- route 
INSERT INTO routes (id, name, description, tour_id) VALUES 
("tour1-route1", "ng i t Dinh c Lp n Hi qun Tu Thnh", "ng i t Dinh c Lp n Hi qun Tu Thnh", "tour1"),
("tour1-route2", "ng i t hi qun Tu Thnh n ch Bnh Ty", "ng i t hi qun Tu Thnh n ch Bnh Ty", "tour1");

-- route point
INSERT INTO route_points (route_id, point_id) VALUES 
("tour1-route1", "tour1-r1-p1"),
("tour1-route1", "tour1-r1-p2"),
("tour1-route1", "tour1-r1-p3"),
("tour1-route1", "tour1-r1-p4"),
("tour1-route1", "tour1-r1-p5"),
("tour1-route1", "tour1-r1-p6"),
("tour1-route1", "tour1-r1-p7"),
("tour1-route1", "tour1-r1-p8"),
("tour1-route1", "tour1-r1-p9"),
("tour1-route1", "tour1-r1-p10"),
("tour1-route1", "tour1-r1-p11"),
("tour1-route1", "tour1-r1-p12"),
("tour1-route1", "tour1-r1-p13"),
("tour1-route1", "tour1-r1-p14"),
("tour1-route1", "tour1-r1-p15"),
("tour1-route1", "tour1-r1-p16"),
("tour1-route1", "tour1-r1-p17"),
("tour1-route1", "tour1-r1-p18"),
("tour1-route1", "tour1-r1-p19"),
("tour1-route1", "tour1-r1-p20"),
("tour1-route1", "tour1-r1-p21"),
("tour1-route1", "tour1-r1-p22"),
("tour1-route1", "tour1-r1-p23"),
("tour1-route1", "tour1-r1-p24"),
("tour1-route1", "tour1-r1-p25"),
("tour1-route1", "tour1-r1-p26"),
("tour1-route1", "tour1-r1-p27"),
("tour1-route1", "tour1-r1-p28"),
("tour1-route1", "tour1-r1-p29"),
("tour1-route1", "tour1-r1-p30"),
("tour1-route1", "tour1-r1-p31"),
("tour1-route1", "tour1-r1-p32"),
("tour1-route1", "tour1-r1-p33"),
("tour1-route1", "tour1-r1-p34"),
("tour1-route1", "tour1-r1-p35"),
("tour1-route1", "tour1-r1-p36"),
("tour1-route1", "tour1-r1-p37"),
("tour1-route1", "tour1-r1-p38"),
("tour1-route1", "tour1-r1-p39"),
("tour1-route1", "tour1-r1-p40"),
("tour1-route1", "tour1-r1-p41"),
("tour1-route1", "tour1-r1-p42"),
("tour1-route1", "tour1-r1-p43"),
("tour1-route1", "tour1-r1-p44"),
("tour1-route1", "tour1-r1-p45"),
("tour1-route1", "tour1-r1-p46"),
("tour1-route1", "tour1-r1-p47"),
("tour1-route1", "tour1-r1-p48"),
("tour1-route1", "tour1-r1-p49"),
("tour1-route1", "tour1-r1-p50"),
("tour1-route1", "tour1-r1-p51"),
("tour1-route1", "tour1-r1-p52"),
("tour1-route1", "tour1-r1-p53"),
("tour1-route1", "tour1-r1-p54"),
("tour1-route1", "tour1-r1-p55"),
("tour1-route1", "tour1-r1-p56"),
("tour1-route1", "tour1-r1-p57"),
("tour1-route1", "tour1-r1-p58"),
("tour1-route1", "tour1-r1-p59"),
("tour1-route1", "tour1-r1-p60"),
("tour1-route1", "tour1-r1-p61"),
("tour1-route1", "tour1-r1-p62"),
("tour1-route1", "tour1-r1-p63"),
("tour1-route1", "tour1-r1-p64"),
("tour1-route1", "tour1-r1-p65"),
("tour1-route1", "tour1-r1-p66"),
("tour1-route1", "tour1-r1-p67"),
("tour1-route1", "tour1-r1-p68"),
("tour1-route1", "tour1-r1-p69"),
("tour1-route1", "tour1-r1-p70"),
("tour1-route1", "tour1-r1-p71"),
("tour1-route1", "tour1-r1-p72"),
("tour1-route1", "tour1-r1-p73"),
("tour1-route1", "tour1-r1-p74"),
("tour1-route1", "tour1-r1-p75"),
("tour1-route1", "tour1-r1-p76"),
("tour1-route1", "tour1-r1-p77"),
("tour1-route1", "tour1-r1-p78"),
("tour1-route1", "tour1-r1-p79"),
("tour1-route1", "tour1-r1-p80"),
("tour1-route1", "tour1-r1-p81"),
("tour1-route1", "tour1-r1-p82"),
("tour1-route1", "tour1-r1-p83"),
("tour1-route1", "tour1-r1-p84"),
("tour1-route1", "tour1-r1-p85"),
("tour1-route1", "tour1-r1-p86"),
("tour1-route1", "tour1-r1-p87"),
("tour1-route1", "tour1-r1-p88"),
("tour1-route1", "tour1-r1-p89"),
("tour1-route1", "tour1-r1-p90"),
("tour1-route1", "tour1-r1-p91"),
("tour1-route1", "tour1-r1-p92"),
("tour1-route1", "tour1-r1-p93"),
("tour1-route1", "tour1-r1-p94"),
("tour1-route1", "tour1-r1-p95"),
("tour1-route1", "tour1-r1-p96"),
("tour1-route1", "tour1-r1-p97"),
("tour1-route1", "tour1-r1-p98"),
("tour1-route1", "tour1-r1-p99"),
("tour1-route1", "tour1-r1-p100"),
("tour1-route1", "tour1-r1-p101"),
("tour1-route1", "tour1-r1-p102"),
("tour1-route1", "tour1-r1-p103"),
("tour1-route1", "tour1-r1-p104"),
("tour1-route1", "tour1-r1-p105"),
("tour1-route1", "tour1-r1-p106"),
("tour1-route1", "tour1-r1-p107"),
("tour1-route1", "tour1-r1-p108"),
("tour1-route1", "tour1-r1-p109"),
("tour1-route1", "tour1-r1-p110"),
("tour1-route1", "tour1-r1-p111"),
("tour1-route1", "tour1-r1-p112"),
("tour1-route1", "tour1-r1-p113"),
("tour1-route1", "tour1-r1-p114"),
("tour1-route1", "tour1-r1-p115"),
("tour1-route1", "tour1-r1-p116"),
("tour1-route1", "tour1-r1-p117"),
("tour1-route1", "tour1-r1-p118"),
("tour1-route1", "tour1-r1-p119"),
("tour1-route1", "tour1-r1-p120"),
("tour1-route1", "tour1-r1-p121"),
("tour1-route1", "tour1-r1-p122"),
("tour1-route1", "tour1-r1-p123"),
("tour1-route1", "tour1-r1-p124"),
("tour1-route1", "tour1-r1-p125"),
("tour1-route1", "tour1-r1-p126"),
("tour1-route1", "tour1-r1-p127"),
("tour1-route1", "tour1-r1-p128"),
("tour1-route1", "tour1-r1-p129"),
("tour1-route1", "tour1-r1-p130"),
("tour1-route1", "tour1-r1-p131"),
("tour1-route1", "tour1-r1-p132"),
("tour1-route1", "tour1-r1-p133"),
("tour1-route1", "tour1-r1-p134"),
("tour1-route1", "tour1-r1-p135"),
("tour1-route1", "tour1-r1-p136"),
("tour1-route1", "tour1-r1-p137"),
("tour1-route1", "tour1-r1-p138"),
("tour1-route1", "tour1-r1-p139"),
("tour1-route1", "tour1-r1-p140"),
("tour1-route1", "tour1-r1-p141"),
("tour1-route1", "tour1-r1-p142"),
("tour1-route1", "tour1-r1-p143"),
("tour1-route1", "tour1-r1-p144"),
("tour1-route1", "tour1-r1-p145"),
("tour1-route1", "tour1-r1-p146"),
("tour1-route1", "tour1-r1-p147"),
("tour1-route1", "tour1-r1-p148"),
("tour1-route1", "tour1-r1-p149"),
("tour1-route1", "tour1-r1-p150"),
("tour1-route1", "tour1-r1-p151"),
("tour1-route1", "tour1-r1-p152"),
("tour1-route1", "tour1-r1-p153"),
("tour1-route1", "tour1-r1-p154"),
("tour1-route1", "tour1-r1-p155"),
("tour1-route1", "tour1-r1-p156"),
("tour1-route1", "tour1-r1-p157"),
("tour1-route1", "tour1-r1-p158"),
("tour1-route1", "tour1-r1-p159"),
("tour1-route1", "tour1-r1-p160"),
("tour1-route1", "tour1-r1-p161"),
("tour1-route1", "tour1-r1-p162"),
("tour1-route1", "tour1-r1-p163"),
("tour1-route1", "tour1-r1-p164"),
("tour1-route1", "tour1-r1-p165"),
("tour1-route1", "tour1-r1-p166"),
("tour1-route1", "tour1-r1-p167"),
("tour1-route1", "tour1-r1-p168"),
("tour1-route1", "tour1-r1-p169"),
("tour1-route1", "tour1-r1-p170"),
("tour1-route1", "tour1-r1-p171"),
("tour1-route1", "tour1-r1-p172"),
("tour1-route1", "tour1-r1-p173"),
("tour1-route1", "tour1-r1-p174"),
("tour1-route1", "tour1-r1-p175"),
("tour1-route1", "tour1-r1-p176"),
("tour1-route1", "tour1-r1-p177"),
("tour1-route1", "tour1-r1-p178"),
("tour1-route1", "tour1-r1-p179"),
("tour1-route1", "tour1-r1-p180"),
("tour1-route1", "tour1-r1-p181"),
("tour1-route1", "tour1-r1-p182"),
("tour1-route1", "tour1-r1-p183"),
("tour1-route1", "tour1-r1-p184"),
("tour1-route1", "tour1-r1-p185"),
("tour1-route1", "tour1-r1-p186"),
("tour1-route1", "tour1-r1-p187"),
("tour1-route1", "tour1-r1-p188"),
("tour1-route1", "tour1-r1-p189"),
("tour1-route1", "tour1-r1-p190"),
("tour1-route1", "tour1-r1-p191"),
("tour1-route1", "tour1-r1-p192"),
("tour1-route1", "tour1-r1-p193"),
("tour1-route1", "tour1-r1-p194"),
("tour1-route1", "tour1-r1-p195"),
("tour1-route1", "tour1-r1-p196"),
("tour1-route1", "tour1-r1-p197"),
("tour1-route1", "tour1-r1-p198"),
("tour1-route1", "tour1-r1-p199"),
("tour1-route1", "tour1-r1-p200"),
("tour1-route1", "tour1-r1-p201"),
("tour1-route1", "tour1-r1-p202"),
("tour1-route1", "tour1-r1-p203"),
("tour1-route1", "tour1-r1-p204"),
("tour1-route1", "tour1-r1-p205"),
("tour1-route1", "tour1-r1-p206"),
("tour1-route1", "tour1-r1-p207"),
("tour1-route1", "tour1-r1-p208"),
("tour1-route1", "tour1-r1-p209"),
("tour1-route1", "tour1-r1-p210"),
("tour1-route1", "tour1-r1-p211"),
("tour1-route1", "tour1-r1-p212"),
("tour1-route1", "tour1-r1-p213"),
("tour1-route1", "tour1-r1-p214"),
("tour1-route1", "tour1-r1-p215"),
("tour1-route1", "tour1-r1-p216"),
("tour1-route1", "tour1-r1-p217"),
("tour1-route1", "tour1-r1-p218"),
("tour1-route1", "tour1-r1-p219"),
("tour1-route1", "tour1-r1-p220"),
("tour1-route1", "tour1-r1-p221"),
("tour1-route1", "tour1-r1-p222"),
("tour1-route1", "tour1-r1-p223"),
("tour1-route1", "tour1-r1-p224"),
("tour1-route1", "tour1-r1-p225"),
("tour1-route1", "tour1-r1-p226"),
("tour1-route1", "tour1-r1-p227"),
("tour1-route1", "tour1-r1-p228"),
("tour1-route1", "tour1-r1-p229"),
("tour1-route1", "tour1-r1-p230"),
("tour1-route1", "tour1-r1-p231"),
("tour1-route1", "tour1-r1-p232"),
("tour1-route1", "tour1-r1-p233"),
("tour1-route1", "tour1-r1-p234"),
("tour1-route1", "tour1-r1-p235"),
("tour1-route1", "tour1-r1-p236"),
("tour1-route1", "tour1-r1-p237"),
("tour1-route1", "tour1-r1-p238"),
("tour1-route1", "tour1-r1-p239"),
("tour1-route1", "tour1-r1-p240"),
("tour1-route1", "tour1-r1-p241"),
("tour1-route1", "tour1-r1-p242"),
("tour1-route1", "tour1-r1-p243"),
("tour1-route1", "tour1-r1-p244"),
("tour1-route1", "tour1-r1-p245"),
("tour1-route1", "tour1-r1-p246"),
("tour1-route1", "tour1-r1-p247"),
("tour1-route1", "tour1-r1-p248"),
("tour1-route1", "tour1-r1-p249"),
("tour1-route1", "tour1-r1-p250"),
("tour1-route1", "tour1-r1-p251"),
("tour1-route1", "tour1-r1-p252"),
("tour1-route1", "tour1-r1-p253"),
("tour1-route1", "tour1-r1-p254"),
("tour1-route1", "tour1-r1-p255"),
("tour1-route1", "tour1-r1-p256"),
("tour1-route1", "tour1-r1-p257"),
("tour1-route1", "tour1-r1-p258"),
("tour1-route1", "tour1-r1-p259"),
("tour1-route1", "tour1-r1-p260"),
("tour1-route1", "tour1-r1-p261"),
("tour1-route1", "tour1-r1-p262"),
("tour1-route1", "tour1-r1-p263"),
("tour1-route1", "tour1-r1-p264"),
("tour1-route1", "tour1-r1-p265"),
("tour1-route1", "tour1-r1-p266"),
("tour1-route1", "tour1-r1-p267"),
("tour1-route1", "tour1-r1-p268"),
("tour1-route1", "tour1-r1-p269"),
("tour1-route1", "tour1-r1-p270"),
("tour1-route1", "tour1-r1-p271"),
("tour1-route1", "tour1-r1-p272"),
("tour1-route1", "tour1-r1-p273"),
("tour1-route1", "tour1-r1-p274"),
("tour1-route1", "tour1-r1-p275"),
("tour1-route1", "tour1-r1-p276"),
("tour1-route1", "tour1-r1-p277"),
("tour1-route1", "tour1-r1-p278"),
("tour1-route1", "tour1-r1-p279"),
("tour1-route1", "tour1-r1-p280"),
("tour1-route1", "tour1-r1-p281"),
("tour1-route1", "tour1-r1-p282"),
("tour1-route1", "tour1-r1-p283"),
("tour1-route1", "tour1-r1-p284"),
("tour1-route1", "tour1-r1-p285"),
("tour1-route1", "tour1-r1-p286"),
("tour1-route1", "tour1-r1-p287"),
("tour1-route1", "tour1-r1-p288"),
("tour1-route1", "tour1-r1-p289"),
("tour1-route1", "tour1-r1-p290"),
("tour1-route1", "tour1-r1-p291"),
("tour1-route1", "tour1-r1-p292"),
("tour1-route1", "tour1-r1-p293"),
("tour1-route1", "tour1-r1-p294"),
("tour1-route1", "tour1-r1-p295"),
("tour1-route1", "tour1-r1-p296"),
("tour1-route1", "tour1-r1-p297"),
("tour1-route1", "tour1-r1-p298"),
("tour1-route1", "tour1-r1-p299"),
("tour1-route1", "tour1-r1-p300"),
("tour1-route1", "tour1-r1-p301"),
("tour1-route1", "tour1-r1-p302"),
("tour1-route1", "tour1-r1-p303"),
("tour1-route1", "tour1-r1-p304"),
("tour1-route1", "tour1-r1-p305"),
("tour1-route1", "tour1-r1-p306"),
("tour1-route1", "tour1-r1-p307"),
("tour1-route1", "tour1-r1-p308"),
("tour1-route1", "tour1-r1-p309"),
("tour1-route1", "tour1-r1-p310"),
("tour1-route1", "tour1-r1-p311"),
("tour1-route1", "tour1-r1-p312"),
("tour1-route1", "tour1-r1-p313"),
("tour1-route1", "tour1-r1-p314"),
("tour1-route1", "tour1-r1-p315"),
("tour1-route1", "tour1-r1-p316"),
("tour1-route1", "tour1-r1-p317"),
("tour1-route1", "tour1-r1-p318"),
("tour1-route1", "tour1-r1-p319"),
("tour1-route1", "tour1-r1-p320"),
("tour1-route1", "tour1-r1-p321"),
("tour1-route1", "tour1-r1-p322"),
("tour1-route1", "tour1-r1-p323"),
("tour1-route1", "tour1-r1-p324"),
("tour1-route1", "tour1-r1-p325"),
("tour1-route1", "tour1-r1-p326"),
("tour1-route1", "tour1-r1-p327"),
("tour1-route1", "tour1-r1-p328"),
("tour1-route1", "tour1-r1-p329"),
("tour1-route1", "tour1-r1-p330"),
("tour1-route1", "tour1-r1-p331"),
("tour1-route1", "tour1-r1-p332"),
("tour1-route1", "tour1-r1-p333"),
("tour1-route1", "tour1-r1-p334"),
("tour1-route1", "tour1-r1-p335"),
("tour1-route1", "tour1-r1-p336"),
("tour1-route1", "tour1-r1-p337"),
("tour1-route1", "tour1-r1-p338"),
("tour1-route1", "tour1-r1-p339"),
("tour1-route1", "tour1-r1-p340"),
("tour1-route1", "tour1-r1-p341"),
("tour1-route1", "tour1-r1-p342"),
("tour1-route1", "tour1-r1-p343"),
("tour1-route1", "tour1-r1-p344"),
("tour1-route1", "tour1-r1-p345"),
("tour1-route1", "tour1-r1-p346"),
("tour1-route1", "tour1-r1-p347"),
("tour1-route1", "tour1-r1-p348"),
("tour1-route1", "tour1-r1-p349"),
("tour1-route1", "tour1-r1-p350"),
("tour1-route1", "tour1-r1-p351"),
("tour1-route1", "tour1-r1-p352"),
("tour1-route1", "tour1-r1-p353"),
("tour1-route1", "tour1-r1-p354"),
("tour1-route1", "tour1-r1-p355"),
("tour1-route1", "tour1-r1-p356"),
("tour1-route1", "tour1-r1-p357"),
("tour1-route1", "tour1-r1-p358"),
("tour1-route1", "tour1-r1-p359"),
("tour1-route1", "tour1-r1-p360"),
("tour1-route1", "tour1-r1-p361"),
("tour1-route1", "tour1-r1-p362"),
("tour1-route1", "tour1-r1-p363"),
("tour1-route1", "tour1-r1-p364"),
("tour1-route1", "tour1-r1-p365"),
("tour1-route1", "tour1-r1-p366"),
("tour1-route1", "tour1-r1-p367"),
("tour1-route1", "tour1-r1-p368"),
("tour1-route1", "tour1-r1-p369"),
("tour1-route1", "tour1-r1-p370"),
("tour1-route1", "tour1-r1-p371"),
("tour1-route1", "tour1-r1-p372"),
("tour1-route1", "tour1-r1-p373"),
("tour1-route1", "tour1-r1-p374"),
("tour1-route1", "tour1-r1-p375"),
("tour1-route1", "tour1-r1-p376"),
("tour1-route1", "tour1-r1-p377"),
("tour1-route1", "tour1-r1-p378"),
("tour1-route1", "tour1-r1-p379"),
("tour1-route1", "tour1-r1-p380"),
("tour1-route1", "tour1-r1-p381"),
("tour1-route1", "tour1-r1-p382"),
("tour1-route1", "tour1-r1-p383"),
("tour1-route1", "tour1-r1-p384"),
("tour1-route1", "tour1-r1-p385"),
("tour1-route1", "tour1-r1-p386"),
("tour1-route1", "tour1-r1-p387"),
("tour1-route1", "tour1-r1-p388"),
("tour1-route1", "tour1-r1-p389"),
("tour1-route1", "tour1-r1-p390"),
("tour1-route1", "tour1-r1-p391"),
("tour1-route1", "tour1-r1-p392"),
("tour1-route1", "tour1-r1-p393"),
("tour1-route1", "tour1-r1-p394"),
("tour1-route1", "tour1-r1-p395"),
("tour1-route1", "tour1-r1-p396"),
("tour1-route1", "tour1-r1-p397"),
("tour1-route1", "tour1-r1-p398"),
("tour1-route1", "tour1-r1-p399"),
("tour1-route1", "tour1-r1-p400"),
("tour1-route1", "tour1-r1-p401"),
("tour1-route1", "tour1-r1-p402"),
("tour1-route1", "tour1-r1-p403"),
("tour1-route1", "tour1-r1-p404"),
("tour1-route1", "tour1-r1-p405"),
("tour1-route1", "tour1-r1-p406"),
("tour1-route1", "tour1-r1-p407"),
("tour1-route1", "tour1-r1-p408"),
("tour1-route1", "tour1-r1-p409"),
("tour1-route1", "tour1-r1-p410"),
("tour1-route1", "tour1-r1-p411"),
("tour1-route1", "tour1-r1-p412"),
("tour1-route1", "tour1-r1-p413"),
("tour1-route1", "tour1-r1-p414"),
("tour1-route1", "tour1-r1-p415"),
("tour1-route1", "tour1-r1-p416"),
("tour1-route1", "tour1-r1-p417"),
("tour1-route1", "tour1-r1-p418"),
("tour1-route1", "tour1-r1-p419"),
("tour1-route1", "tour1-r1-p420"),
("tour1-route1", "tour1-r1-p421"),
("tour1-route1", "tour1-r1-p422"),
("tour1-route1", "tour1-r1-p423"),
("tour1-route1", "tour1-r1-p424"),
("tour1-route1", "tour1-r1-p425"),
("tour1-route1", "tour1-r1-p426"),
("tour1-route1", "tour1-r1-p427"),
("tour1-route1", "tour1-r1-p428"),
("tour1-route1", "tour1-r1-p429"),
("tour1-route1", "tour1-r1-p430"),
("tour1-route1", "tour1-r1-p431"),
("tour1-route1", "tour1-r1-p432"),
("tour1-route1", "tour1-r1-p433"),
("tour1-route1", "tour1-r1-p434"),
("tour1-route1", "tour1-r1-p435"),
("tour1-route1", "tour1-r1-p436"),
("tour1-route1", "tour1-r1-p437"),
("tour1-route1", "tour1-r1-p438"),
("tour1-route1", "tour1-r1-p439"),
("tour1-route1", "tour1-r1-p440"),
("tour1-route1", "tour1-r1-p441"),
("tour1-route1", "tour1-r1-p442"),
("tour1-route1", "tour1-r1-p443"),
("tour1-route1", "tour1-r1-p444"),
("tour1-route1", "tour1-r1-p445"),
("tour1-route1", "tour1-r1-p446"),
("tour1-route1", "tour1-r1-p447"),
("tour1-route1", "tour1-r1-p448"),
("tour1-route1", "tour1-r1-p449"),
("tour1-route1", "tour1-r1-p450"),
("tour1-route1", "tour1-r1-p451"),
("tour1-route1", "tour1-r1-p452"),
("tour1-route1", "tour1-r1-p453"),
("tour1-route1", "tour1-r1-p454"),
("tour1-route1", "tour1-r1-p455"),
("tour1-route1", "tour1-r1-p456"),
("tour1-route1", "tour1-r1-p457"),
("tour1-route1", "tour1-r1-p458"),
("tour1-route1", "tour1-r1-p459"),
("tour1-route1", "tour1-r1-p460"),
("tour1-route1", "tour1-r1-p461"),
("tour1-route1", "tour1-r1-p462"),
("tour1-route1", "tour1-r1-p463"),
("tour1-route1", "tour1-r1-p464"),
("tour1-route1", "tour1-r1-p465"),
("tour1-route1", "tour1-r1-p466"),
("tour1-route1", "tour1-r1-p467"),
("tour1-route1", "tour1-r1-p468"),
("tour1-route1", "tour1-r1-p469"),
("tour1-route1", "tour1-r1-p470"),
("tour1-route1", "tour1-r1-p471"),
("tour1-route1", "tour1-r1-p472"),
("tour1-route1", "tour1-r1-p473"),
("tour1-route1", "tour1-r1-p474"),
("tour1-route1", "tour1-r1-p475"),
("tour1-route1", "tour1-r1-p476"),
("tour1-route1", "tour1-r1-p477"),
("tour1-route1", "tour1-r1-p478"),
("tour1-route1", "tour1-r1-p479"),
("tour1-route1", "tour1-r1-p480"),
("tour1-route1", "tour1-r1-p481"),
("tour1-route1", "tour1-r1-p482"),
("tour1-route1", "tour1-r1-p483"),
("tour1-route1", "tour1-r1-p484"),
("tour1-route1", "tour1-r1-p485"),
("tour1-route1", "tour1-r1-p486"),
("tour1-route1", "tour1-r1-p487"),
("tour1-route1", "tour1-r1-p488"),
("tour1-route1", "tour1-r1-p489"),
("tour1-route1", "tour1-r1-p490"),
("tour1-route1", "tour1-r1-p491"),
("tour1-route1", "tour1-r1-p492"),
("tour1-route1", "tour1-r1-p493"),
("tour1-route1", "tour1-r1-p494"),
("tour1-route1", "tour1-r1-p495"),
("tour1-route1", "tour1-r1-p496"),
("tour1-route1", "tour1-r1-p497"),
("tour1-route1", "tour1-r1-p498"),
("tour1-route1", "tour1-r1-p499"),
("tour1-route1", "tour1-r1-p500"),
("tour1-route1", "tour1-r1-p501"),
("tour1-route1", "tour1-r1-p502"),
("tour1-route1", "tour1-r1-p503"),
("tour1-route1", "tour1-r1-p504"),
("tour1-route1", "tour1-r1-p505"),
("tour1-route1", "tour1-r1-p506"),
("tour1-route1", "tour1-r1-p507"),
("tour1-route1", "tour1-r1-p508"),
("tour1-route1", "tour1-r1-p509"),
("tour1-route1", "tour1-r1-p510"),
("tour1-route1", "tour1-r1-p511"),
("tour1-route1", "tour1-r1-p512"),
("tour1-route1", "tour1-r1-p513"),
("tour1-route1", "tour1-r1-p514"),
("tour1-route1", "tour1-r1-p515"),
("tour1-route1", "tour1-r1-p516"),
("tour1-route1", "tour1-r1-p517"),
("tour1-route1", "tour1-r1-p518"),
("tour1-route1", "tour1-r1-p519"),
("tour1-route1", "tour1-r1-p520"),
("tour1-route1", "tour1-r1-p521"),
("tour1-route1", "tour1-r1-p522"),
("tour1-route1", "tour1-r1-p523"),
("tour1-route1", "tour1-r1-p524"),
("tour1-route1", "tour1-r1-p525"),
("tour1-route1", "tour1-r1-p526"),
("tour1-route1", "tour1-r1-p527"),
("tour1-route1", "tour1-r1-p528"),
("tour1-route1", "tour1-r1-p529"),
("tour1-route1", "tour1-r1-p530"),
("tour1-route1", "tour1-r1-p531"),
("tour1-route1", "tour1-r1-p532"),
("tour1-route1", "tour1-r1-p533"),
("tour1-route1", "tour1-r1-p534"),
("tour1-route1", "tour1-r1-p535"),
("tour1-route1", "tour1-r1-p536"),
("tour1-route1", "tour1-r1-p537"),
("tour1-route1", "tour1-r1-p538"),
("tour1-route1", "tour1-r1-p539"),
("tour1-route1", "tour1-r1-p540"),
("tour1-route1", "tour1-r1-p541"),
("tour1-route1", "tour1-r1-p542"),
("tour1-route1", "tour1-r1-p543"),
("tour1-route1", "tour1-r1-p544"),
("tour1-route1", "tour1-r1-p545"),
("tour1-route1", "tour1-r1-p546"),
("tour1-route1", "tour1-r1-p547"),
("tour1-route1", "tour1-r1-p548"),
("tour1-route1", "tour1-r1-p549"),
("tour1-route1", "tour1-r1-p550"),
("tour1-route1", "tour1-r1-p551"),
("tour1-route1", "tour1-r1-p552"),
("tour1-route1", "tour1-r1-p553"),
("tour1-route1", "tour1-r1-p554"),
("tour1-route1", "tour1-r1-p555"),
("tour1-route1", "tour1-r1-p556"),
("tour1-route1", "tour1-r1-p557"),
("tour1-route1", "tour1-r1-p558"),
("tour1-route1", "tour1-r1-p559"),
("tour1-route1", "tour1-r1-p560"),
("tour1-route1", "tour1-r1-p561"),
("tour1-route1", "tour1-r1-p562"),
("tour1-route1", "tour1-r1-p563"),
("tour1-route1", "tour1-r1-p564"),
("tour1-route1", "tour1-r1-p565"),
("tour1-route1", "tour1-r1-p566"),
("tour1-route1", "tour1-r1-p567"),
("tour1-route1", "tour1-r1-p568"),
("tour1-route1", "tour1-r1-p569"),
("tour1-route1", "tour1-r1-p570"),
("tour1-route1", "tour1-r1-p571"),
("tour1-route1", "tour1-r1-p572"),
("tour1-route1", "tour1-r1-p573"),
("tour1-route1", "tour1-r1-p574"),
("tour1-route1", "tour1-r1-p575"),
("tour1-route1", "tour1-r1-p576"),
("tour1-route1", "tour1-r1-p577"),
("tour1-route1", "tour1-r1-p578"),
("tour1-route1", "tour1-r1-p579"),
("tour1-route1", "tour1-r1-p580"),
("tour1-route1", "tour1-r1-p581"),
("tour1-route1", "tour1-r1-p582"),
("tour1-route1", "tour1-r1-p583"),
("tour1-route1", "tour1-r1-p584"),
("tour1-route1", "tour1-r1-p585"),
("tour1-route1", "tour1-r1-p586"),
("tour1-route1", "tour1-r1-p587"),
("tour1-route1", "tour1-r1-p588"),
("tour1-route1", "tour1-r1-p589"),
("tour1-route1", "tour1-r1-p590"),
("tour1-route1", "tour1-r1-p591"),
("tour1-route1", "tour1-r1-p592"),
("tour1-route1", "tour1-r1-p593"),
("tour1-route1", "tour1-r1-p594"),
("tour1-route1", "tour1-r1-p595"),
("tour1-route1", "tour1-r1-p596"),
("tour1-route1", "tour1-r1-p597"),
("tour1-route1", "tour1-r1-p598"),
("tour1-route1", "tour1-r1-p599"),
("tour1-route1", "tour1-r1-p600"),
("tour1-route1", "tour1-r1-p601"),
("tour1-route1", "tour1-r1-p602"),
("tour1-route1", "tour1-r1-p603"),
("tour1-route1", "tour1-r1-p604"),
("tour1-route1", "tour1-r1-p605"),
("tour1-route1", "tour1-r1-p606"),
("tour1-route1", "tour1-r1-p607"),
("tour1-route1", "tour1-r1-p608"),
("tour1-route1", "tour1-r1-p609"),
("tour1-route1", "tour1-r1-p610"),
("tour1-route1", "tour1-r1-p611"),
("tour1-route1", "tour1-r1-p612"),
("tour1-route1", "tour1-r1-p613"),
("tour1-route1", "tour1-r1-p614"),
("tour1-route1", "tour1-r1-p615"),
("tour1-route1", "tour1-r1-p616"),
("tour1-route1", "tour1-r1-p617"),
("tour1-route1", "tour1-r1-p618"),
("tour1-route1", "tour1-r1-p619"),
("tour1-route1", "tour1-r1-p620"),
("tour1-route1", "tour1-r1-p621"),
("tour1-route1", "tour1-r1-p622"),
("tour1-route1", "tour1-r1-p623"),
("tour1-route1", "tour1-r1-p624"),
("tour1-route1", "tour1-r1-p625"),
("tour1-route1", "tour1-r1-p626"),
("tour1-route1", "tour1-r1-p627"),
("tour1-route1", "tour1-r1-p628"),
("tour1-route1", "tour1-r1-p629"),
("tour1-route1", "tour1-r1-p630"),
("tour1-route1", "tour1-r1-p631"),
("tour1-route1", "tour1-r1-p632"),
("tour1-route1", "tour1-r1-p633"),
("tour1-route1", "tour1-r1-p634"),
("tour1-route1", "tour1-r1-p635"),
("tour1-route1", "tour1-r1-p636"),
("tour1-route1", "tour1-r1-p637"),
("tour1-route1", "tour1-r1-p638"),
("tour1-route1", "tour1-r1-p639"),
("tour1-route1", "tour1-r1-p640"),
("tour1-route1", "tour1-r1-p641"),
("tour1-route1", "tour1-r1-p642"),
("tour1-route1", "tour1-r1-p643"),
("tour1-route1", "tour1-r1-p644"),
("tour1-route1", "tour1-r1-p645"),
("tour1-route1", "tour1-r1-p646"),
("tour1-route1", "tour1-r1-p647"),
("tour1-route1", "tour1-r1-p648"),
("tour1-route1", "tour1-r1-p649"),
("tour1-route1", "tour1-r1-p650"),
("tour1-route1", "tour1-r1-p651"),
("tour1-route1", "tour1-r1-p652"),
("tour1-route1", "tour1-r1-p653"),
("tour1-route1", "tour1-r1-p654"),
("tour1-route1", "tour1-r1-p655"),
("tour1-route1", "tour1-r1-p656"),
("tour1-route1", "tour1-r1-p657"),
("tour1-route1", "tour1-r1-p658"),
("tour1-route1", "tour1-r1-p659"),
("tour1-route1", "tour1-r1-p660"),
("tour1-route1", "tour1-r1-p661"),
("tour1-route1", "tour1-r1-p662"),
("tour1-route1", "tour1-r1-p663"),
("tour1-route1", "tour1-r1-p664"),
("tour1-route1", "tour1-r1-p665"),
("tour1-route1", "tour1-r1-p666"),
("tour1-route1", "tour1-r1-p667"),
("tour1-route1", "tour1-r1-p668"),
("tour1-route1", "tour1-r1-p669"),
("tour1-route1", "tour1-r1-p670"),
("tour1-route1", "tour1-r1-p671"),
("tour1-route1", "tour1-r1-p672"),
("tour1-route1", "tour1-r1-p673"),
("tour1-route1", "tour1-r1-p674"),
("tour1-route1", "tour1-r1-p675"),
("tour1-route1", "tour1-r1-p676"),
("tour1-route1", "tour1-r1-p677"),
("tour1-route1", "tour1-r1-p678"),
("tour1-route1", "tour1-r1-p679"),
("tour1-route1", "tour1-r1-p680"),
("tour1-route1", "tour1-r1-p681"),
("tour1-route1", "tour1-r1-p682"),
("tour1-route1", "tour1-r1-p683"),
("tour1-route1", "tour1-r1-p684"),
("tour1-route1", "tour1-r1-p685"),
("tour1-route1", "tour1-r1-p686"),
("tour1-route1", "tour1-r1-p687"),
("tour1-route1", "tour1-r1-p688"),
("tour1-route1", "tour1-r1-p689"),
("tour1-route1", "tour1-r1-p690"),
("tour1-route1", "tour1-r1-p691"),
("tour1-route1", "tour1-r1-p692"),
("tour1-route1", "tour1-r1-p693"),
("tour1-route1", "tour1-r1-p694"),
("tour1-route1", "tour1-r1-p695"),
("tour1-route1", "tour1-r1-p696"),
("tour1-route1", "tour1-r1-p697"),
("tour1-route1", "tour1-r1-p698"),
("tour1-route1", "tour1-r1-p699"),
("tour1-route1", "tour1-r1-p700"),
("tour1-route1", "tour1-r1-p701"),
("tour1-route1", "tour1-r1-p702"),
("tour1-route1", "tour1-r1-p703"),
("tour1-route1", "tour1-r1-p704"),
("tour1-route1", "tour1-r1-p705"),
("tour1-route1", "tour1-r1-p706"),
("tour1-route1", "tour1-r1-p707"),
("tour1-route1", "tour1-r1-p708"),
("tour1-route1", "tour1-r1-p709"),
("tour1-route1", "tour1-r1-p710"),
("tour1-route1", "tour1-r1-p711"),
("tour1-route1", "tour1-r1-p712"),
("tour1-route1", "tour1-r1-p713"),
("tour1-route1", "tour1-r1-p714"),
("tour1-route1", "tour1-r1-p715"),
("tour1-route1", "tour1-r1-p716"),
("tour1-route1", "tour1-r1-p717"),
("tour1-route1", "tour1-r1-p718"),
("tour1-route1", "tour1-r1-p719"),
("tour1-route1", "tour1-r1-p720"),
("tour1-route1", "tour1-r1-p721"),
("tour1-route1", "tour1-r1-p722"),
("tour1-route1", "tour1-r1-p723"),
("tour1-route1", "tour1-r1-p724"),
("tour1-route1", "tour1-r1-p725"),
("tour1-route1", "tour1-r1-p726"),
("tour1-route1", "tour1-r1-p727"),
("tour1-route1", "tour1-r1-p728"),
("tour1-route1", "tour1-r1-p729"),
("tour1-route1", "tour1-r1-p730"),
("tour1-route1", "tour1-r1-p731"),
("tour1-route1", "tour1-r1-p732"),
("tour1-route1", "tour1-r1-p733"),
("tour1-route1", "tour1-r1-p734"),
("tour1-route1", "tour1-r1-p735"),
("tour1-route1", "tour1-r1-p736"),
("tour1-route1", "tour1-r1-p737"),
("tour1-route1", "tour1-r1-p738"),
("tour1-route1", "tour1-r1-p739"),
("tour1-route1", "tour1-r1-p740"),
("tour1-route1", "tour1-r1-p741"),
("tour1-route1", "tour1-r1-p742"),
("tour1-route1", "tour1-r1-p743"),
("tour1-route1", "tour1-r1-p744"),
("tour1-route1", "tour1-r1-p745"),
("tour1-route1", "tour1-r1-p746"),
("tour1-route1", "tour1-r1-p747"),
("tour1-route1", "tour1-r1-p748"),
("tour1-route1", "tour1-r1-p749"),
("tour1-route1", "tour1-r1-p750"),
("tour1-route1", "tour1-r1-p751"),
("tour1-route1", "tour1-r1-p752"),
("tour1-route1", "tour1-r1-p753"),
("tour1-route1", "tour1-r1-p754"),
("tour1-route1", "tour1-r1-p755"),
("tour1-route1", "tour1-r1-p756"),
("tour1-route1", "tour1-r1-p757"),
("tour1-route1", "tour1-r1-p758"),
("tour1-route1", "tour1-r1-p759"),
("tour1-route1", "tour1-r1-p760"),
("tour1-route1", "tour1-r1-p761"),
("tour1-route1", "tour1-r1-p762"),
("tour1-route1", "tour1-r1-p763"),
("tour1-route1", "tour1-r1-p764"),
("tour1-route1", "tour1-r1-p765"),
("tour1-route1", "tour1-r1-p766"),
("tour1-route1", "tour1-r1-p767"),
("tour1-route1", "tour1-r1-p768"),
("tour1-route1", "tour1-r1-p769"),
("tour1-route1", "tour1-r1-p770"),
("tour1-route1", "tour1-r1-p771"),
("tour1-route1", "tour1-r1-p772"),
("tour1-route1", "tour1-r1-p773"),
("tour1-route1", "tour1-r1-p774"),
("tour1-route1", "tour1-r1-p775"),
("tour1-route1", "tour1-r1-p776"),
("tour1-route1", "tour1-r1-p777"),
("tour1-route1", "tour1-r1-p778"),
("tour1-route1", "tour1-r1-p779"),
("tour1-route1", "tour1-r1-p780"),
("tour1-route1", "tour1-r1-p781"),
("tour1-route1", "tour1-r1-p782"),
("tour1-route1", "tour1-r1-p783"),
("tour1-route1", "tour1-r1-p784"),
("tour1-route1", "tour1-r1-p785"),
("tour1-route1", "tour1-r1-p786"),
("tour1-route1", "tour1-r1-p787"),
("tour1-route1", "tour1-r1-p788"),
("tour1-route1", "tour1-r1-p789"),
("tour1-route1", "tour1-r1-p790"),
("tour1-route1", "tour1-r1-p791"),
("tour1-route1", "tour1-r1-p792"),
("tour1-route1", "tour1-r1-p793"),
("tour1-route1", "tour1-r1-p794"),
("tour1-route1", "tour1-r1-p795"),
("tour1-route1", "tour1-r1-p796"),
("tour1-route1", "tour1-r1-p797"),
("tour1-route1", "tour1-r1-p798"),
("tour1-route1", "tour1-r1-p799"),
("tour1-route1", "tour1-r1-p800"),
("tour1-route1", "tour1-r1-p801"),
("tour1-route1", "tour1-r1-p802"),
("tour1-route1", "tour1-r1-p803"),
("tour1-route1", "tour1-r1-p804"),
("tour1-route1", "tour1-r1-p805"),
("tour1-route1", "tour1-r1-p806"),
("tour1-route1", "tour1-r1-p807"),
("tour1-route1", "tour1-r1-p808"),
("tour1-route1", "tour1-r1-p809"),
("tour1-route1", "tour1-r1-p810"),
("tour1-route1", "tour1-r1-p811"),
("tour1-route1", "tour1-r1-p812"),
("tour1-route1", "tour1-r1-p813"),
("tour1-route1", "tour1-r1-p814"),
("tour1-route1", "tour1-r1-p815"),
("tour1-route1", "tour1-r1-p816"),
("tour1-route1", "tour1-r1-p817"),
("tour1-route1", "tour1-r1-p818"),
("tour1-route1", "tour1-r1-p819"),
("tour1-route1", "tour1-r1-p820"),
("tour1-route1", "tour1-r1-p821"),
("tour1-route1", "tour1-r1-p822"),
("tour1-route1", "tour1-r1-p823"),
("tour1-route1", "tour1-r1-p824"),
("tour1-route1", "tour1-r1-p825"),
("tour1-route1", "tour1-r1-p826"),
("tour1-route1", "tour1-r1-p827"),
("tour1-route1", "tour1-r1-p828"),
("tour1-route1", "tour1-r1-p829"),
("tour1-route1", "tour1-r1-p830"),
("tour1-route1", "tour1-r1-p831"),
("tour1-route1", "tour1-r1-p832"),
("tour1-route1", "tour1-r1-p833"),
("tour1-route1", "tour1-r1-p834"),
("tour1-route1", "tour1-r1-p835"),
("tour1-route1", "tour1-r1-p836"),
("tour1-route1", "tour1-r1-p837"),
("tour1-route1", "tour1-r1-p838"),
("tour1-route1", "tour1-r1-p839"),
("tour1-route1", "tour1-r1-p840"),
("tour1-route1", "tour1-r1-p841"),
("tour1-route1", "tour1-r1-p842"),
("tour1-route1", "tour1-r1-p843"),
("tour1-route1", "tour1-r1-p844"),
("tour1-route1", "tour1-r1-p845"),
("tour1-route1", "tour1-r1-p846"),
("tour1-route1", "tour1-r1-p847"),
("tour1-route1", "tour1-r1-p848"),
("tour1-route1", "tour1-r1-p849"),
("tour1-route1", "tour1-r1-p850"),
("tour1-route1", "tour1-r1-p851"),
("tour1-route1", "tour1-r1-p852"),
("tour1-route1", "tour1-r1-p853"),
("tour1-route2", "tour1-r2-p1"),
("tour1-route2", "tour1-r2-p2"),
("tour1-route2", "tour1-r2-p3"),
("tour1-route2", "tour1-r2-p4"),
("tour1-route2", "tour1-r2-p5"),
("tour1-route2", "tour1-r2-p6"),
("tour1-route2", "tour1-r2-p7"),
("tour1-route2", "tour1-r2-p8"),
("tour1-route2", "tour1-r2-p9"),
("tour1-route2", "tour1-r2-p10"),
("tour1-route2", "tour1-r2-p11"),
("tour1-route2", "tour1-r2-p12"),
("tour1-route2", "tour1-r2-p13"),
("tour1-route2", "tour1-r2-p14"),
("tour1-route2", "tour1-r2-p15"),
("tour1-route2", "tour1-r2-p16"),
("tour1-route2", "tour1-r2-p17"),
("tour1-route2", "tour1-r2-p18"),
("tour1-route2", "tour1-r2-p19"),
("tour1-route2", "tour1-r2-p20"),
("tour1-route2", "tour1-r2-p21"),
("tour1-route2", "tour1-r2-p22"),
("tour1-route2", "tour1-r2-p23"),
("tour1-route2", "tour1-r2-p24"),
("tour1-route2", "tour1-r2-p25"),
("tour1-route2", "tour1-r2-p26"),
("tour1-route2", "tour1-r2-p27"),
("tour1-route2", "tour1-r2-p28"),
("tour1-route2", "tour1-r2-p29"),
("tour1-route2", "tour1-r2-p30"),
("tour1-route2", "tour1-r2-p31"),
("tour1-route2", "tour1-r2-p32"),
("tour1-route2", "tour1-r2-p33"),
("tour1-route2", "tour1-r2-p34"),
("tour1-route2", "tour1-r2-p35"),
("tour1-route2", "tour1-r2-p36"),
("tour1-route2", "tour1-r2-p37"),
("tour1-route2", "tour1-r2-p38"),
("tour1-route2", "tour1-r2-p39"),
("tour1-route2", "tour1-r2-p40"),
("tour1-route2", "tour1-r2-p41"),
("tour1-route2", "tour1-r2-p42"),
("tour1-route2", "tour1-r2-p43"),
("tour1-route2", "tour1-r2-p44"),
("tour1-route2", "tour1-r2-p45"),
("tour1-route2", "tour1-r2-p46"),
("tour1-route2", "tour1-r2-p47"),
("tour1-route2", "tour1-r2-p48"),
("tour1-route2", "tour1-r2-p49"),
("tour1-route2", "tour1-r2-p50"),
("tour1-route2", "tour1-r2-p51"),
("tour1-route2", "tour1-r2-p52"),
("tour1-route2", "tour1-r2-p53"),
("tour1-route2", "tour1-r2-p54"),
("tour1-route2", "tour1-r2-p55"),
("tour1-route2", "tour1-r2-p56"),
("tour1-route2", "tour1-r2-p57"),
("tour1-route2", "tour1-r2-p58"),
("tour1-route2", "tour1-r2-p59"),
("tour1-route2", "tour1-r2-p60"),
("tour1-route2", "tour1-r2-p61"),
("tour1-route2", "tour1-r2-p62"),
("tour1-route2", "tour1-r2-p63"),
("tour1-route2", "tour1-r2-p64"),
("tour1-route2", "tour1-r2-p65"),
("tour1-route2", "tour1-r2-p66"),
("tour1-route2", "tour1-r2-p67"),
("tour1-route2", "tour1-r2-p68"),
("tour1-route2", "tour1-r2-p69"),
("tour1-route2", "tour1-r2-p70"),
("tour1-route2", "tour1-r2-p71"),
("tour1-route2", "tour1-r2-p72"),
("tour1-route2", "tour1-r2-p73"),
("tour1-route2", "tour1-r2-p74"),
("tour1-route2", "tour1-r2-p75"),
("tour1-route2", "tour1-r2-p76"),
("tour1-route2", "tour1-r2-p77"),
("tour1-route2", "tour1-r2-p78"),
("tour1-route2", "tour1-r2-p79"),
("tour1-route2", "tour1-r2-p80"),
("tour1-route2", "tour1-r2-p81"),
("tour1-route2", "tour1-r2-p82"),
("tour1-route2", "tour1-r2-p83"),
("tour1-route2", "tour1-r2-p84"),
("tour1-route2", "tour1-r2-p85"),
("tour1-route2", "tour1-r2-p86"),
("tour1-route2", "tour1-r2-p87"),
("tour1-route2", "tour1-r2-p88"),
("tour1-route2", "tour1-r2-p89"),
("tour1-route2", "tour1-r2-p90"),
("tour1-route2", "tour1-r2-p91"),
("tour1-route2", "tour1-r2-p92"),
("tour1-route2", "tour1-r2-p93"),
("tour1-route2", "tour1-r2-p94"),
("tour1-route2", "tour1-r2-p95"),
("tour1-route2", "tour1-r2-p96"),
("tour1-route2", "tour1-r2-p97"),
("tour1-route2", "tour1-r2-p98"),
("tour1-route2", "tour1-r2-p99"),
("tour1-route2", "tour1-r2-p100"),
("tour1-route2", "tour1-r2-p101"),
("tour1-route2", "tour1-r2-p102"),
("tour1-route2", "tour1-r2-p103"),
("tour1-route2", "tour1-r2-p104"),
("tour1-route2", "tour1-r2-p105"),
("tour1-route2", "tour1-r2-p106"),
("tour1-route2", "tour1-r2-p107"),
("tour1-route2", "tour1-r2-p108"),
("tour1-route2", "tour1-r2-p109"),
("tour1-route2", "tour1-r2-p110"),
("tour1-route2", "tour1-r2-p111"),
("tour1-route2", "tour1-r2-p112"),
("tour1-route2", "tour1-r2-p113"),
("tour1-route2", "tour1-r2-p114"),
("tour1-route2", "tour1-r2-p115"),
("tour1-route2", "tour1-r2-p116"),
("tour1-route2", "tour1-r2-p117"),
("tour1-route2", "tour1-r2-p118"),
("tour1-route2", "tour1-r2-p119"),
("tour1-route2", "tour1-r2-p120"),
("tour1-route2", "tour1-r2-p121"),
("tour1-route2", "tour1-r2-p122"),
("tour1-route2", "tour1-r2-p123"),
("tour1-route2", "tour1-r2-p124"),
("tour1-route2", "tour1-r2-p125"),
("tour1-route2", "tour1-r2-p126"),
("tour1-route2", "tour1-r2-p127"),
("tour1-route2", "tour1-r2-p128"),
("tour1-route2", "tour1-r2-p129"),
("tour1-route2", "tour1-r2-p130"),
("tour1-route2", "tour1-r2-p131"),
("tour1-route2", "tour1-r2-p132"),
("tour1-route2", "tour1-r2-p133"),
("tour1-route2", "tour1-r2-p134"),
("tour1-route2", "tour1-r2-p135"),
("tour1-route2", "tour1-r2-p136"),
("tour1-route2", "tour1-r2-p137"),
("tour1-route2", "tour1-r2-p138"),
("tour1-route2", "tour1-r2-p139"),
("tour1-route2", "tour1-r2-p140"),
("tour1-route2", "tour1-r2-p141"),
("tour1-route2", "tour1-r2-p142"),
("tour1-route2", "tour1-r2-p143"),
("tour1-route2", "tour1-r2-p144"),
("tour1-route2", "tour1-r2-p145"),
("tour1-route2", "tour1-r2-p146"),
("tour1-route2", "tour1-r2-p147"),
("tour1-route2", "tour1-r2-p148"),
("tour1-route2", "tour1-r2-p149"),
("tour1-route2", "tour1-r2-p150"),
("tour1-route2", "tour1-r2-p151"),
("tour1-route2", "tour1-r2-p152"),
("tour1-route2", "tour1-r2-p153"),
("tour1-route2", "tour1-r2-p154"),
("tour1-route2", "tour1-r2-p155"),
("tour1-route2", "tour1-r2-p156"),
("tour1-route2", "tour1-r2-p157"),
("tour1-route2", "tour1-r2-p158"),
("tour1-route2", "tour1-r2-p159"),
("tour1-route2", "tour1-r2-p160"),
("tour1-route2", "tour1-r2-p161"),
("tour1-route2", "tour1-r2-p162"),
("tour1-route2", "tour1-r2-p163"),
("tour1-route2", "tour1-r2-p164");

-- tour - location
INSERT INTO tour_locations (tour_id, location_id) VALUES 
("tour1", "DinhDocLap"),
("tour1", "HoiQuanTueThanh"),
("tour1", "ChoBinhTay");
