-- center point for tour 2 
INSERT INTO points (id, longitude, latitude) VALUES 
("tour6-center", 106.70446442599543, 10.77697424480724);

-- tour6 - route1
INSERT INTO points (id, longitude, latitude) VALUES 
("tour6-r1-p1", 106.70689905143004, 10.768078434932507),
("tour6-r1-p2", 106.70688617276679, 10.768104517752828),
("tour6-r1-p3", 106.70679614762766, 10.768064866668462),
("tour6-r1-p4", 106.70668958861022, 10.768017412931325),
("tour6-r1-p5", 106.70653516822235, 10.767949042684837),
("tour6-r1-p6", 106.70640161792343, 10.767889497198572),
("tour6-r1-p7", 106.70626880218096, 10.767830404393571),
("tour6-r1-p8", 106.7061543204449, 10.767780057972955),
("tour6-r1-p9", 106.70615380377924, 10.767779565843757),
("tour6-r1-p10", 106.70622663367884, 10.767633671341898),
("tour6-r1-p11", 106.70628589781145, 10.767515712156968),
("tour6-r1-p12", 106.70634223609467, 10.767403260102292),
("tour6-r1-p13", 106.70638818048371, 10.767310817751374),
("tour6-r1-p14", 106.70636657419224, 10.767235969638326),
("tour6-r1-p15", 106.70632709593328, 10.767101529784336),
("tour6-r1-p16", 106.70626773175891, 10.767203233479812),
("tour6-r1-p17", 106.70621717090452, 10.767290191144939),
("tour6-r1-p18", 106.70618519045384, 10.767348873833622),
("tour6-r1-p19", 106.7061661064706, 10.767379554180163),
("tour6-r1-p20", 106.70613680975453, 10.767430421102967),
("tour6-r1-p21", 106.70609327326001, 10.767505526673443),
("tour6-r1-p22", 106.7060436829007, 10.76759510312045),
("tour6-r1-p23", 106.70602315967979, 10.767631384319998),
("tour6-r1-p24", 106.70596022466447, 10.7677427937552),
("tour6-r1-p25", 106.70591123231995, 10.767830196947171),
("tour6-r1-p26", 106.70589266705926, 10.767862265107704),
("tour6-r1-p27", 106.70585416651168, 10.767930544953389),
("tour6-r1-p28", 106.70580469050756, 10.768015984678641),
("tour6-r1-p29", 106.70578822727104, 10.768050578437027),
("tour6-r1-p30", 106.7057714353067, 10.768077094204374),
("tour6-r1-p31", 106.70572620351656, 10.768186146287151),
("tour6-r1-p32", 106.70570352262101, 10.768248415523805),
("tour6-r1-p33", 106.70568403620588, 10.768302367560644),
("tour6-r1-p34", 106.70567261095353, 10.768353565537728),
("tour6-r1-p35", 106.70565890045825, 10.76841502089862),
("tour6-r1-p36", 106.7056489246838, 10.768459215933778),
("tour6-r1-p37", 106.70564944108956, 10.768473429566463),
("tour6-r1-p38", 106.70564570197494, 10.768529490988755),
("tour6-r1-p39", 106.70564237911579, 10.768619574380201),
("tour6-r1-p40", 106.70563806471608, 10.768687676318494),
("tour6-r1-p41", 106.70564798178083, 10.768780462198768),
("tour6-r1-p42", 106.70566129561252, 10.76889844120765),
("tour6-r1-p43", 106.70566525540693, 10.76894133991503),
("tour6-r1-p44", 106.70570130461019, 10.769062129912795),
("tour6-r1-p45", 106.70572950869447, 10.76915197375345),
("tour6-r1-p46", 106.70574825464506, 10.769213574171335),
("tour6-r1-p47", 106.7058094941672, 10.769330091822704),
("tour6-r1-p48", 106.70589196006989, 10.769484396547893),
("tour6-r1-p49", 106.70595329903978, 10.769602270352895),
("tour6-r1-p50", 106.70598518993769, 10.7696572881418),
("tour6-r1-p51", 106.7060025954835, 10.769692084995153),
("tour6-r1-p52", 106.70605754285656, 10.769794791448124),
("tour6-r1-p53", 106.70610397249202, 10.76990495986403),
("tour6-r1-p54", 106.70613897263395, 10.769990832024723),
("tour6-r1-p55", 106.70616356566171, 10.770051263753594),
("tour6-r1-p56", 106.70618493386337, 10.77011174253204),
("tour6-r1-p57", 106.70620092365334, 10.77015722134718),
("tour6-r1-p58", 106.70621520785981, 10.770196619999433),
("tour6-r1-p59", 106.70624990194194, 10.770385783384969),
("tour6-r1-p60", 106.70627657549976, 10.770522403777823),
("tour6-r1-p61", 106.7062930890181, 10.770613209118988),
("tour6-r1-p62", 106.70630243648807, 10.77073641299724),
("tour6-r1-p63", 106.70632077568318, 10.770946992466012),
("tour6-r1-p64", 106.70633145595849, 10.771085478822744),
("tour6-r1-p65", 106.70633809126666, 10.771159393483957),
("tour6-r1-p66", 106.70635304400649, 10.771243139524008),
("tour6-r1-p67", 106.70636299877215, 10.771341249087),
("tour6-r1-p68", 106.70637506535475, 10.771461245234525),
("tour6-r1-p69", 106.70638689104138, 10.771589098782039),
("tour6-r1-p70", 106.70640019318665, 10.771723185132936),
("tour6-r1-p71", 106.70640493681998, 10.771774613564363),
("tour6-r1-p72", 106.70641872644745, 10.771912305375736),
("tour6-r1-p73", 106.70643156136818, 10.772037312983608),
("tour6-r1-p74", 106.70644155347772, 10.772147833860393),
("tour6-r1-p75", 106.70645057547397, 10.77224197801074),
("tour6-r1-p76", 106.70645552276135, 10.77229189846659),
("tour6-r1-p77", 106.70647197718596, 10.772462983861443),
("tour6-r1-p78", 106.70649429425012, 10.772686928078047),
("tour6-r1-p79", 106.70651054334644, 10.77285561233098),
("tour6-r1-p80", 106.70652305583222, 10.772985860982718),
("tour6-r1-p81", 106.70654664064172, 10.773226559211777),
("tour6-r1-p82", 106.70656310944457, 10.773394415169154),
("tour6-r1-p83", 106.7065731169671, 10.773509006660042),
("tour6-r1-p84", 106.70658176030946, 10.773599208603267),
("tour6-r1-p85", 106.70659267713847, 10.773720855110325),
("tour6-r1-p86", 106.7066051242423, 10.773852690690076),
("tour6-r1-p87", 106.70661506206233, 10.773951610861864),
("tour6-r1-p88", 106.70661661991761, 10.77398106724481),
("tour6-r1-p89", 106.70662833940814, 10.774111467217084),
("tour6-r1-p90", 106.70664357006234, 10.77427941074518),
("tour6-r1-p91", 106.70664820761223, 10.774336021101492),
("tour6-r1-p92", 106.70665916189202, 10.774481658064028),
("tour6-r1-p93", 106.70667168112088, 10.774637910952546),
("tour6-r1-p94", 106.70668772565197, 10.774847291428141),
("tour6-r1-p95", 106.70670135941691, 10.775042022426362),
("tour6-r1-p96", 106.7067100663896, 10.775214984005373),
("tour6-r1-p97", 106.70671408656276, 10.775288655465564),
("tour6-r1-p98", 106.70671830174327, 10.775370297973947),
("tour6-r1-p99", 106.70672474795076, 10.775506968775629),
("tour6-r1-p100", 106.70673042817853, 10.775637948867248),
("tour6-r1-p101", 106.70673318393487, 10.77569806602463),
("tour6-r1-p102", 106.70696602796622, 10.775692775614013);

-- tour6 - route2
INSERT INTO points (id, longitude, latitude) VALUES 
("tour6-r2-p1", 106.70696602796622, 10.775692775614013),
("tour6-r2-p2", 106.70673318393487, 10.77569806602463),
("tour6-r2-p3", 106.70674068986284, 10.775813092033943),
("tour6-r2-p4", 106.70675371003499, 10.776114572250888),
("tour6-r2-p5", 106.70679751838647, 10.776375035965556),
("tour6-r2-p6", 106.70682868968139, 10.77652164500172),
("tour6-r2-p7", 106.70688403518919, 10.776773919106443),
("tour6-r2-p8", 106.7069413501991, 10.777040287087212),
("tour6-r2-p9", 106.70699546252719, 10.7772737129297),
("tour6-r2-p10", 106.70701188188968, 10.777339164685257),
("tour6-r2-p11", 106.70704384763671, 10.777483075477031),
("tour6-r2-p12", 106.70712020617697, 10.777738005157197),
("tour6-r2-p13", 106.70717652217019, 10.77794609959038),
("tour6-r2-p14", 106.70724496289374, 10.778205656242173),
("tour6-r2-p15", 106.7073023748833, 10.778458002940793),
("tour6-r2-p16", 106.70732158908665, 10.778529780485577),
("tour6-r2-p17", 106.70739957209939, 10.778849866137932),
("tour6-r2-p18", 106.70745114326607, 10.77904165544637),
("tour6-r2-p19", 106.70751811181096, 10.779291610038262),
("tour6-r2-p20", 106.70759818316341, 10.779580129661962),
("tour6-r2-p21", 106.70768178588801, 10.779885634371333),
("tour6-r2-p22", 106.70774768703171, 10.780116648933856),
("tour6-r2-p23", 106.7077881022114, 10.78024957623806),
("tour6-r2-p24", 106.7078367630884, 10.780290463079975),
("tour6-r2-p25", 106.70788587941121, 10.780471725580101),
("tour6-r2-p26", 106.70791036987295, 10.780560403901658),
("tour6-r2-p27", 106.70791445932494, 10.780625155055215),
("tour6-r2-p28", 106.70790920899364, 10.78068779121875),
("tour6-r2-p29", 106.70788275543698, 10.780816489883241),
("tour6-r2-p30", 106.70784870189269, 10.780917769696146),
("tour6-r2-p31", 106.7078320277989, 10.780964990162191),
("tour6-r2-p32", 106.70780230501593, 10.781025409231015),
("tour6-r2-p33", 106.70776833080498, 10.781085147864642),
("tour6-r2-p34", 106.70772890402583, 10.781140221318028),
("tour6-r2-p35", 106.70765727393683, 10.781211467639176),
("tour6-r2-p36", 106.7075702308313, 10.781288584557409),
("tour6-r2-p37", 106.70750796835196, 10.78134210136217),
("tour6-r2-p38", 106.70743065200435, 10.781421121852532),
("tour6-r2-p39", 106.70735110267698, 10.781501699376262),
("tour6-r2-p40", 106.70725889199029, 10.781596572079136),
("tour6-r2-p41", 106.70719622485115, 10.781660453535052),
("tour6-r2-p42", 106.70711258619697, 10.781740212888087),
("tour6-r2-p43", 106.707052576875, 10.781798294920662),
("tour6-r2-p44", 106.70696828815402, 10.781878341449758),
("tour6-r2-p45", 106.7068582178115, 10.781984492952757),
("tour6-r2-p46", 106.70675409441644, 10.782084975555419),
("tour6-r2-p47", 106.70664009330714, 10.782193224125583),
("tour6-r2-p48", 106.70655544342608, 10.78226837407042),
("tour6-r2-p49", 106.70645780475766, 10.782355667618022),
("tour6-r2-p50", 106.70642648983645, 10.782382548792187),
("tour6-r2-p51", 106.70640976204609, 10.782400674992761),
("tour6-r2-p52", 106.70631501750304, 10.782468854395423),
("tour6-r2-p53", 106.7062214077616, 10.782538350110524),
("tour6-r2-p54", 106.70608287940227, 10.782651960001237),
("tour6-r2-p55", 106.70591741631098, 10.782787717979717),
("tour6-r2-p56", 106.7058757306912, 10.78282071308234),
("tour6-r2-p57", 106.7058400578352, 10.782853294908573),
("tour6-r2-p58", 106.70574429522418, 10.782940539838345),
("tour6-r2-p59", 106.705663055492, 10.783016653631284),
("tour6-r2-p60", 106.70553827827732, 10.783133263823258),
("tour6-r2-p61", 106.70542986148482, 10.78323455834629),
("tour6-r2-p62", 106.70529663007636, 10.783360149398613),
("tour6-r2-p63", 106.70514684727637, 10.783500303690902),
("tour6-r2-p64", 106.70503237381901, 10.783602431162109),
("tour6-r2-p65", 106.7049233992347, 10.783630014715326),
("tour6-r2-p66", 106.70479367122392, 10.783746588223368),
("tour6-r2-p67", 106.70470500042249, 10.78382575656133),
("tour6-r2-p68", 106.70468339541223, 10.783846440966917),
("tour6-r2-p69", 106.70463266395633, 10.783892362096276),
("tour6-r2-p70", 106.70459354928134, 10.783927441630192),
("tour6-r2-p71", 106.70454615571934, 10.783968869277102),
("tour6-r2-p72", 106.70448100885385, 10.784027298262265),
("tour6-r2-p73", 106.70445880008462, 10.784048340956154),
("tour6-r2-p74", 106.70440283956344, 10.78409503186576),
("tour6-r2-p75", 106.70432220084058, 10.784168012026068),
("tour6-r2-p76", 106.70423776587577, 10.784240486910685),
("tour6-r2-p77", 106.70417935081116, 10.784290495569662),
("tour6-r2-p78", 106.70413677074308, 10.784329283513177),
("tour6-r2-p79", 106.70402463662242, 10.784426681351666),
("tour6-r2-p80", 106.70393446217834, 10.78450494750794),
("tour6-r2-p81", 106.70390231692483, 10.784532568250963),
("tour6-r2-p82", 106.70377452540946, 10.784644254772973),
("tour6-r2-p83", 106.70368661318801, 10.784725480223884),
("tour6-r2-p84", 106.70359770483219, 10.784810273965553),
("tour6-r2-p85", 106.70350947036978, 10.784896094680558),
("tour6-r2-p86", 106.7034028801611, 10.784999083264797),
("tour6-r2-p87", 106.70333928868101, 10.785060997431883),
("tour6-r2-p88", 106.7032841855257, 10.785114304503107),
("tour6-r2-p89", 106.70320070936393, 10.785120976853168),
("tour6-r2-p90", 106.70310517739377, 10.785223053731764),
("tour6-r2-p91", 106.70313186630418, 10.78525150622229),
("tour6-r2-p92", 106.70317129399086, 10.785288294119438),
("tour6-r2-p93", 106.70325275007762, 10.785367436349384),
("tour6-r2-p94", 106.70328981446053, 10.785405825970843),
("tour6-r2-p95", 106.70337642222854, 10.78549841484457),
("tour6-r2-p96", 106.70350598293666, 10.785635483873376),
("tour6-r2-p97", 106.70361543871722, 10.785752066895462),
("tour6-r2-p98", 106.70373931953701, 10.785882955475488),
("tour6-r2-p99", 106.70383070728819, 10.785982082355012),
("tour6-r2-p100", 106.70395980767503, 10.786118586923756),
("tour6-r2-p101", 106.7040310979446, 10.786197407997449),
("tour6-r2-p102", 106.70413107094811, 10.786304866125935),
("tour6-r2-p103", 106.70428200497581, 10.786466228820666),
("tour6-r2-p104", 106.70439983818963, 10.786592984568616),
("tour6-r2-p105", 106.7045211050526, 10.786723495127339),
("tour6-r2-p106", 106.70426739597602, 10.786939522953505);

-- tour
INSERT INTO tours 
(id, name, price, date_start, total_time, description, thumbnail_img, center_point_id, zoom_val, admin_id)
VALUES
("tour6", "Tour Bến Nhà Rồng - Bến Bạch Đằng - Bảo tàng chiến dịch Hồ Chí Minh", 5500000, "2024-12-12", "4 ngày 3 đêm", "Tour tham quan 3 điểm đến nổi tiếng tại Thành phố Hồ Chí Minh", "https://static.hotdeal.vn/images/1598/1598345/500x500/356818-tour-sai-gon-city-tour-1-ngay-dinh-doc-lap-nha-tho-duc-ba-buu-dien-thanh-pho-cho-ben-thanh-khoi-hanh-hang-ngay-ko-phu-thu-cuoi-tuan.jpg", "tour6-center", 15, 1);

-- route 
INSERT INTO routes (id, name, description, tour_id) VALUES 
("tour6-route1", "Đường đi từ Bến Nhà Rồng đến Bến Bạch Đằng", "Đường đi từ Bến Nhà Rồng đến Bến Bạch Đằng", "tour6"),
("tour6-route2", "Đường đi từ Bến Bạch Đằng đến Bảo tàng chiến dịch Hồ Chí Minh", "Đường đi từ Bến Bạch Đằng đến Bảo tàng chiến dịch Hồ Chí Minh", "tour6");

-- route point
INSERT INTO route_points (route_id, point_id) VALUES 
("tour6-route1", "tour6-r1-p1"),
("tour6-route1", "tour6-r1-p2"),
("tour6-route1", "tour6-r1-p3"),
("tour6-route1", "tour6-r1-p4"),
("tour6-route1", "tour6-r1-p5"),
("tour6-route1", "tour6-r1-p6"),
("tour6-route1", "tour6-r1-p7"),
("tour6-route1", "tour6-r1-p8"),
("tour6-route1", "tour6-r1-p9"),
("tour6-route1", "tour6-r1-p10"),
("tour6-route1", "tour6-r1-p11"),
("tour6-route1", "tour6-r1-p12"),
("tour6-route1", "tour6-r1-p13"),
("tour6-route1", "tour6-r1-p14"),
("tour6-route1", "tour6-r1-p15"),
("tour6-route1", "tour6-r1-p16"),
("tour6-route1", "tour6-r1-p17"),
("tour6-route1", "tour6-r1-p18"),
("tour6-route1", "tour6-r1-p19"),
("tour6-route1", "tour6-r1-p20"),
("tour6-route1", "tour6-r1-p21"),
("tour6-route1", "tour6-r1-p22"),
("tour6-route1", "tour6-r1-p23"),
("tour6-route1", "tour6-r1-p24"),
("tour6-route1", "tour6-r1-p25"),
("tour6-route1", "tour6-r1-p26"),
("tour6-route1", "tour6-r1-p27"),
("tour6-route1", "tour6-r1-p28"),
("tour6-route1", "tour6-r1-p29"),
("tour6-route1", "tour6-r1-p30"),
("tour6-route1", "tour6-r1-p31"),
("tour6-route1", "tour6-r1-p32"),
("tour6-route1", "tour6-r1-p33"),
("tour6-route1", "tour6-r1-p34"),
("tour6-route1", "tour6-r1-p35"),
("tour6-route1", "tour6-r1-p36"),
("tour6-route1", "tour6-r1-p37"),
("tour6-route1", "tour6-r1-p38"),
("tour6-route1", "tour6-r1-p39"),
("tour6-route1", "tour6-r1-p40"),
("tour6-route1", "tour6-r1-p41"),
("tour6-route1", "tour6-r1-p42"),
("tour6-route1", "tour6-r1-p43"),
("tour6-route1", "tour6-r1-p44"),
("tour6-route1", "tour6-r1-p45"),
("tour6-route1", "tour6-r1-p46"),
("tour6-route1", "tour6-r1-p47"),
("tour6-route1", "tour6-r1-p48"),
("tour6-route1", "tour6-r1-p49"),
("tour6-route1", "tour6-r1-p50"),
("tour6-route1", "tour6-r1-p51"),
("tour6-route1", "tour6-r1-p52"),
("tour6-route1", "tour6-r1-p53"),
("tour6-route1", "tour6-r1-p54"),
("tour6-route1", "tour6-r1-p55"),
("tour6-route1", "tour6-r1-p56"),
("tour6-route1", "tour6-r1-p57"),
("tour6-route1", "tour6-r1-p58"),
("tour6-route1", "tour6-r1-p59"),
("tour6-route1", "tour6-r1-p60"),
("tour6-route1", "tour6-r1-p61"),
("tour6-route1", "tour6-r1-p62"),
("tour6-route1", "tour6-r1-p63"),
("tour6-route1", "tour6-r1-p64"),
("tour6-route1", "tour6-r1-p65"),
("tour6-route1", "tour6-r1-p66"),
("tour6-route1", "tour6-r1-p67"),
("tour6-route1", "tour6-r1-p68"),
("tour6-route1", "tour6-r1-p69"),
("tour6-route1", "tour6-r1-p70"),
("tour6-route1", "tour6-r1-p71"),
("tour6-route1", "tour6-r1-p72"),
("tour6-route1", "tour6-r1-p73"),
("tour6-route1", "tour6-r1-p74"),
("tour6-route1", "tour6-r1-p75"),
("tour6-route1", "tour6-r1-p76"),
("tour6-route1", "tour6-r1-p77"),
("tour6-route1", "tour6-r1-p78"),
("tour6-route1", "tour6-r1-p79"),
("tour6-route1", "tour6-r1-p80"),
("tour6-route1", "tour6-r1-p81"),
("tour6-route1", "tour6-r1-p82"),
("tour6-route1", "tour6-r1-p83"),
("tour6-route1", "tour6-r1-p84"),
("tour6-route1", "tour6-r1-p85"),
("tour6-route1", "tour6-r1-p86"),
("tour6-route1", "tour6-r1-p87"),
("tour6-route1", "tour6-r1-p88"),
("tour6-route1", "tour6-r1-p89"),
("tour6-route1", "tour6-r1-p90"),
("tour6-route1", "tour6-r1-p91"),
("tour6-route1", "tour6-r1-p92"),
("tour6-route1", "tour6-r1-p93"),
("tour6-route1", "tour6-r1-p94"),
("tour6-route1", "tour6-r1-p95"),
("tour6-route1", "tour6-r1-p96"),
("tour6-route1", "tour6-r1-p97"),
("tour6-route1", "tour6-r1-p98"),
("tour6-route1", "tour6-r1-p99"),
("tour6-route1", "tour6-r1-p100"),
("tour6-route1", "tour6-r1-p101"),
("tour6-route1", "tour6-r1-p102"),
("tour6-route2", "tour6-r2-p1"),
("tour6-route2", "tour6-r2-p2"),
("tour6-route2", "tour6-r2-p3"),
("tour6-route2", "tour6-r2-p4"),
("tour6-route2", "tour6-r2-p5"),
("tour6-route2", "tour6-r2-p6"),
("tour6-route2", "tour6-r2-p7"),
("tour6-route2", "tour6-r2-p8"),
("tour6-route2", "tour6-r2-p9"),
("tour6-route2", "tour6-r2-p10"),
("tour6-route2", "tour6-r2-p11"),
("tour6-route2", "tour6-r2-p12"),
("tour6-route2", "tour6-r2-p13"),
("tour6-route2", "tour6-r2-p14"),
("tour6-route2", "tour6-r2-p15"),
("tour6-route2", "tour6-r2-p16"),
("tour6-route2", "tour6-r2-p17"),
("tour6-route2", "tour6-r2-p18"),
("tour6-route2", "tour6-r2-p19"),
("tour6-route2", "tour6-r2-p20"),
("tour6-route2", "tour6-r2-p21"),
("tour6-route2", "tour6-r2-p22"),
("tour6-route2", "tour6-r2-p23"),
("tour6-route2", "tour6-r2-p24"),
("tour6-route2", "tour6-r2-p25"),
("tour6-route2", "tour6-r2-p26"),
("tour6-route2", "tour6-r2-p27"),
("tour6-route2", "tour6-r2-p28"),
("tour6-route2", "tour6-r2-p29"),
("tour6-route2", "tour6-r2-p30"),
("tour6-route2", "tour6-r2-p31"),
("tour6-route2", "tour6-r2-p32"),
("tour6-route2", "tour6-r2-p33"),
("tour6-route2", "tour6-r2-p34"),
("tour6-route2", "tour6-r2-p35"),
("tour6-route2", "tour6-r2-p36"),
("tour6-route2", "tour6-r2-p37"),
("tour6-route2", "tour6-r2-p38"),
("tour6-route2", "tour6-r2-p39"),
("tour6-route2", "tour6-r2-p40"),
("tour6-route2", "tour6-r2-p41"),
("tour6-route2", "tour6-r2-p42"),
("tour6-route2", "tour6-r2-p43"),
("tour6-route2", "tour6-r2-p44"),
("tour6-route2", "tour6-r2-p45"),
("tour6-route2", "tour6-r2-p46"),
("tour6-route2", "tour6-r2-p47"),
("tour6-route2", "tour6-r2-p48"),
("tour6-route2", "tour6-r2-p49"),
("tour6-route2", "tour6-r2-p50"),
("tour6-route2", "tour6-r2-p51"),
("tour6-route2", "tour6-r2-p52"),
("tour6-route2", "tour6-r2-p53"),
("tour6-route2", "tour6-r2-p54"),
("tour6-route2", "tour6-r2-p55"),
("tour6-route2", "tour6-r2-p56"),
("tour6-route2", "tour6-r2-p57"),
("tour6-route2", "tour6-r2-p58"),
("tour6-route2", "tour6-r2-p59"),
("tour6-route2", "tour6-r2-p60"),
("tour6-route2", "tour6-r2-p61"),
("tour6-route2", "tour6-r2-p62"),
("tour6-route2", "tour6-r2-p63"),
("tour6-route2", "tour6-r2-p64"),
("tour6-route2", "tour6-r2-p65"),
("tour6-route2", "tour6-r2-p66"),
("tour6-route2", "tour6-r2-p67"),
("tour6-route2", "tour6-r2-p68"),
("tour6-route2", "tour6-r2-p69"),
("tour6-route2", "tour6-r2-p70"),
("tour6-route2", "tour6-r2-p71"),
("tour6-route2", "tour6-r2-p72"),
("tour6-route2", "tour6-r2-p73"),
("tour6-route2", "tour6-r2-p74"),
("tour6-route2", "tour6-r2-p75"),
("tour6-route2", "tour6-r2-p76"),
("tour6-route2", "tour6-r2-p77"),
("tour6-route2", "tour6-r2-p78"),
("tour6-route2", "tour6-r2-p79"),
("tour6-route2", "tour6-r2-p80"),
("tour6-route2", "tour6-r2-p81"),
("tour6-route2", "tour6-r2-p82"),
("tour6-route2", "tour6-r2-p83"),
("tour6-route2", "tour6-r2-p84"),
("tour6-route2", "tour6-r2-p85"),
("tour6-route2", "tour6-r2-p86"),
("tour6-route2", "tour6-r2-p87"),
("tour6-route2", "tour6-r2-p88"),
("tour6-route2", "tour6-r2-p89"),
("tour6-route2", "tour6-r2-p90"),
("tour6-route2", "tour6-r2-p91"),
("tour6-route2", "tour6-r2-p92"),
("tour6-route2", "tour6-r2-p93"),
("tour6-route2", "tour6-r2-p94"),
("tour6-route2", "tour6-r2-p95"),
("tour6-route2", "tour6-r2-p96"),
("tour6-route2", "tour6-r2-p97"),
("tour6-route2", "tour6-r2-p98"),
("tour6-route2", "tour6-r2-p99"),
("tour6-route2", "tour6-r2-p100"),
("tour6-route2", "tour6-r2-p101"),
("tour6-route2", "tour6-r2-p102"),
("tour6-route2", "tour6-r2-p103"),
("tour6-route2", "tour6-r2-p104"),
("tour6-route2", "tour6-r2-p105"),
("tour6-route2", "tour6-r2-p106");

-- tour - location
INSERT INTO tour_locations (tour_id, location_id) VALUES 
("tour6", "BenNhaRong"),
("tour6", "BenBachDang"),
("tour6", "BaoTangChienDichHCM");
