-- center point for tour 3 
INSERT INTO points (id, longitude, latitude) VALUES 
("tour3-center", 106.70185741946499, 10.782466081287723);

-- tour3 - route1
INSERT INTO points (id, longitude, latitude) VALUES 
("tour3-r1-p1" ,106.69861527454745, 10.780146589306245),
("tour3-r1-p2" ,106.69856463202348, 10.780182684397607),
("tour3-r1-p3" ,106.69855585388301, 10.78017010886591),
("tour3-r1-p4" ,106.69853829761746, 10.780157174029306),
("tour3-r1-p5" ,106.69852049749193, 10.780149149642726),
("tour3-r1-p6" ,106.69850501383407, 10.780144718254613),
("tour3-r1-p7" ,106.69848953017107, 10.780144239197178),
("tour3-r1-p8" ,106.69848050819624, 10.780144957795901),
("tour3-r1-p9" ,106.6984717300558, 10.780145077566559),
("tour3-r1-p10" ,106.69847477802024, 10.780133939223251),
("tour3-r1-p11" ,106.69848233697216, 10.780109267227191),
("tour3-r1-p12" ,106.69849989324796, 10.7800501023211),
("tour3-r1-p13" ,106.69852000981042, 10.779981595577913),
("tour3-r1-p14" ,106.69853220167337, 10.779940874768318),
("tour3-r1-p15" ,106.69853695649518, 10.779924107379134),
("tour3-r1-p16" ,106.69862400637355, 10.779842306452387),
("tour3-r1-p17" ,106.69870922747343, 10.779763020610346),
("tour3-r1-p18" ,106.69876945526156, 10.779705771913962),
("tour3-r1-p19" ,106.69882822002032, 10.779651038311725),
("tour3-r1-p20" ,106.69924894585397, 10.779258471100766),
("tour3-r1-p21" ,106.69939570530464, 10.779148973780293),
("tour3-r1-p22" ,106.69950462431987, 10.779067412184395),
("tour3-r1-p23" ,106.69959069885292, 10.779003336599265),
("tour3-r1-p24" ,106.69967372541004, 10.778990401712496),
("tour3-r1-p25" ,106.69973492854346, 10.778981299384997),
("tour3-r1-p26" ,106.69979600975972, 10.778996629621272),
("tour3-r1-p27" ,106.69986781981206, 10.779014714498922),
("tour3-r1-p28" ,106.69993757252233, 10.778954082116378),
("tour3-r1-p29" ,106.70013544638813, 10.778767005264404),
("tour3-r1-p30" ,106.70053582709079, 10.778394453143259),
("tour3-r1-p31" ,106.70064432203512, 10.77829227413723),
("tour3-r1-p32" ,106.70074554210385, 10.77819897728918),
("tour3-r1-p33" ,106.70078126424652, 10.778165562082165),
("tour3-r1-p34" ,106.70082259465191, 10.778126637555225),
("tour3-r1-p35" ,106.7008572195347, 10.778094180479188),
("tour3-r1-p36" ,106.70088245668342, 10.778070825754009),
("tour3-r1-p37" ,106.70091318016478, 10.778043279156892),
("tour3-r1-p38" ,106.70094402556843, 10.77801369650473),
("tour3-r1-p39" ,106.70097791894293, 10.777981958024185),
("tour3-r1-p40" ,106.70101315341682, 10.777949141630556),
("tour3-r1-p41" ,106.70103461109412, 10.777930218309558),
("tour3-r1-p42" ,106.7010544838222, 10.777911893823674),
("tour3-r1-p43" ,106.70108008673016, 10.777889616996479),
("tour3-r1-p44" ,106.70111373626514, 10.777860393628808),
("tour3-r1-p45" ,106.7011298295141, 10.777843506355895),
("tour3-r1-p46" ,106.70116347904909, 10.777813085305729),
("tour3-r1-p47" ,106.7012054190455, 10.77777499910981),
("tour3-r1-p48" ,106.70122102462841, 10.77776074672077),
("tour3-r1-p49" ,106.7012495535823, 10.777735236145922),
("tour3-r1-p50" ,106.70130185665809, 10.777687568502145),
("tour3-r1-p51" ,106.70134806381267, 10.777646128775617),
("tour3-r1-p52" ,106.70139597781822, 10.777603132066533),
("tour3-r1-p53" ,106.70143694247203, 10.777566003985347),
("tour3-r1-p54" ,106.70148570989795, 10.77752216889318),
("tour3-r1-p55" ,106.70152643071215, 10.777484322182497),
("tour3-r1-p56" ,106.7015726378616, 10.777443720814306),
("tour3-r1-p57" ,106.70165395755242, 10.777369225063309),
("tour3-r1-p58" ,106.70175417463886, 10.77727987805551),
("tour3-r1-p59" ,106.70180452701398, 10.777233408002322),
("tour3-r1-p60" ,106.70181452434686, 10.777223587016),
("tour3-r1-p61" ,106.70186731509143, 10.777175559980764),
("tour3-r1-p62" ,106.70192400723744, 10.777122382904343),
("tour3-r1-p63" ,106.7019568033419, 10.777092440851755),
("tour3-r1-p64" ,106.7020138612446, 10.777039263765664),
("tour3-r1-p65" ,106.70206104373675, 10.776995907662997),
("tour3-r1-p66" ,106.70210651937789, 10.776953749239288),
("tour3-r1-p67" ,106.70214919087756, 10.776914105937257),
("tour3-r1-p68" ,106.702188936344, 10.776877217306815),
("tour3-r1-p69" ,106.7022384352884, 10.77683134604377),
("tour3-r1-p70" ,106.70233097151475, 10.776746071001075),
("tour3-r1-p71" ,106.70239048474902, 10.776690989267992),
("tour3-r1-p72" ,106.70245388242525, 10.776631464383543),
("tour3-r1-p73" ,106.70254446795089, 10.776548704414843),
("tour3-r1-p74" ,106.702583481909, 10.776511695968797),
("tour3-r1-p75" ,106.70264870837644, 10.776452290821327),
("tour3-r1-p76" ,106.70271471903006, 10.77638916768117),
("tour3-r1-p77" ,106.7027591126773, 10.776347158847486),
("tour3-r1-p78" ,106.70279887591296, 10.776311926454522),
("tour3-r1-p79" ,106.70293786309244, 10.776448941612149);

-- tour3 - route2
INSERT INTO points (id, longitude, latitude) VALUES 
("tour3-r2-p1", 106.70279887591296, 10.776311926454522),
("tour3-r2-p2", 106.70292515698958, 10.776191123837702),
("tour3-r2-p3", 106.70304097965621, 10.776083332098214),
("tour3-r2-p4", 106.70322461954201, 10.776126957823626),
("tour3-r2-p5", 106.70332166673529, 10.776226126192812),
("tour3-r2-p6", 106.70348162393853, 10.7764069766555),
("tour3-r2-p7", 106.7036245125297, 10.776580401365472),
("tour3-r2-p8", 106.70363719206122, 10.776588545614256),
("tour3-r2-p9", 106.70362231800979, 10.776645794903546),
("tour3-r2-p10", 106.70362621938051, 10.776737297935231),
("tour3-r2-p11", 106.70362865774486, 10.776806763570669),
("tour3-r2-p12", 106.703640483851, 10.776841975457655),
("tour3-r2-p13", 106.7036515784438, 10.776875390811599),
("tour3-r2-p14", 106.70367523064608, 10.776907967783453),
("tour3-r2-p15", 106.70369461570043, 10.776934436567343),
("tour3-r2-p16", 106.70371704872034, 10.776965815858967),
("tour3-r2-p17", 106.70382466355912, 10.777081249584004),
("tour3-r2-p18", 106.7039595055233, 10.7772271272362),
("tour3-r2-p19", 106.70413677516281, 10.777416600390664),
("tour3-r2-p20", 106.7040153442334, 10.77752271489184),
("tour3-r2-p21", 106.7038875735537, 10.777633620075568),
("tour3-r2-p22", 106.70374883018815, 10.777760574129674),
("tour3-r2-p23", 106.70357887567239, 10.777917949145236),
("tour3-r2-p24", 106.70342891579176, 10.778052807745587),
("tour3-r2-p25", 106.70328773408237, 10.77817880347661),
("tour3-r2-p26", 106.70316605933915, 10.778287073508508),
("tour3-r2-p27", 106.70302170774161, 10.778418099371503),
("tour3-r2-p28", 106.7029153946982, 10.778514392570349),
("tour3-r2-p29", 106.70282078585915, 10.778599188039607),
("tour3-r2-p30", 106.70274909772911, 10.778666018373743),
("tour3-r2-p31", 106.70266131632467, 10.778747939381988),
("tour3-r2-p32", 106.70247185483245, 10.778920644137736),
("tour3-r2-p33", 106.70239407077618, 10.778992265101358),
("tour3-r2-p34", 106.70229799892046, 10.77907921626492),
("tour3-r2-p35", 106.70222507638334, 10.779147378890004),
("tour3-r2-p36", 106.70216618969708, 10.779202232352652),
("tour3-r2-p37", 106.70202617890416, 10.779326077765349),
("tour3-r2-p38", 106.70194107970863, 10.779402010243071),
("tour3-r2-p39", 106.70185354216922, 10.779477224091243),
("tour3-r2-p40", 106.70177819645173, 10.779547168177814),
("tour3-r2-p41", 106.70168358763311, 10.779631484292802),
("tour3-r2-p42", 106.70152241123738, 10.779774246746301),
("tour3-r2-p43", 106.70141292835197, 10.779873174377318),
("tour3-r2-p44", 106.70125540951305, 10.780014020465453),
("tour3-r2-p45", 106.70114031835986, 10.780116541051832),
("tour3-r2-p46", 106.70105838905248, 10.780188640775648),
("tour3-r2-p47", 106.70091818268054, 10.78031703094355),
("tour3-r2-p48", 106.70083893560248, 10.780389130614303),
("tour3-r2-p49", 106.70074091305123, 10.780481590636787),
("tour3-r2-p50", 106.7006509371167, 10.780564708845496),
("tour3-r2-p51", 106.70055267073099, 10.78065597115989),
("tour3-r2-p52", 106.700483177131, 10.780717770830671),
("tour3-r2-p53", 106.70036735445413, 10.780825081826356),
("tour3-r2-p54", 106.7002688442238, 10.780914667337385),
("tour3-r2-p55", 106.700184476552, 10.78099395287726),
("tour3-r2-p56", 106.70009450062774, 10.781077310444783),
("tour3-r2-p57", 106.69995088051299, 10.781205460708152),
("tour3-r2-p58", 106.69982457285504, 10.781319717999116),
("tour3-r2-p59", 106.69969704600963, 10.781435172902743),
("tour3-r2-p60", 106.69962925925557, 10.78149817006427),
("tour3-r2-p61", 106.69965246950471, 10.781525431908756),
("tour3-r2-p62", 106.69969940817275, 10.781578009371895),
("tour3-r2-p63", 106.69975634414295, 10.78163980884323),
("tour3-r2-p64", 106.69980511158427, 10.78169514091155),
("tour3-r2-p65", 106.69986302292271, 10.781757658948672),
("tour3-r2-p66", 106.6999326384399, 10.781835147762102),
("tour3-r2-p67", 106.69998396616788, 10.78189299489177),
("tour3-r2-p68", 106.70004553506321, 10.781959824476795),
("tour3-r2-p69", 106.70010393407041, 10.782025336623377),
("tour3-r2-p70", 106.70017550027293, 10.78210510094122),
("tour3-r2-p71", 106.70025084595963, 10.7821878593794),
("tour3-r2-p72", 106.70031156141921, 10.78225385053544),
("tour3-r2-p73", 106.70037069195014, 10.782320081214044),
("tour3-r2-p74", 106.70041372921679, 10.782368227194263),
("tour3-r2-p75", 106.70047700496305, 10.78243445785022),
("tour3-r2-p76", 106.70052967378524, 10.782490388610885),
("tour3-r2-p77", 106.70057575902776, 10.782539971756137),
("tour3-r2-p78", 106.70061794284838, 10.782583207296673),
("tour3-r2-p79", 106.70066073628064, 10.782628957915835),
("tour3-r2-p80", 106.70071499004179, 10.78268728395256),
("tour3-r2-p81", 106.70076302596969, 10.782738783321335),
("tour3-r2-p82", 106.70080167416596, 10.782779024676385),
("tour3-r2-p83", 106.70084276072666, 10.782822859010345),
("tour3-r2-p84", 106.70088140892308, 10.78286405849178),
("tour3-r2-p85", 106.7009252996152, 10.782910767186884),
("tour3-r2-p86", 106.7009777246133, 10.78296621878845),
("tour3-r2-p87", 106.70103734279247, 10.783029694692283),
("tour3-r2-p88", 106.7010845252948, 10.783079517290124),
("tour3-r2-p89", 106.70112987901364, 10.783126465498208),
("tour3-r2-p90", 106.70117352587137, 10.783174371814281),
("tour3-r2-p91", 106.7012165631277, 10.783218325852502),
("tour3-r2-p92", 106.70126130726572, 10.783266351923341),
("tour3-r2-p93", 106.70130617330551, 10.783313539620947),
("tour3-r2-p94", 106.7013425050393, 10.783353541380487),
("tour3-r2-p95", 106.70139090672392, 10.78340396274628),
("tour3-r2-p96", 106.70145052492354, 10.783467797858183),
("tour3-r2-p97", 106.70151099654359, 10.783531992249332),
("tour3-r2-p98", 106.70155756944469, 10.78358061708884),
("tour3-r2-p99", 106.70159975327554, 10.783626367568871),
("tour3-r2-p100", 106.70164071792414, 10.783670441300268),
("tour3-r2-p101", 106.70167924419813, 10.783709724422142),
("tour3-r2-p102", 106.70171045535854, 10.78374265995673),
("tour3-r2-p103", 106.7017547118073, 10.7837896080538),
("tour3-r2-p104", 106.70179640795921, 10.78383416084299),
("tour3-r2-p105", 106.7018253026571, 10.783865419635903),
("tour3-r2-p106", 106.70186651115036, 10.783908535224326),
("tour3-r2-p107", 106.70190430591097, 10.783949734540753),
("tour3-r2-p108", 106.70194685548826, 10.783995245423926),
("tour3-r2-p109", 106.70198087077999, 10.784029258813966),
("tour3-r2-p110", 106.70202963822126, 10.784081835839512),
("tour3-r2-p111", 106.70206950558956, 10.784124472333248),
("tour3-r2-p112", 106.70211303052491, 10.784170941312158),
("tour3-r2-p113", 106.702249355682, 10.784319496888461),
("tour3-r2-p114", 106.70238883055073, 10.784465131506318),
("tour3-r2-p115", 106.70252553173805, 10.784608056378568),
("tour3-r2-p116", 106.70257429916913, 10.78466027400898),
("tour3-r2-p117", 106.70263184475085, 10.784720635658996),
("tour3-r2-p118", 106.70267390667989, 10.78476650571184),
("tour3-r2-p119", 106.70271730971336, 10.784812495531499),
("tour3-r2-p120", 106.70276205383097, 10.784859084165346),
("tour3-r2-p121", 106.70281642951448, 10.784919086486827),
("tour3-r2-p122", 106.70286885451264, 10.784972980765021),
("tour3-r2-p123", 106.70291652468379, 10.785023641384225),
("tour3-r2-p124", 106.7029672428105, 10.78507621823596),
("tour3-r2-p125", 106.70300954857383, 10.785121369650247),
("tour3-r2-p126", 106.70306782566898, 10.785182689334222),
("tour3-r2-p127", 106.70311366705666, 10.785231553449135),
("tour3-r2-p128", 106.70313731926386, 10.785257183153261),
("tour3-r2-p129", 106.70318803740075, 10.785305328659616),
("tour3-r2-p130", 106.70323205002538, 10.785346767336943),
("tour3-r2-p131", 106.70327752565635, 10.785394912821417),
("tour3-r2-p132", 106.70331970949742, 10.78543958513383),
("tour3-r2-p133", 106.70336079606841, 10.785481862139608),
("tour3-r2-p134", 106.70340297988902, 10.785527372795995),
("tour3-r2-p135", 106.70344114040633, 10.785567973070865),
("tour3-r2-p136", 106.70348600645647, 10.78561408252892),
("tour3-r2-p137", 106.70356817956768, 10.785702483914402),
("tour3-r2-p138", 106.70360926612847, 10.78574476088764),
("tour3-r2-p139", 106.70365084036824, 10.78578979243317),
("tour3-r2-p140", 106.70373740255985, 10.785881292677212),
("tour3-r2-p141", 106.70375422733768, 10.785900095739187),
("tour3-r2-p142", 106.70382810999764, 10.785978900899062),
("tour3-r2-p143", 106.70389065425098, 10.786046328396779),
("tour3-r2-p144", 106.70392918052504, 10.786087168141933),
("tour3-r2-p145", 106.7039864822724, 10.786147888802796),
("tour3-r2-p146", 106.70402500852602, 10.786190764532614),
("tour3-r2-p147", 106.70409181992207, 10.786261305865473),
("tour3-r2-p148", 106.70415814363922, 10.786333044822113),
("tour3-r2-p149", 106.7042120316642, 10.786391968963777),
("tour3-r2-p150", 106.70426713887127, 10.786450653562676),
("tour3-r2-p151", 106.70439114514468, 10.786581107997524),
("tour3-r2-p152", 106.70453988584313, 10.786745424753226),
("tour3-r2-p153", 106.70465156328414, 10.786863272868441),
("tour3-r2-p154", 106.70474065525121, 10.786960970577105),
("tour3-r2-p155", 106.70479039804033, 10.787013666860588),
("tour3-r2-p156", 106.70484782168957, 10.787074746629255),
("tour3-r2-p157", 106.70486281768379, 10.787090914798094),
("tour3-r2-p158", 106.70486908126357, 10.78716055768984),
("tour3-r2-p159", 106.70480044108908, 10.787138521078157),
("tour3-r2-p160", 106.70474825994079, 10.787080076136712),
("tour3-r2-p161", 106.70468810835152, 10.787014205804905),
("tour3-r2-p162", 106.704636414872, 10.786956359661362),
("tour3-r2-p163", 106.70457838162143, 10.786890728818236),
("tour3-r2-p164", 106.70453631971283, 10.786843900983257),
("tour3-r2-p165", 106.70450262447237, 10.786806968662273),
("tour3-r2-p166", 106.70438516852792, 10.786887584218961);

-- tour
INSERT INTO tours 
(id, name, price, date_start, total_time, description, thumbnail_img, center_point_id, zoom_val, admin_id)
VALUES
("tour3", "Tour Nhà thờ Đức Bà Sài Gòn - Nhà hát lớn Thành phố - Bảo tàng Lịch sử Việt Nam", 2500000, "2024-12-12", "4 ngày 3 đêm", "Tour tham quan 3 điểm đến nổi tiếng tại Thành phố Hồ Chí Minh", "https://static.hotdeal.vn/images/1598/1598345/500x500/356818-tour-sai-gon-city-tour-1-ngay-dinh-doc-lap-nha-tho-duc-ba-buu-dien-thanh-pho-cho-ben-thanh-khoi-hanh-hang-ngay-ko-phu-thu-cuoi-tuan.jpg", "tour3-center", 16, 1);

-- route 
INSERT INTO routes (id, name, description, tour_id) VALUES 
("tour3-route1", "Đường đi từ Nhà thờ Đức Bà Sài Gòn đến Nhà hát lớn Thành phố", "Đường đi từ Nhà thờ Đức Bà Sài Gòn đến Nhà hát lớn Thành phố", "tour3"),
("tour3-route2", "Đường đi từ Nhà hát lớn Thành phố Hồ Chí Minh đến Bảo tàng Lịch sử Việt Nam", "Đường đi từ Nhà hát lớn Thành phố Hồ Chí Minh đến Bảo tàng Lịch sử Việt Nam", "tour3");

-- route point
INSERT INTO route_points (route_id, point_id) VALUES 
("tour3-route1", "tour3-r1-p1"),
("tour3-route1", "tour3-r1-p2"),
("tour3-route1", "tour3-r1-p3"),
("tour3-route1", "tour3-r1-p4"),
("tour3-route1", "tour3-r1-p5"),
("tour3-route1", "tour3-r1-p6"),
("tour3-route1", "tour3-r1-p7"),
("tour3-route1", "tour3-r1-p8"),
("tour3-route1", "tour3-r1-p9"),
("tour3-route1", "tour3-r1-p10"),
("tour3-route1", "tour3-r1-p11"),
("tour3-route1", "tour3-r1-p12"),
("tour3-route1", "tour3-r1-p13"),
("tour3-route1", "tour3-r1-p14"),
("tour3-route1", "tour3-r1-p15"),
("tour3-route1", "tour3-r1-p16"),
("tour3-route1", "tour3-r1-p17"),
("tour3-route1", "tour3-r1-p18"),
("tour3-route1", "tour3-r1-p19"),
("tour3-route1", "tour3-r1-p20"),
("tour3-route1", "tour3-r1-p21"),
("tour3-route1", "tour3-r1-p22"),
("tour3-route1", "tour3-r1-p23"),
("tour3-route1", "tour3-r1-p24"),
("tour3-route1", "tour3-r1-p25"),
("tour3-route1", "tour3-r1-p26"),
("tour3-route1", "tour3-r1-p27"),
("tour3-route1", "tour3-r1-p28"),
("tour3-route1", "tour3-r1-p29"),
("tour3-route1", "tour3-r1-p30"),
("tour3-route1", "tour3-r1-p31"),
("tour3-route1", "tour3-r1-p32"),
("tour3-route1", "tour3-r1-p33"),
("tour3-route1", "tour3-r1-p34"),
("tour3-route1", "tour3-r1-p35"),
("tour3-route1", "tour3-r1-p36"),
("tour3-route1", "tour3-r1-p37"),
("tour3-route1", "tour3-r1-p38"),
("tour3-route1", "tour3-r1-p39"),
("tour3-route1", "tour3-r1-p40"),
("tour3-route1", "tour3-r1-p41"),
("tour3-route1", "tour3-r1-p42"),
("tour3-route1", "tour3-r1-p43"),
("tour3-route1", "tour3-r1-p44"),
("tour3-route1", "tour3-r1-p45"),
("tour3-route1", "tour3-r1-p46"),
("tour3-route1", "tour3-r1-p47"),
("tour3-route1", "tour3-r1-p48"),
("tour3-route1", "tour3-r1-p49"),
("tour3-route1", "tour3-r1-p50"),
("tour3-route1", "tour3-r1-p51"),
("tour3-route1", "tour3-r1-p52"),
("tour3-route1", "tour3-r1-p53"),
("tour3-route1", "tour3-r1-p54"),
("tour3-route1", "tour3-r1-p55"),
("tour3-route1", "tour3-r1-p56"),
("tour3-route1", "tour3-r1-p57"),
("tour3-route1", "tour3-r1-p58"),
("tour3-route1", "tour3-r1-p59"),
("tour3-route1", "tour3-r1-p60"),
("tour3-route1", "tour3-r1-p61"),
("tour3-route1", "tour3-r1-p62"),
("tour3-route1", "tour3-r1-p63"),
("tour3-route1", "tour3-r1-p64"),
("tour3-route1", "tour3-r1-p65"),
("tour3-route1", "tour3-r1-p66"),
("tour3-route1", "tour3-r1-p67"),
("tour3-route1", "tour3-r1-p68"),
("tour3-route1", "tour3-r1-p69"),
("tour3-route1", "tour3-r1-p70"),
("tour3-route1", "tour3-r1-p71"),
("tour3-route1", "tour3-r1-p72"),
("tour3-route1", "tour3-r1-p73"),
("tour3-route1", "tour3-r1-p74"),
("tour3-route1", "tour3-r1-p75"),
("tour3-route1", "tour3-r1-p76"),
("tour3-route1", "tour3-r1-p77"),
("tour3-route1", "tour3-r1-p78"),
("tour3-route1", "tour3-r1-p79"),
("tour3-route2", "tour3-r2-p1"),
("tour3-route2", "tour3-r2-p2"),
("tour3-route2", "tour3-r2-p3"),
("tour3-route2", "tour3-r2-p4"),
("tour3-route2", "tour3-r2-p5"),
("tour3-route2", "tour3-r2-p6"),
("tour3-route2", "tour3-r2-p7"),
("tour3-route2", "tour3-r2-p8"),
("tour3-route2", "tour3-r2-p9"),
("tour3-route2", "tour3-r2-p10"),
("tour3-route2", "tour3-r2-p11"),
("tour3-route2", "tour3-r2-p12"),
("tour3-route2", "tour3-r2-p13"),
("tour3-route2", "tour3-r2-p14"),
("tour3-route2", "tour3-r2-p15"),
("tour3-route2", "tour3-r2-p16"),
("tour3-route2", "tour3-r2-p17"),
("tour3-route2", "tour3-r2-p18"),
("tour3-route2", "tour3-r2-p19"),
("tour3-route2", "tour3-r2-p20"),
("tour3-route2", "tour3-r2-p21"),
("tour3-route2", "tour3-r2-p22"),
("tour3-route2", "tour3-r2-p23"),
("tour3-route2", "tour3-r2-p24"),
("tour3-route2", "tour3-r2-p25"),
("tour3-route2", "tour3-r2-p26"),
("tour3-route2", "tour3-r2-p27"),
("tour3-route2", "tour3-r2-p28"),
("tour3-route2", "tour3-r2-p29"),
("tour3-route2", "tour3-r2-p30"),
("tour3-route2", "tour3-r2-p31"),
("tour3-route2", "tour3-r2-p32"),
("tour3-route2", "tour3-r2-p33"),
("tour3-route2", "tour3-r2-p34"),
("tour3-route2", "tour3-r2-p35"),
("tour3-route2", "tour3-r2-p36"),
("tour3-route2", "tour3-r2-p37"),
("tour3-route2", "tour3-r2-p38"),
("tour3-route2", "tour3-r2-p39"),
("tour3-route2", "tour3-r2-p40"),
("tour3-route2", "tour3-r2-p41"),
("tour3-route2", "tour3-r2-p42"),
("tour3-route2", "tour3-r2-p43"),
("tour3-route2", "tour3-r2-p44"),
("tour3-route2", "tour3-r2-p45"),
("tour3-route2", "tour3-r2-p46"),
("tour3-route2", "tour3-r2-p47"),
("tour3-route2", "tour3-r2-p48"),
("tour3-route2", "tour3-r2-p49"),
("tour3-route2", "tour3-r2-p50"),
("tour3-route2", "tour3-r2-p51"),
("tour3-route2", "tour3-r2-p52"),
("tour3-route2", "tour3-r2-p53"),
("tour3-route2", "tour3-r2-p54"),
("tour3-route2", "tour3-r2-p55"),
("tour3-route2", "tour3-r2-p56"),
("tour3-route2", "tour3-r2-p57"),
("tour3-route2", "tour3-r2-p58"),
("tour3-route2", "tour3-r2-p59"),
("tour3-route2", "tour3-r2-p60"),
("tour3-route2", "tour3-r2-p61"),
("tour3-route2", "tour3-r2-p62"),
("tour3-route2", "tour3-r2-p63"),
("tour3-route2", "tour3-r2-p64"),
("tour3-route2", "tour3-r2-p65"),
("tour3-route2", "tour3-r2-p66"),
("tour3-route2", "tour3-r2-p67"),
("tour3-route2", "tour3-r2-p68"),
("tour3-route2", "tour3-r2-p69"),
("tour3-route2", "tour3-r2-p70"),
("tour3-route2", "tour3-r2-p71"),
("tour3-route2", "tour3-r2-p72"),
("tour3-route2", "tour3-r2-p73"),
("tour3-route2", "tour3-r2-p74"),
("tour3-route2", "tour3-r2-p75"),
("tour3-route2", "tour3-r2-p76"),
("tour3-route2", "tour3-r2-p77"),
("tour3-route2", "tour3-r2-p78"),
("tour3-route2", "tour3-r2-p79"),
("tour3-route2", "tour3-r2-p80"),
("tour3-route2", "tour3-r2-p81"),
("tour3-route2", "tour3-r2-p82"),
("tour3-route2", "tour3-r2-p83"),
("tour3-route2", "tour3-r2-p84"),
("tour3-route2", "tour3-r2-p85"),
("tour3-route2", "tour3-r2-p86"),
("tour3-route2", "tour3-r2-p87"),
("tour3-route2", "tour3-r2-p88"),
("tour3-route2", "tour3-r2-p89"),
("tour3-route2", "tour3-r2-p90"),
("tour3-route2", "tour3-r2-p91"),
("tour3-route2", "tour3-r2-p92"),
("tour3-route2", "tour3-r2-p93"),
("tour3-route2", "tour3-r2-p94"),
("tour3-route2", "tour3-r2-p95"),
("tour3-route2", "tour3-r2-p96"),
("tour3-route2", "tour3-r2-p97"),
("tour3-route2", "tour3-r2-p98"),
("tour3-route2", "tour3-r2-p99"),
("tour3-route2", "tour3-r2-p100"),
("tour3-route2", "tour3-r2-p101"),
("tour3-route2", "tour3-r2-p102"),
("tour3-route2", "tour3-r2-p103"),
("tour3-route2", "tour3-r2-p104"),
("tour3-route2", "tour3-r2-p105"),
("tour3-route2", "tour3-r2-p106"),
("tour3-route2", "tour3-r2-p107"),
("tour3-route2", "tour3-r2-p108"),
("tour3-route2", "tour3-r2-p109"),
("tour3-route2", "tour3-r2-p110"),
("tour3-route2", "tour3-r2-p111"),
("tour3-route2", "tour3-r2-p112"),
("tour3-route2", "tour3-r2-p113"),
("tour3-route2", "tour3-r2-p114"),
("tour3-route2", "tour3-r2-p115"),
("tour3-route2", "tour3-r2-p116"),
("tour3-route2", "tour3-r2-p117"),
("tour3-route2", "tour3-r2-p118"),
("tour3-route2", "tour3-r2-p119"),
("tour3-route2", "tour3-r2-p120"),
("tour3-route2", "tour3-r2-p121"),
("tour3-route2", "tour3-r2-p122"),
("tour3-route2", "tour3-r2-p123"),
("tour3-route2", "tour3-r2-p124"),
("tour3-route2", "tour3-r2-p125"),
("tour3-route2", "tour3-r2-p126"),
("tour3-route2", "tour3-r2-p127"),
("tour3-route2", "tour3-r2-p128"),
("tour3-route2", "tour3-r2-p129"),
("tour3-route2", "tour3-r2-p130"),
("tour3-route2", "tour3-r2-p131"),
("tour3-route2", "tour3-r2-p132"),
("tour3-route2", "tour3-r2-p133"),
("tour3-route2", "tour3-r2-p134"),
("tour3-route2", "tour3-r2-p135"),
("tour3-route2", "tour3-r2-p136"),
("tour3-route2", "tour3-r2-p137"),
("tour3-route2", "tour3-r2-p138"),
("tour3-route2", "tour3-r2-p139"),
("tour3-route2", "tour3-r2-p140"),
("tour3-route2", "tour3-r2-p141"),
("tour3-route2", "tour3-r2-p142"),
("tour3-route2", "tour3-r2-p143"),
("tour3-route2", "tour3-r2-p144"),
("tour3-route2", "tour3-r2-p145"),
("tour3-route2", "tour3-r2-p146"),
("tour3-route2", "tour3-r2-p147"),
("tour3-route2", "tour3-r2-p148"),
("tour3-route2", "tour3-r2-p149"),
("tour3-route2", "tour3-r2-p150"),
("tour3-route2", "tour3-r2-p151"),
("tour3-route2", "tour3-r2-p152"),
("tour3-route2", "tour3-r2-p153"),
("tour3-route2", "tour3-r2-p154"),
("tour3-route2", "tour3-r2-p155"),
("tour3-route2", "tour3-r2-p156"),
("tour3-route2", "tour3-r2-p157"),
("tour3-route2", "tour3-r2-p158"),
("tour3-route2", "tour3-r2-p159"),
("tour3-route2", "tour3-r2-p160"),
("tour3-route2", "tour3-r2-p161"),
("tour3-route2", "tour3-r2-p162"),
("tour3-route2", "tour3-r2-p163"),
("tour3-route2", "tour3-r2-p164"),
("tour3-route2", "tour3-r2-p165"),
("tour3-route2", "tour3-r2-p166");

-- tour - location
INSERT INTO tour_locations (tour_id, location_id) VALUES 
("tour3", "NhathoDucBa"),
("tour3", "BaoTangLichSu"),
("tour3", "NhaHatLon");
