-- center point for tour 4
INSERT INTO points (id, longitude, latitude) VALUES 
("tour4-center", 106.70408479127944, 10.777465215546565);

-- tour4 - route1
INSERT INTO points (id, longitude, latitude) VALUES 
("tour4-r1-p1", 106.7078951406651, 10.784525572603155),
("tour4-r1-p2", 106.70775590891552, 10.784359290271887),
("tour4-r1-p3", 106.7071203300429, 10.783608891220284),
("tour4-r1-p4", 106.70693390414007, 10.783386500807286),
("tour4-r1-p5", 106.70654815705954, 10.782932365460306),
("tour4-r1-p6", 106.70622631068552, 10.782543614108885),
("tour4-r1-p7", 106.70621654440463, 10.782530068652548),
("tour4-r1-p8", 106.70618805846817, 10.782483364986193),
("tour4-r1-p9", 106.70617965129179, 10.782465232397424),
("tour4-r1-p10", 106.70617103383415, 10.782440759645176),
("tour4-r1-p11", 106.70615641924032, 10.782355576556744),
("tour4-r1-p12", 106.70615544597503, 10.782231570143862),
("tour4-r1-p13", 106.70618202786812, 10.782154302648781),
("tour4-r1-p14", 106.70627065337021, 10.78204484214828),
("tour4-r1-p15", 106.70639861537778, 10.7819224179818),
("tour4-r1-p16", 106.70648546681244, 10.781840186242572),
("tour4-r1-p17", 106.70651629434383, 10.781810757292854),
("tour4-r1-p18", 106.7066015002116, 10.781746829991507),
("tour4-r1-p19", 106.70662411385896, 10.781729692580294),
("tour4-r1-p20", 106.7069008030677, 10.781481546503358),
("tour4-r1-p21", 106.70701688895448, 10.781377660631934),
("tour4-r1-p22", 106.7072565350024, 10.781147096300755),
("tour4-r1-p23", 106.70769985390754, 10.780677244191992),
("tour4-r1-p24", 106.7077452458441, 10.780631479736108),
("tour4-r1-p25", 106.70776919592089, 10.780589514509048),
("tour4-r1-p26", 106.7077939352151, 10.78052836412283),
("tour4-r1-p27", 106.70779098478931, 10.780468816050584),
("tour4-r1-p28", 106.70775930741202, 10.78032137941071),
("tour4-r1-p29", 106.70778999226971, 10.78025305721155),
("tour4-r1-p30", 106.70774795566636, 10.780118812774859),
("tour4-r1-p31", 106.7075180255461, 10.779290596188673),
("tour4-r1-p32", 106.70736983001514, 10.778743792423057),
("tour4-r1-p33", 106.7072642089184, 10.778287461399085),
("tour4-r1-p34", 106.70724329484801, 10.77819904641346),
("tour4-r1-p35", 106.7071366116047, 10.777790234810002),
("tour4-r1-p36", 106.70706361242135, 10.777549697109682),
("tour4-r1-p37", 106.70704365350427, 10.777481521422697),
("tour4-r1-p38", 106.70680597699256, 10.776417773072856),
("tour4-r1-p39", 106.70679610776948, 10.776370123750741),
("tour4-r1-p40", 106.70675373966802, 10.77611801829764),
("tour4-r1-p41", 106.70663950979811, 10.775931514030175),
("tour4-r1-p42", 106.7065909362897, 10.775870906768464),
("tour4-r1-p43", 106.70651018337954, 10.775803431875712),
("tour4-r1-p44", 106.70638992365993, 10.775791986485919),
("tour4-r1-p45", 106.70630370415479, 10.77578426397072),
("tour4-r1-p46", 106.70618957616327, 10.775739075224177),
("tour4-r1-p47", 106.70607228198186, 10.775645950902987),
("tour4-r1-p48", 106.70598968705787, 10.775468223256679),
("tour4-r1-p49", 106.70596287276139, 10.775339250860076),
("tour4-r1-p50", 106.70598318891544, 10.775183523703088),
("tour4-r1-p51", 106.70601960006648, 10.775062240298725),
("tour4-r1-p52", 106.7060673128556, 10.774981896164682),
("tour4-r1-p53", 106.70625190406491, 10.774838691339703),
("tour4-r1-p54", 106.70621908027816, 10.774775683813333),
("tour4-r1-p55", 106.70611235489709, 10.774562639782419),
("tour4-r1-p56", 106.70593950966078, 10.774215631905726),
("tour4-r1-p57", 106.70587585879979, 10.774088002357782),
("tour4-r1-p58", 106.70587585879979, 10.774088002357782),
("tour4-r1-p59", 106.7057786161517, 10.773892164715685),
("tour4-r1-p60", 106.70575705201486, 10.77384995220242),
("tour4-r1-p61", 106.70569519299234, 10.773725692231785),
("tour4-r1-p62", 106.70566922142169, 10.773673979465528),
("tour4-r1-p63", 106.70564095954018, 10.773643168575791),
("tour4-r1-p64", 106.70554413271027, 10.773538284768799),
("tour4-r1-p65", 106.70545140603083, 10.77343834416716),
("tour4-r1-p66", 106.70535431281436, 10.773333919234515),
("tour4-r1-p67", 106.7052077396493, 10.773175432022887),
("tour4-r1-p68", 106.7051751720944, 10.773139865987599),
("tour4-r1-p69", 106.70512353956065, 10.773084137109766),
("tour4-r1-p70", 106.70507914900341, 10.773036708266462),
("tour4-r1-p71", 106.70503656744896, 10.773075659507962),
("tour4-r1-p72", 106.7048999408402, 10.773201586503445),
("tour4-r1-p73", 106.70469294032094, 10.773391292273056),
("tour4-r1-p74", 106.70452999426523, 10.773541632616434),
("tour4-r1-p75", 106.7044674877834, 10.773597413445916),
("tour4-r1-p76", 106.70432372137411, 10.773728106003206),
("tour4-r1-p77", 106.70423497563266, 10.773808354606247),
("tour4-r1-p78", 106.70414725494575, 10.773887414775645),
("tour4-r1-p79", 106.70414725494575, 10.773887414775645),
("tour4-r1-p80", 106.70391768379845, 10.77409251984683),
("tour4-r1-p81", 106.70378429088252, 10.774205960048462),
("tour4-r1-p82", 106.70375573502186, 10.774230161874407);

-- tour4 - route2
INSERT INTO points (id, longitude, latitude) VALUES 
("tour4-r2-p1", 106.70375573502186, 10.774230161874407),
("tour4-r2-p2", 106.70373512434476, 10.774247879051845),
("tour4-r2-p3", 106.70362211142294, 10.77434913156367),
("tour4-r2-p4", 106.70358528264671, 10.774381740647245),
("tour4-r2-p5", 106.70353633233478, 10.774426534354928),
("tour4-r2-p6", 106.70348107882543, 10.774477783620187),
("tour4-r2-p7", 106.7034045017576, 10.774549190035142),
("tour4-r2-p8", 106.70333613363724, 10.774613288431121),
("tour4-r2-p9", 106.7032489008276, 10.774695391205052),
("tour4-r2-p10", 106.7032055831529, 10.774735968992635),
("tour4-r2-p11", 106.70316278856032, 10.774775718075935),
("tour4-r2-p12", 106.703103243522, 10.774831841881486),
("tour4-r2-p13", 106.70301647406167, 10.774913524399032),
("tour4-r2-p14", 106.7029774479199, 10.77494922755947),
("tour4-r2-p15", 106.70289483588178, 10.775024849730816),
("tour4-r2-p16", 106.70280659119847, 10.775105082991942),
("tour4-r2-p17", 106.7027166030829, 10.775187292414504),
("tour4-r2-p18", 106.70261427680202, 10.775279909726219),
("tour4-r2-p19", 106.702517314946, 10.775367915924896),
("tour4-r2-p20", 106.70247034609957, 10.775410924840402),
("tour4-r2-p21", 106.70242608965596, 10.775446100966924),
("tour4-r2-p22", 106.70238920928713, 10.77547771994109),
("tour4-r2-p23", 106.70235407234291, 10.77550591352785),
("tour4-r2-p24", 106.70229775028159, 10.775561007722242),
("tour4-r2-p25", 106.70221399813028, 10.775644394487498),
("tour4-r2-p26", 106.70214023737717, 10.775717118082),
("tour4-r2-p27", 106.70210085035285, 10.775683919692417),
("tour4-r2-p28", 106.70204389533275, 10.775634396671228),
("tour4-r2-p29", 106.70201760967622, 10.775610814195039),
("tour4-r2-p30", 106.70200366219736, 10.775598034863664),
("tour4-r2-p31", 106.7019691958053, 10.775559696871351),
("tour4-r2-p32", 106.70193365654598, 10.775521095376684),
("tour4-r2-p33", 106.70188194037567, 10.775463362636861),
("tour4-r2-p34", 106.70188194037567, 10.775463362636861),
("tour4-r2-p35", 106.70172568995028, 10.775294103012552),
("tour4-r2-p36", 106.70168478626267, 10.775249836416771),
("tour4-r2-p37", 106.7016123297596, 10.77517501836452),
("tour4-r2-p38", 106.70147545670014, 10.775033077533344),
("tour4-r2-p39", 106.70130661162986, 10.774858382389644),
("tour4-r2-p40", 106.70123196463122, 10.77478105605233),
("tour4-r2-p41", 106.70118137847406, 10.774729344575965),
("tour4-r2-p42", 106.70113859723824, 10.774684550918368),
("tour4-r2-p43", 106.70107744286956, 10.774621049291811),
("tour4-r2-p44", 106.70101732035027, 10.774558496133363),
("tour4-r2-p45", 106.70097668487962, 10.774517391341558),
("tour4-r2-p46", 106.70095239051025, 10.774491792447376),
("tour4-r2-p47", 106.70085901077856, 10.774383379715324),
("tour4-r2-p48", 106.7006998252721, 10.77419880942122),
("tour4-r2-p49", 106.70061821153688, 10.774105074861316),
("tour4-r2-p50", 106.70056763939544, 10.774048357482075),
("tour4-r2-p51", 106.70053639165636, 10.774014630410363),
("tour4-r2-p52", 106.7004981701779, 10.773972471574199),
("tour4-r2-p53", 106.70046437434829, 10.773935846057027),
("tour4-r2-p54", 106.70022706231197, 10.773676263912717),
("tour4-r2-p55", 106.7000644840606, 10.773498475446203),
("tour4-r2-p56", 106.70010985686592, 10.773389923257007),
("tour4-r2-p57", 106.70003673310998, 10.773324939227471),
("tour4-r2-p58", 106.6999974125005, 10.773289072282717),
("tour4-r2-p59", 106.69996053212145, 10.773255872104722),
("tour4-r2-p60", 106.69992646807003, 10.773224516399187),
("tour4-r2-p61", 106.69988524732412, 10.773183554010638),
("tour4-r2-p62", 106.69988524732412, 10.773183554010638),
("tour4-r2-p63", 106.69975828797, 10.773057452778032),
("tour4-r2-p64", 106.69958582573737, 10.7728867305869),
("tour4-r2-p65", 106.69956959951288, 10.77287055750666),
("tour4-r2-p66", 106.69954344797502, 10.772844339876379),
("tour4-r2-p67", 106.69948189127605, 10.77278255058058),
("tour4-r2-p68", 106.69943750072888, 10.772739601082312),
("tour4-r2-p69", 106.69939544147016, 10.772697063454451),
("tour4-r2-p70", 106.69933066611839, 10.772633034428889),
("tour4-r2-p71", 106.6993085725916, 10.772611636835451),
("tour4-r2-p72", 106.6992384328269, 10.772541283941157),
("tour4-r2-p73", 106.69919407779837, 10.77249787911107),
("tour4-r2-p74", 106.69915451521537, 10.772456247052773),
("tour4-r2-p75", 106.69905379826882, 10.772345842999494),
("tour4-r2-p76", 106.69900321674976, 10.77229031518348),
("tour4-r2-p77", 106.69900321674976, 10.77229031518348),
("tour4-r2-p78", 106.69896164250493, 10.772245125912576),
("tour4-r2-p79", 106.69886365154022, 10.772143251172759),
("tour4-r2-p80", 106.6988416663195, 10.7721212924328),
("tour4-r2-p81", 106.6988076022681, 10.772085325446636),
("tour4-r2-p82", 106.69872593597665, 10.77200083429673),
("tour4-r2-p83", 106.69867379622156, 10.771946290308096),
("tour4-r2-p84", 106.6986489857881, 10.771920863084059),
("tour4-r2-p85", 106.69862363891087, 10.77189517236229),
("tour4-r2-p86", 106.69871657136373, 10.771829165878417),
("tour4-r2-p87", 106.69870586739296, 10.771817033685993),
("tour4-r2-p88", 106.69864001915346, 10.771745363132448),
("tour4-r2-p89", 106.69868854289915, 10.771798251669736),
("tour4-r2-p90", 106.69860945718975, 10.771712699014705),
("tour4-r2-p91", 106.69858022111762, 10.771680289150275),
("tour4-r2-p92", 106.69856117742748, 10.7716556523862),
("tour4-r2-p93", 106.69853274601583, 10.771617840878557),
("tour4-r2-p94", 106.69852282184036, 10.771604139149774),
("tour4-r2-p95", 106.69851325562284, 10.771574949015847),
("tour4-r2-p96", 106.69851064745326, 10.771503463661483),
("tour4-r2-p97", 106.69853741315063, 10.771244966877886),
("tour4-r2-p98", 106.6984963198127, 10.77122028050642),
("tour4-r2-p99", 106.69848974214477, 10.771216547347905),
("tour4-r2-p100", 106.69846654104295, 10.771194808994164),
("tour4-r2-p101", 106.69844481514369, 10.771159632381057),
("tour4-r2-p102", 106.69841812375445, 10.771123559969531),
("tour4-r2-p103", 106.69839116755594, 10.771047409823232),
("tour4-r2-p104", 106.69834342423721, 10.770980218510264),
("tour4-r2-p105", 106.69821427586912, 10.770888785592634),
("tour4-r2-p106", 106.69820477617463, 10.770880532138678),
("tour4-r2-p107", 106.69811612915852, 10.77080201048206),
("tour4-r2-p108", 106.6980746890269, 10.770765252846083),
("tour4-r2-p109", 106.69803150546572, 10.770721644326098),
("tour4-r2-p110", 106.6980034763795, 10.77069397728972),
("tour4-r2-p111", 106.69790141832338, 10.770626522391144),
("tour4-r2-p112", 106.6977467102977, 10.770589606808848),
("tour4-r2-p113", 106.69768676292007, 10.77057471929539),
("tour4-r2-p114", 106.69735534862696, 10.77022649112929),
("tour4-r2-p115", 106.69720696581723, 10.770059262475868),
("tour4-r2-p116", 106.69710058915506, 10.769992109151495),
("tour4-r2-p117", 106.69707846093071, 10.76997827560264),
("tour4-r2-p118", 106.6970661227682, 10.769970634206675),
("tour4-r2-p119", 106.69684869975275, 10.769718609330356),
("tour4-r2-p120", 106.69657174539985, 10.76940718915564),
("tour4-r2-p121", 106.69651427036574, 10.769343009946118),
("tour4-r2-p122", 106.69642266927747, 10.769242401572365),
("tour4-r2-p123", 106.69632625364964, 10.769135870325819),
("tour4-r2-p124", 106.69621441816271, 10.769012388384672),
("tour4-r2-p125", 106.69616251741202, 10.768954287267118),
("tour4-r2-p126", 106.69610278920129, 10.768889696900395),
("tour4-r2-p127", 106.69602440850875, 10.768805378561334),
("tour4-r2-p128", 106.69596612546805, 10.768738310193596),
("tour4-r2-p129", 106.69588828062109, 10.768649631776368),
("tour4-r2-p130", 106.69582752858284, 10.768580068442065),
("tour4-r2-p131", 106.69577139169395, 10.768514276405183),
("tour4-r2-p132", 106.69572833454131, 10.768464090968559),
("tour4-r2-p133", 106.69570084189893, 10.76843194425321),
("tour4-r2-p134", 106.69568327342682, 10.76841218193083),
("tour4-r2-p135", 106.69564515562108, 10.768367716281242),
("tour4-r2-p136", 106.69550664519129, 10.768207449493927),
("tour4-r2-p137", 106.69547392223926, 10.768168320054116),
("tour4-r2-p138", 106.6954477707013, 10.768138544802207),
("tour4-r2-p139", 106.69541692529764, 10.768102840834354),
("tour4-r2-p140", 106.69539188803661, 10.7680762870672),
("tour4-r2-p141", 106.69535232545365, 10.768034127389743),
("tour4-r2-p142", 106.69533422054276, 10.768012520565895),
("tour4-r2-p143", 106.69529398740757, 10.767966671913145),
("tour4-r2-p144", 106.69525160530443, 10.767918610632673),
("tour4-r2-p145", 106.69520801940283, 10.767868677741863),
("tour4-r2-p146", 106.69509509841737, 10.76773969538955),
("tour4-r2-p147", 106.69503373544667, 10.767668910262913),
("tour4-r2-p148", 106.69502327483757, 10.767656394098877),
("tour4-r2-p149", 106.69496748489205, 10.767591310011879),
("tour4-r2-p150", 106.69488379005321, 10.76749268282294),
("tour4-r2-p151", 106.6948464112516, 10.767449432180493),
("tour4-r2-p152", 106.69481905111444, 10.767417027741084),
("tour4-r2-p153", 106.69477385589664, 10.767364064542285),
("tour4-r2-p154", 106.69473697553282, 10.767321114273903),
("tour4-r2-p155", 106.69467222156482, 10.767245176130164),
("tour4-r2-p156", 106.69464446069537, 10.767212897547466),
("tour4-r2-p157", 106.69457260221044, 10.767129790089566),
("tour4-r2-p158", 106.6945024269673, 10.76704996611411),
("tour4-r2-p159", 106.69444663701148, 10.766986199393065),
("tour4-r2-p160", 106.69438496996804, 10.766916496178526),
("tour4-r2-p161", 106.69435036947264, 10.766876971343695),
("tour4-r2-p162", 106.69428425301112, 10.766801478869022),
("tour4-r2-p163", 106.69425947898951, 10.766772855848057),
("tour4-r2-p164", 106.69419121677812, 10.766694201363155),
("tour4-r2-p165", 106.69416011236827, 10.76665894368202),
("tour4-r2-p166", 106.69414815315507, 10.766644397667504),
("tour4-r2-p167", 106.69413044539523, 10.766624674355976),
("tour4-r2-p168", 106.69410187987538, 10.766591605201057),
("tour4-r2-p169", 106.6940680840356, 10.766552212066202),
("tour4-r2-p170", 106.6939998218243, 10.766474611530077),
("tour4-r2-p171", 106.69396039334976, 10.76642955314443),
("tour4-r2-p172", 106.69393018362308, 10.766395739475845),
("tour4-r2-p173", 106.6938843178479, 10.766343566586311),
("tour4-r2-p174", 106.69385266777837, 10.766307598900248),
("tour4-r2-p175", 106.69377354260719, 10.766217877325635),
("tour4-r2-p176", 106.69371226693215, 10.76614908449574),
("tour4-r2-p177", 106.69363247121895, 10.766057913622587),
("tour4-r2-p178", 106.69363247121895, 10.766057913622587),
("tour4-r2-p179", 106.69354404707543, 10.76595749331404),
("tour4-r2-p180", 106.69349133652314, 10.765896479476988),
("tour4-r2-p181", 106.6934386311117, 10.765837455512955),
("tour4-r2-p182", 106.69339062775892, 10.765909362403518),
("tour4-r2-p183", 106.69335108295073, 10.765994492351345),
("tour4-r2-p184", 106.69331608012514, 10.766067877022648),
("tour4-r2-p185", 106.69325417028165, 10.766199697212762),
("tour4-r2-p186", 106.69324385611355, 10.76622293031095);

-- tour
INSERT INTO tours 
(id, name, price, date_start, total_time, description, thumbnail_img, center_point_id, zoom_val, admin_id)
VALUES
("tour4", "Tour Thảo Cầm Viên Sài Gòn - Phố đi bộ Nguyễn Huệ - Khu Phố Tây Bùi Viện", 2500000, "2024-12-12", "4 ngày 3 đêm", "Tour tham quan 3 điểm đến nổi tiếng tại Thành phố Hồ Chí Minh", "https://static.hotdeal.vn/images/1598/1598345/500x500/356818-tour-sai-gon-city-tour-1-ngay-dinh-doc-lap-nha-tho-duc-ba-buu-dien-thanh-pho-cho-ben-thanh-khoi-hanh-hang-ngay-ko-phu-thu-cuoi-tuan.jpg", "tour4-center", 15, 1);

-- route 
INSERT INTO routes (id, name, description, tour_id) VALUES 
("tour4-route1", "Đường đi từ Thảo Cầm Viên đến Phố đi bộ Nguyễn Huệ", "Đường đi từ Thảo Cầm Viên đến Phố đi bộ Nguyễn Huệ", "tour4"),
("tour4-route2", "Đường đi từ Phố đi bộ Nguyễn Huệ đến Phố Bùi Viện", "Đường đi từ Phố đi bộ Nguyễn Huệ đến Phố Bùi Viện", "tour4");

-- route point
INSERT INTO route_points (route_id, point_id) VALUES 
("tour4-route1", "tour4-r1-p1"),
("tour4-route1", "tour4-r1-p2"),
("tour4-route1", "tour4-r1-p3"),
("tour4-route1", "tour4-r1-p4"),
("tour4-route1", "tour4-r1-p5"),
("tour4-route1", "tour4-r1-p6"),
("tour4-route1", "tour4-r1-p7"),
("tour4-route1", "tour4-r1-p8"),
("tour4-route1", "tour4-r1-p9"),
("tour4-route1", "tour4-r1-p10"),
("tour4-route1", "tour4-r1-p11"),
("tour4-route1", "tour4-r1-p12"),
("tour4-route1", "tour4-r1-p13"),
("tour4-route1", "tour4-r1-p14"),
("tour4-route1", "tour4-r1-p15"),
("tour4-route1", "tour4-r1-p16"),
("tour4-route1", "tour4-r1-p17"),
("tour4-route1", "tour4-r1-p18"),
("tour4-route1", "tour4-r1-p19"),
("tour4-route1", "tour4-r1-p20"),
("tour4-route1", "tour4-r1-p21"),
("tour4-route1", "tour4-r1-p22"),
("tour4-route1", "tour4-r1-p23"),
("tour4-route1", "tour4-r1-p24"),
("tour4-route1", "tour4-r1-p25"),
("tour4-route1", "tour4-r1-p26"),
("tour4-route1", "tour4-r1-p27"),
("tour4-route1", "tour4-r1-p28"),
("tour4-route1", "tour4-r1-p29"),
("tour4-route1", "tour4-r1-p30"),
("tour4-route1", "tour4-r1-p31"),
("tour4-route1", "tour4-r1-p32"),
("tour4-route1", "tour4-r1-p33"),
("tour4-route1", "tour4-r1-p34"),
("tour4-route1", "tour4-r1-p35"),
("tour4-route1", "tour4-r1-p36"),
("tour4-route1", "tour4-r1-p37"),
("tour4-route1", "tour4-r1-p38"),
("tour4-route1", "tour4-r1-p39"),
("tour4-route1", "tour4-r1-p40"),
("tour4-route1", "tour4-r1-p41"),
("tour4-route1", "tour4-r1-p42"),
("tour4-route1", "tour4-r1-p43"),
("tour4-route1", "tour4-r1-p44"),
("tour4-route1", "tour4-r1-p45"),
("tour4-route1", "tour4-r1-p46"),
("tour4-route1", "tour4-r1-p47"),
("tour4-route1", "tour4-r1-p48"),
("tour4-route1", "tour4-r1-p49"),
("tour4-route1", "tour4-r1-p50"),
("tour4-route1", "tour4-r1-p51"),
("tour4-route1", "tour4-r1-p52"),
("tour4-route1", "tour4-r1-p53"),
("tour4-route1", "tour4-r1-p54"),
("tour4-route1", "tour4-r1-p55"),
("tour4-route1", "tour4-r1-p56"),
("tour4-route1", "tour4-r1-p57"),
("tour4-route1", "tour4-r1-p58"),
("tour4-route1", "tour4-r1-p59"),
("tour4-route1", "tour4-r1-p60"),
("tour4-route1", "tour4-r1-p61"),
("tour4-route1", "tour4-r1-p62"),
("tour4-route1", "tour4-r1-p63"),
("tour4-route1", "tour4-r1-p64"),
("tour4-route1", "tour4-r1-p65"),
("tour4-route1", "tour4-r1-p66"),
("tour4-route1", "tour4-r1-p67"),
("tour4-route1", "tour4-r1-p68"),
("tour4-route1", "tour4-r1-p69"),
("tour4-route1", "tour4-r1-p70"),
("tour4-route1", "tour4-r1-p71"),
("tour4-route1", "tour4-r1-p72"),
("tour4-route1", "tour4-r1-p73"),
("tour4-route1", "tour4-r1-p74"),
("tour4-route1", "tour4-r1-p75"),
("tour4-route1", "tour4-r1-p76"),
("tour4-route1", "tour4-r1-p77"),
("tour4-route1", "tour4-r1-p78"),
("tour4-route1", "tour4-r1-p79"),
("tour4-route1", "tour4-r1-p80"),
("tour4-route1", "tour4-r1-p81"),
("tour4-route1", "tour4-r1-p82"),
("tour4-route2", "tour4-r2-p1"),
("tour4-route2", "tour4-r2-p2"),
("tour4-route2", "tour4-r2-p3"),
("tour4-route2", "tour4-r2-p4"),
("tour4-route2", "tour4-r2-p5"),
("tour4-route2", "tour4-r2-p6"),
("tour4-route2", "tour4-r2-p7"),
("tour4-route2", "tour4-r2-p8"),
("tour4-route2", "tour4-r2-p9"),
("tour4-route2", "tour4-r2-p10"),
("tour4-route2", "tour4-r2-p11"),
("tour4-route2", "tour4-r2-p12"),
("tour4-route2", "tour4-r2-p13"),
("tour4-route2", "tour4-r2-p14"),
("tour4-route2", "tour4-r2-p15"),
("tour4-route2", "tour4-r2-p16"),
("tour4-route2", "tour4-r2-p17"),
("tour4-route2", "tour4-r2-p18"),
("tour4-route2", "tour4-r2-p19"),
("tour4-route2", "tour4-r2-p20"),
("tour4-route2", "tour4-r2-p21"),
("tour4-route2", "tour4-r2-p22"),
("tour4-route2", "tour4-r2-p23"),
("tour4-route2", "tour4-r2-p24"),
("tour4-route2", "tour4-r2-p25"),
("tour4-route2", "tour4-r2-p26"),
("tour4-route2", "tour4-r2-p27"),
("tour4-route2", "tour4-r2-p28"),
("tour4-route2", "tour4-r2-p29"),
("tour4-route2", "tour4-r2-p30"),
("tour4-route2", "tour4-r2-p31"),
("tour4-route2", "tour4-r2-p32"),
("tour4-route2", "tour4-r2-p33"),
("tour4-route2", "tour4-r2-p34"),
("tour4-route2", "tour4-r2-p35"),
("tour4-route2", "tour4-r2-p36"),
("tour4-route2", "tour4-r2-p37"),
("tour4-route2", "tour4-r2-p38"),
("tour4-route2", "tour4-r2-p39"),
("tour4-route2", "tour4-r2-p40"),
("tour4-route2", "tour4-r2-p41"),
("tour4-route2", "tour4-r2-p42"),
("tour4-route2", "tour4-r2-p43"),
("tour4-route2", "tour4-r2-p44"),
("tour4-route2", "tour4-r2-p45"),
("tour4-route2", "tour4-r2-p46"),
("tour4-route2", "tour4-r2-p47"),
("tour4-route2", "tour4-r2-p48"),
("tour4-route2", "tour4-r2-p49"),
("tour4-route2", "tour4-r2-p50"),
("tour4-route2", "tour4-r2-p51"),
("tour4-route2", "tour4-r2-p52"),
("tour4-route2", "tour4-r2-p53"),
("tour4-route2", "tour4-r2-p54"),
("tour4-route2", "tour4-r2-p55"),
("tour4-route2", "tour4-r2-p56"),
("tour4-route2", "tour4-r2-p57"),
("tour4-route2", "tour4-r2-p58"),
("tour4-route2", "tour4-r2-p59"),
("tour4-route2", "tour4-r2-p60"),
("tour4-route2", "tour4-r2-p61"),
("tour4-route2", "tour4-r2-p62"),
("tour4-route2", "tour4-r2-p63"),
("tour4-route2", "tour4-r2-p64"),
("tour4-route2", "tour4-r2-p65"),
("tour4-route2", "tour4-r2-p66"),
("tour4-route2", "tour4-r2-p67"),
("tour4-route2", "tour4-r2-p68"),
("tour4-route2", "tour4-r2-p69"),
("tour4-route2", "tour4-r2-p70"),
("tour4-route2", "tour4-r2-p71"),
("tour4-route2", "tour4-r2-p72"),
("tour4-route2", "tour4-r2-p73"),
("tour4-route2", "tour4-r2-p74"),
("tour4-route2", "tour4-r2-p75"),
("tour4-route2", "tour4-r2-p76"),
("tour4-route2", "tour4-r2-p77"),
("tour4-route2", "tour4-r2-p78"),
("tour4-route2", "tour4-r2-p79"),
("tour4-route2", "tour4-r2-p80"),
("tour4-route2", "tour4-r2-p81"),
("tour4-route2", "tour4-r2-p82"),
("tour4-route2", "tour4-r2-p83"),
("tour4-route2", "tour4-r2-p84"),
("tour4-route2", "tour4-r2-p85"),
("tour4-route2", "tour4-r2-p86"),
("tour4-route2", "tour4-r2-p87"),
("tour4-route2", "tour4-r2-p88"),
("tour4-route2", "tour4-r2-p89"),
("tour4-route2", "tour4-r2-p90"),
("tour4-route2", "tour4-r2-p91"),
("tour4-route2", "tour4-r2-p92"),
("tour4-route2", "tour4-r2-p93"),
("tour4-route2", "tour4-r2-p94"),
("tour4-route2", "tour4-r2-p95"),
("tour4-route2", "tour4-r2-p96"),
("tour4-route2", "tour4-r2-p97"),
("tour4-route2", "tour4-r2-p98"),
("tour4-route2", "tour4-r2-p99"),
("tour4-route2", "tour4-r2-p100"),
("tour4-route2", "tour4-r2-p101"),
("tour4-route2", "tour4-r2-p102"),
("tour4-route2", "tour4-r2-p103"),
("tour4-route2", "tour4-r2-p104"),
("tour4-route2", "tour4-r2-p105"),
("tour4-route2", "tour4-r2-p106"),
("tour4-route2", "tour4-r2-p107"),
("tour4-route2", "tour4-r2-p108"),
("tour4-route2", "tour4-r2-p109"),
("tour4-route2", "tour4-r2-p110"),
("tour4-route2", "tour4-r2-p111"),
("tour4-route2", "tour4-r2-p112"),
("tour4-route2", "tour4-r2-p113"),
("tour4-route2", "tour4-r2-p114"),
("tour4-route2", "tour4-r2-p115"),
("tour4-route2", "tour4-r2-p116"),
("tour4-route2", "tour4-r2-p117"),
("tour4-route2", "tour4-r2-p118"),
("tour4-route2", "tour4-r2-p119"),
("tour4-route2", "tour4-r2-p120"),
("tour4-route2", "tour4-r2-p121"),
("tour4-route2", "tour4-r2-p122"),
("tour4-route2", "tour4-r2-p123"),
("tour4-route2", "tour4-r2-p124"),
("tour4-route2", "tour4-r2-p125"),
("tour4-route2", "tour4-r2-p126"),
("tour4-route2", "tour4-r2-p127"),
("tour4-route2", "tour4-r2-p128"),
("tour4-route2", "tour4-r2-p129"),
("tour4-route2", "tour4-r2-p130"),
("tour4-route2", "tour4-r2-p131"),
("tour4-route2", "tour4-r2-p132"),
("tour4-route2", "tour4-r2-p133"),
("tour4-route2", "tour4-r2-p134"),
("tour4-route2", "tour4-r2-p135"),
("tour4-route2", "tour4-r2-p136"),
("tour4-route2", "tour4-r2-p137"),
("tour4-route2", "tour4-r2-p138"),
("tour4-route2", "tour4-r2-p139"),
("tour4-route2", "tour4-r2-p140"),
("tour4-route2", "tour4-r2-p141"),
("tour4-route2", "tour4-r2-p142"),
("tour4-route2", "tour4-r2-p143"),
("tour4-route2", "tour4-r2-p144"),
("tour4-route2", "tour4-r2-p145"),
("tour4-route2", "tour4-r2-p146"),
("tour4-route2", "tour4-r2-p147"),
("tour4-route2", "tour4-r2-p148"),
("tour4-route2", "tour4-r2-p149"),
("tour4-route2", "tour4-r2-p150"),
("tour4-route2", "tour4-r2-p151"),
("tour4-route2", "tour4-r2-p152"),
("tour4-route2", "tour4-r2-p153"),
("tour4-route2", "tour4-r2-p154"),
("tour4-route2", "tour4-r2-p155"),
("tour4-route2", "tour4-r2-p156"),
("tour4-route2", "tour4-r2-p157"),
("tour4-route2", "tour4-r2-p158"),
("tour4-route2", "tour4-r2-p159"),
("tour4-route2", "tour4-r2-p160"),
("tour4-route2", "tour4-r2-p161"),
("tour4-route2", "tour4-r2-p162"),
("tour4-route2", "tour4-r2-p163"),
("tour4-route2", "tour4-r2-p164"),
("tour4-route2", "tour4-r2-p165"),
("tour4-route2", "tour4-r2-p166"),
("tour4-route2", "tour4-r2-p167"),
("tour4-route2", "tour4-r2-p168"),
("tour4-route2", "tour4-r2-p169"),
("tour4-route2", "tour4-r2-p170"),
("tour4-route2", "tour4-r2-p171"),
("tour4-route2", "tour4-r2-p172"),
("tour4-route2", "tour4-r2-p173"),
("tour4-route2", "tour4-r2-p174"),
("tour4-route2", "tour4-r2-p175"),
("tour4-route2", "tour4-r2-p176"),
("tour4-route2", "tour4-r2-p177"),
("tour4-route2", "tour4-r2-p178"),
("tour4-route2", "tour4-r2-p179"),
("tour4-route2", "tour4-r2-p180"),
("tour4-route2", "tour4-r2-p181"),
("tour4-route2", "tour4-r2-p182"),
("tour4-route2", "tour4-r2-p183"),
("tour4-route2", "tour4-r2-p184"),
("tour4-route2", "tour4-r2-p185"),
("tour4-route2", "tour4-r2-p186");

-- tour - location
INSERT INTO tour_locations (tour_id, location_id) VALUES 
("tour4", "ThaoCamVien"),
("tour4", "PhoDiBoNguyenHue"),
("tour4", "PhoTayBuiVien");
